Tanggal,Product_Name,Prediksi_ARIMA
2026-05-01,Celana Jeans,118.66
2026-05-02,Celana Jeans,109.83
2026-05-03,Celana Jeans,108.16
2026-05-04,Celana Jeans,107.84
2026-05-05,Celana Jeans,107.77
2026-05-06,Celana Jeans,107.76
2026-05-07,Celana Jeans,107.76
2026-05-08,Celana Jeans,107.76
2026-05-09,Celana Jeans,107.76
2026-05-10,Celana Jeans,107.76
2026-05-11,Celana Jeans,107.76
2026-05-12,Celana Jeans,107.76
2026-05-13,Celana Jeans,107.76
2026-05-14,Celana Jeans,107.76
2026-05-15,Celana Jeans,107.76
2026-05-16,Celana Jeans,107.76
2026-05-17,Celana Jeans,107.76
2026-05-18,Celana Jeans,107.76
2026-05-19,Celana Jeans,107.76
2026-05-20,Celana Jeans,107.76
2026-05-21,Celana Jeans,107.76
2026-05-22,Celana Jeans,107.76
2026-05-23,Celana Jeans,107.76
2026-05-24,Celana Jeans,107.76
2026-05-25,Celana Jeans,107.76
2026-05-26,Celana Jeans,107.76
2026-05-27,Celana Jeans,107.76
2026-05-28,Celana Jeans,107.76
2026-05-29,Celana Jeans,107.76
2026-05-30,Celana Jeans,107.76
2026-05-31,Celana Jeans,107.76
2026-06-01,Celana Jeans,107.76
2026-06-02,Celana Jeans,107.76
2026-06-03,Celana Jeans,107.76
2026-06-04,Celana Jeans,107.76
2026-06-05,Celana Jeans,107.76
2026-06-06,Celana Jeans,107.76
2026-06-07,Celana Jeans,107.76
2026-06-08,Celana Jeans,107.76
2026-06-09,Celana Jeans,107.76
2026-06-10,Celana Jeans,107.76
2026-06-11,Celana Jeans,107.76
2026-06-12,Celana Jeans,107.76
2026-06-13,Celana Jeans,107.76
2026-06-14,Celana Jeans,107.76
2026-06-15,Celana Jeans,107.76
2026-06-16,Celana Jeans,107.76
2026-06-17,Celana Jeans,107.76
2026-06-18,Celana Jeans,107.76
2026-06-19,Celana Jeans,107.76
2026-06-20,Celana Jeans,107.76
2026-06-21,Celana Jeans,107.76
2026-06-22,Celana Jeans,107.76
2026-06-23,Celana Jeans,107.76
2026-06-24,Celana Jeans,107.76
2026-06-25,Celana Jeans,107.76
2026-06-26,Celana Jeans,107.76
2026-06-27,Celana Jeans,107.76
2026-06-28,Celana Jeans,107.76
2026-06-29,Celana Jeans,107.76
2026-06-30,Celana Jeans,107.76
2026-07-01,Celana Jeans,107.76
2026-07-02,Celana Jeans,107.76
2026-07-03,Celana Jeans,107.76
2026-07-04,Celana Jeans,107.76
2026-07-05,Celana Jeans,107.76
2026-07-06,Celana Jeans,107.76
2026-07-07,Celana Jeans,107.76
2026-07-08,Celana Jeans,107.76
2026-07-09,Celana Jeans,107.76
2026-07-10,Celana Jeans,107.76
2026-07-11,Celana Jeans,107.76
2026-07-12,Celana Jeans,107.76
2026-07-13,Celana Jeans,107.76
2026-07-14,Celana Jeans,107.76
2026-07-15,Celana Jeans,107.76
2026-07-16,Celana Jeans,107.76
2026-07-17,Celana Jeans,107.76
2026-07-18,Celana Jeans,107.76
2026-07-19,Celana Jeans,107.76
2026-07-20,Celana Jeans,107.76
2026-07-21,Celana Jeans,107.76
2026-07-22,Celana Jeans,107.76
2026-07-23,Celana Jeans,107.76
2026-07-24,Celana Jeans,107.76
2026-07-25,Celana Jeans,107.76
2026-07-26,Celana Jeans,107.76
2026-07-27,Celana Jeans,107.76
2026-07-28,Celana Jeans,107.76
2026-07-29,Celana Jeans,107.76
2026-05-01,Kaos,84.14
2026-05-02,Kaos,78.7
2026-05-03,Kaos,77.83
2026-05-04,Kaos,77.69
2026-05-05,Kaos,77.66
2026-05-06,Kaos,77.66
2026-05-07,Kaos,77.66
2026-05-08,Kaos,77.66
2026-05-09,Kaos,77.66
2026-05-10,Kaos,77.66
2026-05-11,Kaos,77.66
2026-05-12,Kaos,77.66
2026-05-13,Kaos,77.66
2026-05-14,Kaos,77.66
2026-05-15,Kaos,77.66
2026-05-16,Kaos,77.66
2026-05-17,Kaos,77.66
2026-05-18,Kaos,77.66
2026-05-19,Kaos,77.66
2026-05-20,Kaos,77.66
2026-05-21,Kaos,77.66
2026-05-22,Kaos,77.66
2026-05-23,Kaos,77.66
2026-05-24,Kaos,77.66
2026-05-25,Kaos,77.66
2026-05-26,Kaos,77.66
2026-05-27,Kaos,77.66
2026-05-28,Kaos,77.66
2026-05-29,Kaos,77.66
2026-05-30,Kaos,77.66
2026-05-31,Kaos,77.66
2026-06-01,Kaos,77.66
2026-06-02,Kaos,77.66
2026-06-03,Kaos,77.66
2026-06-04,Kaos,77.66
2026-06-05,Kaos,77.66
2026-06-06,Kaos,77.66
2026-06-07,Kaos,77.66
2026-06-08,Kaos,77.66
2026-06-09,Kaos,77.66
2026-06-10,Kaos,77.66
2026-06-11,Kaos,77.66
2026-06-12,Kaos,77.66
2026-06-13,Kaos,77.66
2026-06-14,Kaos,77.66
2026-06-15,Kaos,77.66
2026-06-16,Kaos,77.66
2026-06-17,Kaos,77.66
2026-06-18,Kaos,77.66
2026-06-19,Kaos,77.66
2026-06-20,Kaos,77.66
2026-06-21,Kaos,77.66
2026-06-22,Kaos,77.66
2026-06-23,Kaos,77.66
2026-06-24,Kaos,77.66
2026-06-25,Kaos,77.66
2026-06-26,Kaos,77.66
2026-06-27,Kaos,77.66
2026-06-28,Kaos,77.66
2026-06-29,Kaos,77.66
2026-06-30,Kaos,77.66
2026-07-01,Kaos,77.66
2026-07-02,Kaos,77.66
2026-07-03,Kaos,77.66
2026-07-04,Kaos,77.66
2026-07-05,Kaos,77.66
2026-07-06,Kaos,77.66
2026-07-07,Kaos,77.66
2026-07-08,Kaos,77.66
2026-07-09,Kaos,77.66
2026-07-10,Kaos,77.66
2026-07-11,Kaos,77.66
2026-07-12,Kaos,77.66
2026-07-13,Kaos,77.66
2026-07-14,Kaos,77.66
2026-07-15,Kaos,77.66
2026-07-16,Kaos,77.66
2026-07-17,Kaos,77.66
2026-07-18,Kaos,77.66
2026-07-19,Kaos,77.66
2026-07-20,Kaos,77.66
2026-07-21,Kaos,77.66
2026-07-22,Kaos,77.66
2026-07-23,Kaos,77.66
2026-07-24,Kaos,77.66
2026-07-25,Kaos,77.66
2026-07-26,Kaos,77.66
2026-07-27,Kaos,77.66
2026-07-28,Kaos,77.66
2026-07-29,Kaos,77.66
2026-05-01,Celana Formal,100.94
2026-05-02,Celana Formal,94.46
2026-05-03,Celana Formal,93.58
2026-05-04,Celana Formal,93.47
2026-05-05,Celana Formal,93.45
2026-05-06,Celana Formal,93.45
2026-05-07,Celana Formal,93.45
2026-05-08,Celana Formal,93.45
2026-05-09,Celana Formal,93.45
2026-05-10,Celana Formal,93.45
2026-05-11,Celana Formal,93.45
2026-05-12,Celana Formal,93.45
2026-05-13,Celana Formal,93.45
2026-05-14,Celana Formal,93.45
2026-05-15,Celana Formal,93.45
2026-05-16,Celana Formal,93.45
2026-05-17,Celana Formal,93.45
2026-05-18,Celana Formal,93.45
2026-05-19,Celana Formal,93.45
2026-05-20,Celana Formal,93.45
2026-05-21,Celana Formal,93.45
2026-05-22,Celana Formal,93.45
2026-05-23,Celana Formal,93.45
2026-05-24,Celana Formal,93.45
2026-05-25,Celana Formal,93.45
2026-05-26,Celana Formal,93.45
2026-05-27,Celana Formal,93.45
2026-05-28,Celana Formal,93.45
2026-05-29,Celana Formal,93.45
2026-05-30,Celana Formal,93.45
2026-05-31,Celana Formal,93.45
2026-06-01,Celana Formal,93.45
2026-06-02,Celana Formal,93.45
2026-06-03,Celana Formal,93.45
2026-06-04,Celana Formal,93.45
2026-06-05,Celana Formal,93.45
2026-06-06,Celana Formal,93.45
2026-06-07,Celana Formal,93.45
2026-06-08,Celana Formal,93.45
2026-06-09,Celana Formal,93.45
2026-06-10,Celana Formal,93.45
2026-06-11,Celana Formal,93.45
2026-06-12,Celana Formal,93.45
2026-06-13,Celana Formal,93.45
2026-06-14,Celana Formal,93.45
2026-06-15,Celana Formal,93.45
2026-06-16,Celana Formal,93.45
2026-06-17,Celana Formal,93.45
2026-06-18,Celana Formal,93.45
2026-06-19,Celana Formal,93.45
2026-06-20,Celana Formal,93.45
2026-06-21,Celana Formal,93.45
2026-06-22,Celana Formal,93.45
2026-06-23,Celana Formal,93.45
2026-06-24,Celana Formal,93.45
2026-06-25,Celana Formal,93.45
2026-06-26,Celana Formal,93.45
2026-06-27,Celana Formal,93.45
2026-06-28,Celana Formal,93.45
2026-06-29,Celana Formal,93.45
2026-06-30,Celana Formal,93.45
2026-07-01,Celana Formal,93.45
2026-07-02,Celana Formal,93.45
2026-07-03,Celana Formal,93.45
2026-07-04,Celana Formal,93.45
2026-07-05,Celana Formal,93.45
2026-07-06,Celana Formal,93.45
2026-07-07,Celana Formal,93.45
2026-07-08,Celana Formal,93.45
2026-07-09,Celana Formal,93.45
2026-07-10,Celana Formal,93.45
2026-07-11,Celana Formal,93.45
2026-07-12,Celana Formal,93.45
2026-07-13,Celana Formal,93.45
2026-07-14,Celana Formal,93.45
2026-07-15,Celana Formal,93.45
2026-07-16,Celana Formal,93.45
2026-07-17,Celana Formal,93.45
2026-07-18,Celana Formal,93.45
2026-07-19,Celana Formal,93.45
2026-07-20,Celana Formal,93.45
2026-07-21,Celana Formal,93.45
2026-07-22,Celana Formal,93.45
2026-07-23,Celana Formal,93.45
2026-07-24,Celana Formal,93.45
2026-07-25,Celana Formal,93.45
2026-07-26,Celana Formal,93.45
2026-07-27,Celana Formal,93.45
2026-07-28,Celana Formal,93.45
2026-07-29,Celana Formal,93.45
2026-05-01,Kemeja,82.65
2026-05-02,Kemeja,77.49
2026-05-03,Kemeja,76.76
2026-05-04,Kemeja,76.66
2026-05-05,Kemeja,76.64
2026-05-06,Kemeja,76.64
2026-05-07,Kemeja,76.64
2026-05-08,Kemeja,76.64
2026-05-09,Kemeja,76.64
2026-05-10,Kemeja,76.64
2026-05-11,Kemeja,76.64
2026-05-12,Kemeja,76.64
2026-05-13,Kemeja,76.64
2026-05-14,Kemeja,76.64
2026-05-15,Kemeja,76.64
2026-05-16,Kemeja,76.64
2026-05-17,Kemeja,76.64
2026-05-18,Kemeja,76.64
2026-05-19,Kemeja,76.64
2026-05-20,Kemeja,76.64
2026-05-21,Kemeja,76.64
2026-05-22,Kemeja,76.64
2026-05-23,Kemeja,76.64
2026-05-24,Kemeja,76.64
2026-05-25,Kemeja,76.64
2026-05-26,Kemeja,76.64
2026-05-27,Kemeja,76.64
2026-05-28,Kemeja,76.64
2026-05-29,Kemeja,76.64
2026-05-30,Kemeja,76.64
2026-05-31,Kemeja,76.64
2026-06-01,Kemeja,76.64
2026-06-02,Kemeja,76.64
2026-06-03,Kemeja,76.64
2026-06-04,Kemeja,76.64
2026-06-05,Kemeja,76.64
2026-06-06,Kemeja,76.64
2026-06-07,Kemeja,76.64
2026-06-08,Kemeja,76.64
2026-06-09,Kemeja,76.64
2026-06-10,Kemeja,76.64
2026-06-11,Kemeja,76.64
2026-06-12,Kemeja,76.64
2026-06-13,Kemeja,76.64
2026-06-14,Kemeja,76.64
2026-06-15,Kemeja,76.64
2026-06-16,Kemeja,76.64
2026-06-17,Kemeja,76.64
2026-06-18,Kemeja,76.64
2026-06-19,Kemeja,76.64
2026-06-20,Kemeja,76.64
2026-06-21,Kemeja,76.64
2026-06-22,Kemeja,76.64
2026-06-23,Kemeja,76.64
2026-06-24,Kemeja,76.64
2026-06-25,Kemeja,76.64
2026-06-26,Kemeja,76.64
2026-06-27,Kemeja,76.64
2026-06-28,Kemeja,76.64
2026-06-29,Kemeja,76.64
2026-06-30,Kemeja,76.64
2026-07-01,Kemeja,76.64
2026-07-02,Kemeja,76.64
2026-07-03,Kemeja,76.64
2026-07-04,Kemeja,76.64
2026-07-05,Kemeja,76.64
2026-07-06,Kemeja,76.64
2026-07-07,Kemeja,76.64
2026-07-08,Kemeja,76.64
2026-07-09,Kemeja,76.64
2026-07-10,Kemeja,76.64
2026-07-11,Kemeja,76.64
2026-07-12,Kemeja,76.64
2026-07-13,Kemeja,76.64
2026-07-14,Kemeja,76.64
2026-07-15,Kemeja,76.64
2026-07-16,Kemeja,76.64
2026-07-17,Kemeja,76.64
2026-07-18,Kemeja,76.64
2026-07-19,Kemeja,76.64
2026-07-20,Kemeja,76.64
2026-07-21,Kemeja,76.64
2026-07-22,Kemeja,76.64
2026-07-23,Kemeja,76.64
2026-07-24,Kemeja,76.64
2026-07-25,Kemeja,76.64
2026-07-26,Kemeja,76.64
2026-07-27,Kemeja,76.64
2026-07-28,Kemeja,76.64
2026-07-29,Kemeja,76.64
2026-05-01,Polo Shirt,74.96
2026-05-02,Polo Shirt,71.55
2026-05-03,Polo Shirt,71.21
2026-05-04,Polo Shirt,71.18
2026-05-05,Polo Shirt,71.17
2026-05-06,Polo Shirt,71.17
2026-05-07,Polo Shirt,71.17
2026-05-08,Polo Shirt,71.17
2026-05-09,Polo Shirt,71.17
2026-05-10,Polo Shirt,71.17
2026-05-11,Polo Shirt,71.17
2026-05-12,Polo Shirt,71.17
2026-05-13,Polo Shirt,71.17
2026-05-14,Polo Shirt,71.17
2026-05-15,Polo Shirt,71.17
2026-05-16,Polo Shirt,71.17
2026-05-17,Polo Shirt,71.17
2026-05-18,Polo Shirt,71.17
2026-05-19,Polo Shirt,71.17
2026-05-20,Polo Shirt,71.17
2026-05-21,Polo Shirt,71.17
2026-05-22,Polo Shirt,71.17
2026-05-23,Polo Shirt,71.17
2026-05-24,Polo Shirt,71.17
2026-05-25,Polo Shirt,71.17
2026-05-26,Polo Shirt,71.17
2026-05-27,Polo Shirt,71.17
2026-05-28,Polo Shirt,71.17
2026-05-29,Polo Shirt,71.17
2026-05-30,Polo Shirt,71.17
2026-05-31,Polo Shirt,71.17
2026-06-01,Polo Shirt,71.17
2026-06-02,Polo Shirt,71.17
2026-06-03,Polo Shirt,71.17
2026-06-04,Polo Shirt,71.17
2026-06-05,Polo Shirt,71.17
2026-06-06,Polo Shirt,71.17
2026-06-07,Polo Shirt,71.17
2026-06-08,Polo Shirt,71.17
2026-06-09,Polo Shirt,71.17
2026-06-10,Polo Shirt,71.17
2026-06-11,Polo Shirt,71.17
2026-06-12,Polo Shirt,71.17
2026-06-13,Polo Shirt,71.17
2026-06-14,Polo Shirt,71.17
2026-06-15,Polo Shirt,71.17
2026-06-16,Polo Shirt,71.17
2026-06-17,Polo Shirt,71.17
2026-06-18,Polo Shirt,71.17
2026-06-19,Polo Shirt,71.17
2026-06-20,Polo Shirt,71.17
2026-06-21,Polo Shirt,71.17
2026-06-22,Polo Shirt,71.17
2026-06-23,Polo Shirt,71.17
2026-06-24,Polo Shirt,71.17
2026-06-25,Polo Shirt,71.17
2026-06-26,Polo Shirt,71.17
2026-06-27,Polo Shirt,71.17
2026-06-28,Polo Shirt,71.17
2026-06-29,Polo Shirt,71.17
2026-06-30,Polo Shirt,71.17
2026-07-01,Polo Shirt,71.17
2026-07-02,Polo Shirt,71.17
2026-07-03,Polo Shirt,71.17
2026-07-04,Polo Shirt,71.17
2026-07-05,Polo Shirt,71.17
2026-07-06,Polo Shirt,71.17
2026-07-07,Polo Shirt,71.17
2026-07-08,Polo Shirt,71.17
2026-07-09,Polo Shirt,71.17
2026-07-10,Polo Shirt,71.17
2026-07-11,Polo Shirt,71.17
2026-07-12,Polo Shirt,71.17
2026-07-13,Polo Shirt,71.17
2026-07-14,Polo Shirt,71.17
2026-07-15,Polo Shirt,71.17
2026-07-16,Polo Shirt,71.17
2026-07-17,Polo Shirt,71.17
2026-07-18,Polo Shirt,71.17
2026-07-19,Polo Shirt,71.17
2026-07-20,Polo Shirt,71.17
2026-07-21,Polo Shirt,71.17
2026-07-22,Polo Shirt,71.17
2026-07-23,Polo Shirt,71.17
2026-07-24,Polo Shirt,71.17
2026-07-25,Polo Shirt,71.17
2026-07-26,Polo Shirt,71.17
2026-07-27,Polo Shirt,71.17
2026-07-28,Polo Shirt,71.17
2026-07-29,Polo Shirt,71.17
2026-05-01,Jaket,72.06
2026-05-02,Jaket,69.19
2026-05-03,Jaket,68.92
2026-05-04,Jaket,68.89
2026-05-05,Jaket,68.89
2026-05-06,Jaket,68.89
2026-05-07,Jaket,68.89
2026-05-08,Jaket,68.89
2026-05-09,Jaket,68.89
2026-05-10,Jaket,68.89
2026-05-11,Jaket,68.89
2026-05-12,Jaket,68.89
2026-05-13,Jaket,68.89
2026-05-14,Jaket,68.89
2026-05-15,Jaket,68.89
2026-05-16,Jaket,68.89
2026-05-17,Jaket,68.89
2026-05-18,Jaket,68.89
2026-05-19,Jaket,68.89
2026-05-20,Jaket,68.89
2026-05-21,Jaket,68.89
2026-05-22,Jaket,68.89
2026-05-23,Jaket,68.89
2026-05-24,Jaket,68.89
2026-05-25,Jaket,68.89
2026-05-26,Jaket,68.89
2026-05-27,Jaket,68.89
2026-05-28,Jaket,68.89
2026-05-29,Jaket,68.89
2026-05-30,Jaket,68.89
2026-05-31,Jaket,68.89
2026-06-01,Jaket,68.89
2026-06-02,Jaket,68.89
2026-06-03,Jaket,68.89
2026-06-04,Jaket,68.89
2026-06-05,Jaket,68.89
2026-06-06,Jaket,68.89
2026-06-07,Jaket,68.89
2026-06-08,Jaket,68.89
2026-06-09,Jaket,68.89
2026-06-10,Jaket,68.89
2026-06-11,Jaket,68.89
2026-06-12,Jaket,68.89
2026-06-13,Jaket,68.89
2026-06-14,Jaket,68.89
2026-06-15,Jaket,68.89
2026-06-16,Jaket,68.89
2026-06-17,Jaket,68.89
2026-06-18,Jaket,68.89
2026-06-19,Jaket,68.89
2026-06-20,Jaket,68.89
2026-06-21,Jaket,68.89
2026-06-22,Jaket,68.89
2026-06-23,Jaket,68.89
2026-06-24,Jaket,68.89
2026-06-25,Jaket,68.89
2026-06-26,Jaket,68.89
2026-06-27,Jaket,68.89
2026-06-28,Jaket,68.89
2026-06-29,Jaket,68.89
2026-06-30,Jaket,68.89
2026-07-01,Jaket,68.89
2026-07-02,Jaket,68.89
2026-07-03,Jaket,68.89
2026-07-04,Jaket,68.89
2026-07-05,Jaket,68.89
2026-07-06,Jaket,68.89
2026-07-07,Jaket,68.89
2026-07-08,Jaket,68.89
2026-07-09,Jaket,68.89
2026-07-10,Jaket,68.89
2026-07-11,Jaket,68.89
2026-07-12,Jaket,68.89
2026-07-13,Jaket,68.89
2026-07-14,Jaket,68.89
2026-07-15,Jaket,68.89
2026-07-16,Jaket,68.89
2026-07-17,Jaket,68.89
2026-07-18,Jaket,68.89
2026-07-19,Jaket,68.89
2026-07-20,Jaket,68.89
2026-07-21,Jaket,68.89
2026-07-22,Jaket,68.89
2026-07-23,Jaket,68.89
2026-07-24,Jaket,68.89
2026-07-25,Jaket,68.89
2026-07-26,Jaket,68.89
2026-07-27,Jaket,68.89
2026-07-28,Jaket,68.89
2026-07-29,Jaket,68.89
2026-05-01,Setelan Anak,71.08
2026-05-02,Setelan Anak,65.95
2026-05-03,Setelan Anak,65.47
2026-05-04,Setelan Anak,65.42
2026-05-05,Setelan Anak,65.42
2026-05-06,Setelan Anak,65.42
2026-05-07,Setelan Anak,65.42
2026-05-08,Setelan Anak,65.42
2026-05-09,Setelan Anak,65.42
2026-05-10,Setelan Anak,65.42
2026-05-11,Setelan Anak,65.42
2026-05-12,Setelan Anak,65.42
2026-05-13,Setelan Anak,65.42
2026-05-14,Setelan Anak,65.42
2026-05-15,Setelan Anak,65.42
2026-05-16,Setelan Anak,65.42
2026-05-17,Setelan Anak,65.42
2026-05-18,Setelan Anak,65.42
2026-05-19,Setelan Anak,65.42
2026-05-20,Setelan Anak,65.42
2026-05-21,Setelan Anak,65.42
2026-05-22,Setelan Anak,65.42
2026-05-23,Setelan Anak,65.42
2026-05-24,Setelan Anak,65.42
2026-05-25,Setelan Anak,65.42
2026-05-26,Setelan Anak,65.42
2026-05-27,Setelan Anak,65.42
2026-05-28,Setelan Anak,65.42
2026-05-29,Setelan Anak,65.42
2026-05-30,Setelan Anak,65.42
2026-05-31,Setelan Anak,65.42
2026-06-01,Setelan Anak,65.42
2026-06-02,Setelan Anak,65.42
2026-06-03,Setelan Anak,65.42
2026-06-04,Setelan Anak,65.42
2026-06-05,Setelan Anak,65.42
2026-06-06,Setelan Anak,65.42
2026-06-07,Setelan Anak,65.42
2026-06-08,Setelan Anak,65.42
2026-06-09,Setelan Anak,65.42
2026-06-10,Setelan Anak,65.42
2026-06-11,Setelan Anak,65.42
2026-06-12,Setelan Anak,65.42
2026-06-13,Setelan Anak,65.42
2026-06-14,Setelan Anak,65.42
2026-06-15,Setelan Anak,65.42
2026-06-16,Setelan Anak,65.42
2026-06-17,Setelan Anak,65.42
2026-06-18,Setelan Anak,65.42
2026-06-19,Setelan Anak,65.42
2026-06-20,Setelan Anak,65.42
2026-06-21,Setelan Anak,65.42
2026-06-22,Setelan Anak,65.42
2026-06-23,Setelan Anak,65.42
2026-06-24,Setelan Anak,65.42
2026-06-25,Setelan Anak,65.42
2026-06-26,Setelan Anak,65.42
2026-06-27,Setelan Anak,65.42
2026-06-28,Setelan Anak,65.42
2026-06-29,Setelan Anak,65.42
2026-06-30,Setelan Anak,65.42
2026-07-01,Setelan Anak,65.42
2026-07-02,Setelan Anak,65.42
2026-07-03,Setelan Anak,65.42
2026-07-04,Setelan Anak,65.42
2026-07-05,Setelan Anak,65.42
2026-07-06,Setelan Anak,65.42
2026-07-07,Setelan Anak,65.42
2026-07-08,Setelan Anak,65.42
2026-07-09,Setelan Anak,65.42
2026-07-10,Setelan Anak,65.42
2026-07-11,Setelan Anak,65.42
2026-07-12,Setelan Anak,65.42
2026-07-13,Setelan Anak,65.42
2026-07-14,Setelan Anak,65.42
2026-07-15,Setelan Anak,65.42
2026-07-16,Setelan Anak,65.42
2026-07-17,Setelan Anak,65.42
2026-07-18,Setelan Anak,65.42
2026-07-19,Setelan Anak,65.42
2026-07-20,Setelan Anak,65.42
2026-07-21,Setelan Anak,65.42
2026-07-22,Setelan Anak,65.42
2026-07-23,Setelan Anak,65.42
2026-07-24,Setelan Anak,65.42
2026-07-25,Setelan Anak,65.42
2026-07-26,Setelan Anak,65.42
2026-07-27,Setelan Anak,65.42
2026-07-28,Setelan Anak,65.42
2026-07-29,Setelan Anak,65.42
2026-05-01,Palazzo Pants,39.46
2026-05-02,Palazzo Pants,37.63
2026-05-03,Palazzo Pants,37.45
2026-05-04,Palazzo Pants,37.43
2026-05-05,Palazzo Pants,37.43
2026-05-06,Palazzo Pants,37.43
2026-05-07,Palazzo Pants,37.43
2026-05-08,Palazzo Pants,37.43
2026-05-09,Palazzo Pants,37.43
2026-05-10,Palazzo Pants,37.43
2026-05-11,Palazzo Pants,37.43
2026-05-12,Palazzo Pants,37.43
2026-05-13,Palazzo Pants,37.43
2026-05-14,Palazzo Pants,37.43
2026-05-15,Palazzo Pants,37.43
2026-05-16,Palazzo Pants,37.43
2026-05-17,Palazzo Pants,37.43
2026-05-18,Palazzo Pants,37.43
2026-05-19,Palazzo Pants,37.43
2026-05-20,Palazzo Pants,37.43
2026-05-21,Palazzo Pants,37.43
2026-05-22,Palazzo Pants,37.43
2026-05-23,Palazzo Pants,37.43
2026-05-24,Palazzo Pants,37.43
2026-05-25,Palazzo Pants,37.43
2026-05-26,Palazzo Pants,37.43
2026-05-27,Palazzo Pants,37.43
2026-05-28,Palazzo Pants,37.43
2026-05-29,Palazzo Pants,37.43
2026-05-30,Palazzo Pants,37.43
2026-05-31,Palazzo Pants,37.43
2026-06-01,Palazzo Pants,37.43
2026-06-02,Palazzo Pants,37.43
2026-06-03,Palazzo Pants,37.43
2026-06-04,Palazzo Pants,37.43
2026-06-05,Palazzo Pants,37.43
2026-06-06,Palazzo Pants,37.43
2026-06-07,Palazzo Pants,37.43
2026-06-08,Palazzo Pants,37.43
2026-06-09,Palazzo Pants,37.43
2026-06-10,Palazzo Pants,37.43
2026-06-11,Palazzo Pants,37.43
2026-06-12,Palazzo Pants,37.43
2026-06-13,Palazzo Pants,37.43
2026-06-14,Palazzo Pants,37.43
2026-06-15,Palazzo Pants,37.43
2026-06-16,Palazzo Pants,37.43
2026-06-17,Palazzo Pants,37.43
2026-06-18,Palazzo Pants,37.43
2026-06-19,Palazzo Pants,37.43
2026-06-20,Palazzo Pants,37.43
2026-06-21,Palazzo Pants,37.43
2026-06-22,Palazzo Pants,37.43
2026-06-23,Palazzo Pants,37.43
2026-06-24,Palazzo Pants,37.43
2026-06-25,Palazzo Pants,37.43
2026-06-26,Palazzo Pants,37.43
2026-06-27,Palazzo Pants,37.43
2026-06-28,Palazzo Pants,37.43
2026-06-29,Palazzo Pants,37.43
2026-06-30,Palazzo Pants,37.43
2026-07-01,Palazzo Pants,37.43
2026-07-02,Palazzo Pants,37.43
2026-07-03,Palazzo Pants,37.43
2026-07-04,Palazzo Pants,37.43
2026-07-05,Palazzo Pants,37.43
2026-07-06,Palazzo Pants,37.43
2026-07-07,Palazzo Pants,37.43
2026-07-08,Palazzo Pants,37.43
2026-07-09,Palazzo Pants,37.43
2026-07-10,Palazzo Pants,37.43
2026-07-11,Palazzo Pants,37.43
2026-07-12,Palazzo Pants,37.43
2026-07-13,Palazzo Pants,37.43
2026-07-14,Palazzo Pants,37.43
2026-07-15,Palazzo Pants,37.43
2026-07-16,Palazzo Pants,37.43
2026-07-17,Palazzo Pants,37.43
2026-07-18,Palazzo Pants,37.43
2026-07-19,Palazzo Pants,37.43
2026-07-20,Palazzo Pants,37.43
2026-07-21,Palazzo Pants,37.43
2026-07-22,Palazzo Pants,37.43
2026-07-23,Palazzo Pants,37.43
2026-07-24,Palazzo Pants,37.43
2026-07-25,Palazzo Pants,37.43
2026-07-26,Palazzo Pants,37.43
2026-07-27,Palazzo Pants,37.43
2026-07-28,Palazzo Pants,37.43
2026-07-29,Palazzo Pants,37.43
2026-05-01,Jogger Pants,78.74
2026-05-02,Jogger Pants,79.71
2026-05-03,Jogger Pants,79.69
2026-05-04,Jogger Pants,79.69
2026-05-05,Jogger Pants,79.69
2026-05-06,Jogger Pants,79.69
2026-05-07,Jogger Pants,79.69
2026-05-08,Jogger Pants,79.69
2026-05-09,Jogger Pants,79.69
2026-05-10,Jogger Pants,79.69
2026-05-11,Jogger Pants,79.69
2026-05-12,Jogger Pants,79.69
2026-05-13,Jogger Pants,79.69
2026-05-14,Jogger Pants,79.69
2026-05-15,Jogger Pants,79.69
2026-05-16,Jogger Pants,79.69
2026-05-17,Jogger Pants,79.69
2026-05-18,Jogger Pants,79.69
2026-05-19,Jogger Pants,79.69
2026-05-20,Jogger Pants,79.69
2026-05-21,Jogger Pants,79.69
2026-05-22,Jogger Pants,79.69
2026-05-23,Jogger Pants,79.69
2026-05-24,Jogger Pants,79.69
2026-05-25,Jogger Pants,79.69
2026-05-26,Jogger Pants,79.69
2026-05-27,Jogger Pants,79.69
2026-05-28,Jogger Pants,79.69
2026-05-29,Jogger Pants,79.69
2026-05-30,Jogger Pants,79.69
2026-05-31,Jogger Pants,79.69
2026-06-01,Jogger Pants,79.69
2026-06-02,Jogger Pants,79.69
2026-06-03,Jogger Pants,79.69
2026-06-04,Jogger Pants,79.69
2026-06-05,Jogger Pants,79.69
2026-06-06,Jogger Pants,79.69
2026-06-07,Jogger Pants,79.69
2026-06-08,Jogger Pants,79.69
2026-06-09,Jogger Pants,79.69
2026-06-10,Jogger Pants,79.69
2026-06-11,Jogger Pants,79.69
2026-06-12,Jogger Pants,79.69
2026-06-13,Jogger Pants,79.69
2026-06-14,Jogger Pants,79.69
2026-06-15,Jogger Pants,79.69
2026-06-16,Jogger Pants,79.69
2026-06-17,Jogger Pants,79.69
2026-06-18,Jogger Pants,79.69
2026-06-19,Jogger Pants,79.69
2026-06-20,Jogger Pants,79.69
2026-06-21,Jogger Pants,79.69
2026-06-22,Jogger Pants,79.69
2026-06-23,Jogger Pants,79.69
2026-06-24,Jogger Pants,79.69
2026-06-25,Jogger Pants,79.69
2026-06-26,Jogger Pants,79.69
2026-06-27,Jogger Pants,79.69
2026-06-28,Jogger Pants,79.69
2026-06-29,Jogger Pants,79.69
2026-06-30,Jogger Pants,79.69
2026-07-01,Jogger Pants,79.69
2026-07-02,Jogger Pants,79.69
2026-07-03,Jogger Pants,79.69
2026-07-04,Jogger Pants,79.69
2026-07-05,Jogger Pants,79.69
2026-07-06,Jogger Pants,79.69
2026-07-07,Jogger Pants,79.69
2026-07-08,Jogger Pants,79.69
2026-07-09,Jogger Pants,79.69
2026-07-10,Jogger Pants,79.69
2026-07-11,Jogger Pants,79.69
2026-07-12,Jogger Pants,79.69
2026-07-13,Jogger Pants,79.69
2026-07-14,Jogger Pants,79.69
2026-07-15,Jogger Pants,79.69
2026-07-16,Jogger Pants,79.69
2026-07-17,Jogger Pants,79.69
2026-07-18,Jogger Pants,79.69
2026-07-19,Jogger Pants,79.69
2026-07-20,Jogger Pants,79.69
2026-07-21,Jogger Pants,79.69
2026-07-22,Jogger Pants,79.69
2026-07-23,Jogger Pants,79.69
2026-07-24,Jogger Pants,79.69
2026-07-25,Jogger Pants,79.69
2026-07-26,Jogger Pants,79.69
2026-07-27,Jogger Pants,79.69
2026-07-28,Jogger Pants,79.69
2026-07-29,Jogger Pants,79.69
2026-05-01,Blouse,51.86
2026-05-02,Blouse,51.07
2026-05-03,Blouse,51.04
2026-05-04,Blouse,51.04
2026-05-05,Blouse,51.04
2026-05-06,Blouse,51.04
2026-05-07,Blouse,51.04
2026-05-08,Blouse,51.04
2026-05-09,Blouse,51.04
2026-05-10,Blouse,51.04
2026-05-11,Blouse,51.04
2026-05-12,Blouse,51.04
2026-05-13,Blouse,51.04
2026-05-14,Blouse,51.04
2026-05-15,Blouse,51.04
2026-05-16,Blouse,51.04
2026-05-17,Blouse,51.04
2026-05-18,Blouse,51.04
2026-05-19,Blouse,51.04
2026-05-20,Blouse,51.04
2026-05-21,Blouse,51.04
2026-05-22,Blouse,51.04
2026-05-23,Blouse,51.04
2026-05-24,Blouse,51.04
2026-05-25,Blouse,51.04
2026-05-26,Blouse,51.04
2026-05-27,Blouse,51.04
2026-05-28,Blouse,51.04
2026-05-29,Blouse,51.04
2026-05-30,Blouse,51.04
2026-05-31,Blouse,51.04
2026-06-01,Blouse,51.04
2026-06-02,Blouse,51.04
2026-06-03,Blouse,51.04
2026-06-04,Blouse,51.04
2026-06-05,Blouse,51.04
2026-06-06,Blouse,51.04
2026-06-07,Blouse,51.04
2026-06-08,Blouse,51.04
2026-06-09,Blouse,51.04
2026-06-10,Blouse,51.04
2026-06-11,Blouse,51.04
2026-06-12,Blouse,51.04
2026-06-13,Blouse,51.04
2026-06-14,Blouse,51.04
2026-06-15,Blouse,51.04
2026-06-16,Blouse,51.04
2026-06-17,Blouse,51.04
2026-06-18,Blouse,51.04
2026-06-19,Blouse,51.04
2026-06-20,Blouse,51.04
2026-06-21,Blouse,51.04
2026-06-22,Blouse,51.04
2026-06-23,Blouse,51.04
2026-06-24,Blouse,51.04
2026-06-25,Blouse,51.04
2026-06-26,Blouse,51.04
2026-06-27,Blouse,51.04
2026-06-28,Blouse,51.04
2026-06-29,Blouse,51.04
2026-06-30,Blouse,51.04
2026-07-01,Blouse,51.04
2026-07-02,Blouse,51.04
2026-07-03,Blouse,51.04
2026-07-04,Blouse,51.04
2026-07-05,Blouse,51.04
2026-07-06,Blouse,51.04
2026-07-07,Blouse,51.04
2026-07-08,Blouse,51.04
2026-07-09,Blouse,51.04
2026-07-10,Blouse,51.04
2026-07-11,Blouse,51.04
2026-07-12,Blouse,51.04
2026-07-13,Blouse,51.04
2026-07-14,Blouse,51.04
2026-07-15,Blouse,51.04
2026-07-16,Blouse,51.04
2026-07-17,Blouse,51.04
2026-07-18,Blouse,51.04
2026-07-19,Blouse,51.04
2026-07-20,Blouse,51.04
2026-07-21,Blouse,51.04
2026-07-22,Blouse,51.04
2026-07-23,Blouse,51.04
2026-07-24,Blouse,51.04
2026-07-25,Blouse,51.04
2026-07-26,Blouse,51.04
2026-07-27,Blouse,51.04
2026-07-28,Blouse,51.04
2026-07-29,Blouse,51.04
2026-05-01,Celana Chino,81.57
2026-05-02,Celana Chino,83.15
2026-05-03,Celana Chino,83.1
2026-05-04,Celana Chino,83.1
2026-05-05,Celana Chino,83.1
2026-05-06,Celana Chino,83.1
2026-05-07,Celana Chino,83.1
2026-05-08,Celana Chino,83.1
2026-05-09,Celana Chino,83.1
2026-05-10,Celana Chino,83.1
2026-05-11,Celana Chino,83.1
2026-05-12,Celana Chino,83.1
2026-05-13,Celana Chino,83.1
2026-05-14,Celana Chino,83.1
2026-05-15,Celana Chino,83.1
2026-05-16,Celana Chino,83.1
2026-05-17,Celana Chino,83.1
2026-05-18,Celana Chino,83.1
2026-05-19,Celana Chino,83.1
2026-05-20,Celana Chino,83.1
2026-05-21,Celana Chino,83.1
2026-05-22,Celana Chino,83.1
2026-05-23,Celana Chino,83.1
2026-05-24,Celana Chino,83.1
2026-05-25,Celana Chino,83.1
2026-05-26,Celana Chino,83.1
2026-05-27,Celana Chino,83.1
2026-05-28,Celana Chino,83.1
2026-05-29,Celana Chino,83.1
2026-05-30,Celana Chino,83.1
2026-05-31,Celana Chino,83.1
2026-06-01,Celana Chino,83.1
2026-06-02,Celana Chino,83.1
2026-06-03,Celana Chino,83.1
2026-06-04,Celana Chino,83.1
2026-06-05,Celana Chino,83.1
2026-06-06,Celana Chino,83.1
2026-06-07,Celana Chino,83.1
2026-06-08,Celana Chino,83.1
2026-06-09,Celana Chino,83.1
2026-06-10,Celana Chino,83.1
2026-06-11,Celana Chino,83.1
2026-06-12,Celana Chino,83.1
2026-06-13,Celana Chino,83.1
2026-06-14,Celana Chino,83.1
2026-06-15,Celana Chino,83.1
2026-06-16,Celana Chino,83.1
2026-06-17,Celana Chino,83.1
2026-06-18,Celana Chino,83.1
2026-06-19,Celana Chino,83.1
2026-06-20,Celana Chino,83.1
2026-06-21,Celana Chino,83.1
2026-06-22,Celana Chino,83.1
2026-06-23,Celana Chino,83.1
2026-06-24,Celana Chino,83.1
2026-06-25,Celana Chino,83.1
2026-06-26,Celana Chino,83.1
2026-06-27,Celana Chino,83.1
2026-06-28,Celana Chino,83.1
2026-06-29,Celana Chino,83.1
2026-06-30,Celana Chino,83.1
2026-07-01,Celana Chino,83.1
2026-07-02,Celana Chino,83.1
2026-07-03,Celana Chino,83.1
2026-07-04,Celana Chino,83.1
2026-07-05,Celana Chino,83.1
2026-07-06,Celana Chino,83.1
2026-07-07,Celana Chino,83.1
2026-07-08,Celana Chino,83.1
2026-07-09,Celana Chino,83.1
2026-07-10,Celana Chino,83.1
2026-07-11,Celana Chino,83.1
2026-07-12,Celana Chino,83.1
2026-07-13,Celana Chino,83.1
2026-07-14,Celana Chino,83.1
2026-07-15,Celana Chino,83.1
2026-07-16,Celana Chino,83.1
2026-07-17,Celana Chino,83.1
2026-07-18,Celana Chino,83.1
2026-07-19,Celana Chino,83.1
2026-07-20,Celana Chino,83.1
2026-07-21,Celana Chino,83.1
2026-07-22,Celana Chino,83.1
2026-07-23,Celana Chino,83.1
2026-07-24,Celana Chino,83.1
2026-07-25,Celana Chino,83.1
2026-07-26,Celana Chino,83.1
2026-07-27,Celana Chino,83.1
2026-07-28,Celana Chino,83.1
2026-07-29,Celana Chino,83.1
2026-05-01,Kaos Anak,51.74
2026-05-02,Kaos Anak,51.2
2026-05-03,Kaos Anak,51.19
2026-05-04,Kaos Anak,51.19
2026-05-05,Kaos Anak,51.19
2026-05-06,Kaos Anak,51.19
2026-05-07,Kaos Anak,51.19
2026-05-08,Kaos Anak,51.19
2026-05-09,Kaos Anak,51.19
2026-05-10,Kaos Anak,51.19
2026-05-11,Kaos Anak,51.19
2026-05-12,Kaos Anak,51.19
2026-05-13,Kaos Anak,51.19
2026-05-14,Kaos Anak,51.19
2026-05-15,Kaos Anak,51.19
2026-05-16,Kaos Anak,51.19
2026-05-17,Kaos Anak,51.19
2026-05-18,Kaos Anak,51.19
2026-05-19,Kaos Anak,51.19
2026-05-20,Kaos Anak,51.19
2026-05-21,Kaos Anak,51.19
2026-05-22,Kaos Anak,51.19
2026-05-23,Kaos Anak,51.19
2026-05-24,Kaos Anak,51.19
2026-05-25,Kaos Anak,51.19
2026-05-26,Kaos Anak,51.19
2026-05-27,Kaos Anak,51.19
2026-05-28,Kaos Anak,51.19
2026-05-29,Kaos Anak,51.19
2026-05-30,Kaos Anak,51.19
2026-05-31,Kaos Anak,51.19
2026-06-01,Kaos Anak,51.19
2026-06-02,Kaos Anak,51.19
2026-06-03,Kaos Anak,51.19
2026-06-04,Kaos Anak,51.19
2026-06-05,Kaos Anak,51.19
2026-06-06,Kaos Anak,51.19
2026-06-07,Kaos Anak,51.19
2026-06-08,Kaos Anak,51.19
2026-06-09,Kaos Anak,51.19
2026-06-10,Kaos Anak,51.19
2026-06-11,Kaos Anak,51.19
2026-06-12,Kaos Anak,51.19
2026-06-13,Kaos Anak,51.19
2026-06-14,Kaos Anak,51.19
2026-06-15,Kaos Anak,51.19
2026-06-16,Kaos Anak,51.19
2026-06-17,Kaos Anak,51.19
2026-06-18,Kaos Anak,51.19
2026-06-19,Kaos Anak,51.19
2026-06-20,Kaos Anak,51.19
2026-06-21,Kaos Anak,51.19
2026-06-22,Kaos Anak,51.19
2026-06-23,Kaos Anak,51.19
2026-06-24,Kaos Anak,51.19
2026-06-25,Kaos Anak,51.19
2026-06-26,Kaos Anak,51.19
2026-06-27,Kaos Anak,51.19
2026-06-28,Kaos Anak,51.19
2026-06-29,Kaos Anak,51.19
2026-06-30,Kaos Anak,51.19
2026-07-01,Kaos Anak,51.19
2026-07-02,Kaos Anak,51.19
2026-07-03,Kaos Anak,51.19
2026-07-04,Kaos Anak,51.19
2026-07-05,Kaos Anak,51.19
2026-07-06,Kaos Anak,51.19
2026-07-07,Kaos Anak,51.19
2026-07-08,Kaos Anak,51.19
2026-07-09,Kaos Anak,51.19
2026-07-10,Kaos Anak,51.19
2026-07-11,Kaos Anak,51.19
2026-07-12,Kaos Anak,51.19
2026-07-13,Kaos Anak,51.19
2026-07-14,Kaos Anak,51.19
2026-07-15,Kaos Anak,51.19
2026-07-16,Kaos Anak,51.19
2026-07-17,Kaos Anak,51.19
2026-07-18,Kaos Anak,51.19
2026-07-19,Kaos Anak,51.19
2026-07-20,Kaos Anak,51.19
2026-07-21,Kaos Anak,51.19
2026-07-22,Kaos Anak,51.19
2026-07-23,Kaos Anak,51.19
2026-07-24,Kaos Anak,51.19
2026-07-25,Kaos Anak,51.19
2026-07-26,Kaos Anak,51.19
2026-07-27,Kaos Anak,51.19
2026-07-28,Kaos Anak,51.19
2026-07-29,Kaos Anak,51.19
2026-05-01,Skirt,46.7
2026-05-02,Skirt,42.72
2026-05-03,Skirt,41.8
2026-05-04,Skirt,41.58
2026-05-05,Skirt,41.54
2026-05-06,Skirt,41.52
2026-05-07,Skirt,41.52
2026-05-08,Skirt,41.52
2026-05-09,Skirt,41.52
2026-05-10,Skirt,41.52
2026-05-11,Skirt,41.52
2026-05-12,Skirt,41.52
2026-05-13,Skirt,41.52
2026-05-14,Skirt,41.52
2026-05-15,Skirt,41.52
2026-05-16,Skirt,41.52
2026-05-17,Skirt,41.52
2026-05-18,Skirt,41.52
2026-05-19,Skirt,41.52
2026-05-20,Skirt,41.52
2026-05-21,Skirt,41.52
2026-05-22,Skirt,41.52
2026-05-23,Skirt,41.52
2026-05-24,Skirt,41.52
2026-05-25,Skirt,41.52
2026-05-26,Skirt,41.52
2026-05-27,Skirt,41.52
2026-05-28,Skirt,41.52
2026-05-29,Skirt,41.52
2026-05-30,Skirt,41.52
2026-05-31,Skirt,41.52
2026-06-01,Skirt,41.52
2026-06-02,Skirt,41.52
2026-06-03,Skirt,41.52
2026-06-04,Skirt,41.52
2026-06-05,Skirt,41.52
2026-06-06,Skirt,41.52
2026-06-07,Skirt,41.52
2026-06-08,Skirt,41.52
2026-06-09,Skirt,41.52
2026-06-10,Skirt,41.52
2026-06-11,Skirt,41.52
2026-06-12,Skirt,41.52
2026-06-13,Skirt,41.52
2026-06-14,Skirt,41.52
2026-06-15,Skirt,41.52
2026-06-16,Skirt,41.52
2026-06-17,Skirt,41.52
2026-06-18,Skirt,41.52
2026-06-19,Skirt,41.52
2026-06-20,Skirt,41.52
2026-06-21,Skirt,41.52
2026-06-22,Skirt,41.52
2026-06-23,Skirt,41.52
2026-06-24,Skirt,41.52
2026-06-25,Skirt,41.52
2026-06-26,Skirt,41.52
2026-06-27,Skirt,41.52
2026-06-28,Skirt,41.52
2026-06-29,Skirt,41.52
2026-06-30,Skirt,41.52
2026-07-01,Skirt,41.52
2026-07-02,Skirt,41.52
2026-07-03,Skirt,41.52
2026-07-04,Skirt,41.52
2026-07-05,Skirt,41.52
2026-07-06,Skirt,41.52
2026-07-07,Skirt,41.52
2026-07-08,Skirt,41.52
2026-07-09,Skirt,41.52
2026-07-10,Skirt,41.52
2026-07-11,Skirt,41.52
2026-07-12,Skirt,41.52
2026-07-13,Skirt,41.52
2026-07-14,Skirt,41.52
2026-07-15,Skirt,41.52
2026-07-16,Skirt,41.52
2026-07-17,Skirt,41.52
2026-07-18,Skirt,41.52
2026-07-19,Skirt,41.52
2026-07-20,Skirt,41.52
2026-07-21,Skirt,41.52
2026-07-22,Skirt,41.52
2026-07-23,Skirt,41.52
2026-07-24,Skirt,41.52
2026-07-25,Skirt,41.52
2026-07-26,Skirt,41.52
2026-07-27,Skirt,41.52
2026-07-28,Skirt,41.52
2026-07-29,Skirt,41.52
2026-05-01,Celana Anak,50.97
2026-05-02,Celana Anak,49.02
2026-05-03,Celana Anak,48.92
2026-05-04,Celana Anak,48.91
2026-05-05,Celana Anak,48.91
2026-05-06,Celana Anak,48.91
2026-05-07,Celana Anak,48.91
2026-05-08,Celana Anak,48.91
2026-05-09,Celana Anak,48.91
2026-05-10,Celana Anak,48.91
2026-05-11,Celana Anak,48.91
2026-05-12,Celana Anak,48.91
2026-05-13,Celana Anak,48.91
2026-05-14,Celana Anak,48.91
2026-05-15,Celana Anak,48.91
2026-05-16,Celana Anak,48.91
2026-05-17,Celana Anak,48.91
2026-05-18,Celana Anak,48.91
2026-05-19,Celana Anak,48.91
2026-05-20,Celana Anak,48.91
2026-05-21,Celana Anak,48.91
2026-05-22,Celana Anak,48.91
2026-05-23,Celana Anak,48.91
2026-05-24,Celana Anak,48.91
2026-05-25,Celana Anak,48.91
2026-05-26,Celana Anak,48.91
2026-05-27,Celana Anak,48.91
2026-05-28,Celana Anak,48.91
2026-05-29,Celana Anak,48.91
2026-05-30,Celana Anak,48.91
2026-05-31,Celana Anak,48.91
2026-06-01,Celana Anak,48.91
2026-06-02,Celana Anak,48.91
2026-06-03,Celana Anak,48.91
2026-06-04,Celana Anak,48.91
2026-06-05,Celana Anak,48.91
2026-06-06,Celana Anak,48.91
2026-06-07,Celana Anak,48.91
2026-06-08,Celana Anak,48.91
2026-06-09,Celana Anak,48.91
2026-06-10,Celana Anak,48.91
2026-06-11,Celana Anak,48.91
2026-06-12,Celana Anak,48.91
2026-06-13,Celana Anak,48.91
2026-06-14,Celana Anak,48.91
2026-06-15,Celana Anak,48.91
2026-06-16,Celana Anak,48.91
2026-06-17,Celana Anak,48.91
2026-06-18,Celana Anak,48.91
2026-06-19,Celana Anak,48.91
2026-06-20,Celana Anak,48.91
2026-06-21,Celana Anak,48.91
2026-06-22,Celana Anak,48.91
2026-06-23,Celana Anak,48.91
2026-06-24,Celana Anak,48.91
2026-06-25,Celana Anak,48.91
2026-06-26,Celana Anak,48.91
2026-06-27,Celana Anak,48.91
2026-06-28,Celana Anak,48.91
2026-06-29,Celana Anak,48.91
2026-06-30,Celana Anak,48.91
2026-07-01,Celana Anak,48.91
2026-07-02,Celana Anak,48.91
2026-07-03,Celana Anak,48.91
2026-07-04,Celana Anak,48.91
2026-07-05,Celana Anak,48.91
2026-07-06,Celana Anak,48.91
2026-07-07,Celana Anak,48.91
2026-07-08,Celana Anak,48.91
2026-07-09,Celana Anak,48.91
2026-07-10,Celana Anak,48.91
2026-07-11,Celana Anak,48.91
2026-07-12,Celana Anak,48.91
2026-07-13,Celana Anak,48.91
2026-07-14,Celana Anak,48.91
2026-07-15,Celana Anak,48.91
2026-07-16,Celana Anak,48.91
2026-07-17,Celana Anak,48.91
2026-07-18,Celana Anak,48.91
2026-07-19,Celana Anak,48.91
2026-07-20,Celana Anak,48.91
2026-07-21,Celana Anak,48.91
2026-07-22,Celana Anak,48.91
2026-07-23,Celana Anak,48.91
2026-07-24,Celana Anak,48.91
2026-07-25,Celana Anak,48.91
2026-07-26,Celana Anak,48.91
2026-07-27,Celana Anak,48.91
2026-07-28,Celana Anak,48.91
2026-07-29,Celana Anak,48.91
2026-05-01,Dress Anak,55.68
2026-05-02,Dress Anak,52.13
2026-05-03,Dress Anak,51.79
2026-05-04,Dress Anak,51.75
2026-05-05,Dress Anak,51.75
2026-05-06,Dress Anak,51.75
2026-05-07,Dress Anak,51.75
2026-05-08,Dress Anak,51.75
2026-05-09,Dress Anak,51.75
2026-05-10,Dress Anak,51.75
2026-05-11,Dress Anak,51.75
2026-05-12,Dress Anak,51.75
2026-05-13,Dress Anak,51.75
2026-05-14,Dress Anak,51.75
2026-05-15,Dress Anak,51.75
2026-05-16,Dress Anak,51.75
2026-05-17,Dress Anak,51.75
2026-05-18,Dress Anak,51.75
2026-05-19,Dress Anak,51.75
2026-05-20,Dress Anak,51.75
2026-05-21,Dress Anak,51.75
2026-05-22,Dress Anak,51.75
2026-05-23,Dress Anak,51.75
2026-05-24,Dress Anak,51.75
2026-05-25,Dress Anak,51.75
2026-05-26,Dress Anak,51.75
2026-05-27,Dress Anak,51.75
2026-05-28,Dress Anak,51.75
2026-05-29,Dress Anak,51.75
2026-05-30,Dress Anak,51.75
2026-05-31,Dress Anak,51.75
2026-06-01,Dress Anak,51.75
2026-06-02,Dress Anak,51.75
2026-06-03,Dress Anak,51.75
2026-06-04,Dress Anak,51.75
2026-06-05,Dress Anak,51.75
2026-06-06,Dress Anak,51.75
2026-06-07,Dress Anak,51.75
2026-06-08,Dress Anak,51.75
2026-06-09,Dress Anak,51.75
2026-06-10,Dress Anak,51.75
2026-06-11,Dress Anak,51.75
2026-06-12,Dress Anak,51.75
2026-06-13,Dress Anak,51.75
2026-06-14,Dress Anak,51.75
2026-06-15,Dress Anak,51.75
2026-06-16,Dress Anak,51.75
2026-06-17,Dress Anak,51.75
2026-06-18,Dress Anak,51.75
2026-06-19,Dress Anak,51.75
2026-06-20,Dress Anak,51.75
2026-06-21,Dress Anak,51.75
2026-06-22,Dress Anak,51.75
2026-06-23,Dress Anak,51.75
2026-06-24,Dress Anak,51.75
2026-06-25,Dress Anak,51.75
2026-06-26,Dress Anak,51.75
2026-06-27,Dress Anak,51.75
2026-06-28,Dress Anak,51.75
2026-06-29,Dress Anak,51.75
2026-06-30,Dress Anak,51.75
2026-07-01,Dress Anak,51.75
2026-07-02,Dress Anak,51.75
2026-07-03,Dress Anak,51.75
2026-07-04,Dress Anak,51.75
2026-07-05,Dress Anak,51.75
2026-07-06,Dress Anak,51.75
2026-07-07,Dress Anak,51.75
2026-07-08,Dress Anak,51.75
2026-07-09,Dress Anak,51.75
2026-07-10,Dress Anak,51.75
2026-07-11,Dress Anak,51.75
2026-07-12,Dress Anak,51.75
2026-07-13,Dress Anak,51.75
2026-07-14,Dress Anak,51.75
2026-07-15,Dress Anak,51.75
2026-07-16,Dress Anak,51.75
2026-07-17,Dress Anak,51.75
2026-07-18,Dress Anak,51.75
2026-07-19,Dress Anak,51.75
2026-07-20,Dress Anak,51.75
2026-07-21,Dress Anak,51.75
2026-07-22,Dress Anak,51.75
2026-07-23,Dress Anak,51.75
2026-07-24,Dress Anak,51.75
2026-07-25,Dress Anak,51.75
2026-07-26,Dress Anak,51.75
2026-07-27,Dress Anak,51.75
2026-07-28,Dress Anak,51.75
2026-07-29,Dress Anak,51.75
2026-05-01,Culottes,38.85
2026-05-02,Culottes,38.59
2026-05-03,Culottes,38.59
2026-05-04,Culottes,38.59
2026-05-05,Culottes,38.59
2026-05-06,Culottes,38.59
2026-05-07,Culottes,38.59
2026-05-08,Culottes,38.59
2026-05-09,Culottes,38.59
2026-05-10,Culottes,38.59
2026-05-11,Culottes,38.59
2026-05-12,Culottes,38.59
2026-05-13,Culottes,38.59
2026-05-14,Culottes,38.59
2026-05-15,Culottes,38.59
2026-05-16,Culottes,38.59
2026-05-17,Culottes,38.59
2026-05-18,Culottes,38.59
2026-05-19,Culottes,38.59
2026-05-20,Culottes,38.59
2026-05-21,Culottes,38.59
2026-05-22,Culottes,38.59
2026-05-23,Culottes,38.59
2026-05-24,Culottes,38.59
2026-05-25,Culottes,38.59
2026-05-26,Culottes,38.59
2026-05-27,Culottes,38.59
2026-05-28,Culottes,38.59
2026-05-29,Culottes,38.59
2026-05-30,Culottes,38.59
2026-05-31,Culottes,38.59
2026-06-01,Culottes,38.59
2026-06-02,Culottes,38.59
2026-06-03,Culottes,38.59
2026-06-04,Culottes,38.59
2026-06-05,Culottes,38.59
2026-06-06,Culottes,38.59
2026-06-07,Culottes,38.59
2026-06-08,Culottes,38.59
2026-06-09,Culottes,38.59
2026-06-10,Culottes,38.59
2026-06-11,Culottes,38.59
2026-06-12,Culottes,38.59
2026-06-13,Culottes,38.59
2026-06-14,Culottes,38.59
2026-06-15,Culottes,38.59
2026-06-16,Culottes,38.59
2026-06-17,Culottes,38.59
2026-06-18,Culottes,38.59
2026-06-19,Culottes,38.59
2026-06-20,Culottes,38.59
2026-06-21,Culottes,38.59
2026-06-22,Culottes,38.59
2026-06-23,Culottes,38.59
2026-06-24,Culottes,38.59
2026-06-25,Culottes,38.59
2026-06-26,Culottes,38.59
2026-06-27,Culottes,38.59
2026-06-28,Culottes,38.59
2026-06-29,Culottes,38.59
2026-06-30,Culottes,38.59
2026-07-01,Culottes,38.59
2026-07-02,Culottes,38.59
2026-07-03,Culottes,38.59
2026-07-04,Culottes,38.59
2026-07-05,Culottes,38.59
2026-07-06,Culottes,38.59
2026-07-07,Culottes,38.59
2026-07-08,Culottes,38.59
2026-07-09,Culottes,38.59
2026-07-10,Culottes,38.59
2026-07-11,Culottes,38.59
2026-07-12,Culottes,38.59
2026-07-13,Culottes,38.59
2026-07-14,Culottes,38.59
2026-07-15,Culottes,38.59
2026-07-16,Culottes,38.59
2026-07-17,Culottes,38.59
2026-07-18,Culottes,38.59
2026-07-19,Culottes,38.59
2026-07-20,Culottes,38.59
2026-07-21,Culottes,38.59
2026-07-22,Culottes,38.59
2026-07-23,Culottes,38.59
2026-07-24,Culottes,38.59
2026-07-25,Culottes,38.59
2026-07-26,Culottes,38.59
2026-07-27,Culottes,38.59
2026-07-28,Culottes,38.59
2026-07-29,Culottes,38.59
2026-05-01,High-Waist Pants,47.8
2026-05-02,High-Waist Pants,44.24
2026-05-03,High-Waist Pants,43.76
2026-05-04,High-Waist Pants,43.69
2026-05-05,High-Waist Pants,43.68
2026-05-06,High-Waist Pants,43.68
2026-05-07,High-Waist Pants,43.68
2026-05-08,High-Waist Pants,43.68
2026-05-09,High-Waist Pants,43.68
2026-05-10,High-Waist Pants,43.68
2026-05-11,High-Waist Pants,43.68
2026-05-12,High-Waist Pants,43.68
2026-05-13,High-Waist Pants,43.68
2026-05-14,High-Waist Pants,43.68
2026-05-15,High-Waist Pants,43.68
2026-05-16,High-Waist Pants,43.68
2026-05-17,High-Waist Pants,43.68
2026-05-18,High-Waist Pants,43.68
2026-05-19,High-Waist Pants,43.68
2026-05-20,High-Waist Pants,43.68
2026-05-21,High-Waist Pants,43.68
2026-05-22,High-Waist Pants,43.68
2026-05-23,High-Waist Pants,43.68
2026-05-24,High-Waist Pants,43.68
2026-05-25,High-Waist Pants,43.68
2026-05-26,High-Waist Pants,43.68
2026-05-27,High-Waist Pants,43.68
2026-05-28,High-Waist Pants,43.68
2026-05-29,High-Waist Pants,43.68
2026-05-30,High-Waist Pants,43.68
2026-05-31,High-Waist Pants,43.68
2026-06-01,High-Waist Pants,43.68
2026-06-02,High-Waist Pants,43.68
2026-06-03,High-Waist Pants,43.68
2026-06-04,High-Waist Pants,43.68
2026-06-05,High-Waist Pants,43.68
2026-06-06,High-Waist Pants,43.68
2026-06-07,High-Waist Pants,43.68
2026-06-08,High-Waist Pants,43.68
2026-06-09,High-Waist Pants,43.68
2026-06-10,High-Waist Pants,43.68
2026-06-11,High-Waist Pants,43.68
2026-06-12,High-Waist Pants,43.68
2026-06-13,High-Waist Pants,43.68
2026-06-14,High-Waist Pants,43.68
2026-06-15,High-Waist Pants,43.68
2026-06-16,High-Waist Pants,43.68
2026-06-17,High-Waist Pants,43.68
2026-06-18,High-Waist Pants,43.68
2026-06-19,High-Waist Pants,43.68
2026-06-20,High-Waist Pants,43.68
2026-06-21,High-Waist Pants,43.68
2026-06-22,High-Waist Pants,43.68
2026-06-23,High-Waist Pants,43.68
2026-06-24,High-Waist Pants,43.68
2026-06-25,High-Waist Pants,43.68
2026-06-26,High-Waist Pants,43.68
2026-06-27,High-Waist Pants,43.68
2026-06-28,High-Waist Pants,43.68
2026-06-29,High-Waist Pants,43.68
2026-06-30,High-Waist Pants,43.68
2026-07-01,High-Waist Pants,43.68
2026-07-02,High-Waist Pants,43.68
2026-07-03,High-Waist Pants,43.68
2026-07-04,High-Waist Pants,43.68
2026-07-05,High-Waist Pants,43.68
2026-07-06,High-Waist Pants,43.68
2026-07-07,High-Waist Pants,43.68
2026-07-08,High-Waist Pants,43.68
2026-07-09,High-Waist Pants,43.68
2026-07-10,High-Waist Pants,43.68
2026-07-11,High-Waist Pants,43.68
2026-07-12,High-Waist Pants,43.68
2026-07-13,High-Waist Pants,43.68
2026-07-14,High-Waist Pants,43.68
2026-07-15,High-Waist Pants,43.68
2026-07-16,High-Waist Pants,43.68
2026-07-17,High-Waist Pants,43.68
2026-07-18,High-Waist Pants,43.68
2026-07-19,High-Waist Pants,43.68
2026-07-20,High-Waist Pants,43.68
2026-07-21,High-Waist Pants,43.68
2026-07-22,High-Waist Pants,43.68
2026-07-23,High-Waist Pants,43.68
2026-07-24,High-Waist Pants,43.68
2026-07-25,High-Waist Pants,43.68
2026-07-26,High-Waist Pants,43.68
2026-07-27,High-Waist Pants,43.68
2026-07-28,High-Waist Pants,43.68
2026-07-29,High-Waist Pants,43.68
2026-05-01,Kemeja Wanita,39.39
2026-05-02,Kemeja Wanita,36.91
2026-05-03,Kemeja Wanita,36.56
2026-05-04,Kemeja Wanita,36.51
2026-05-05,Kemeja Wanita,36.51
2026-05-06,Kemeja Wanita,36.51
2026-05-07,Kemeja Wanita,36.51
2026-05-08,Kemeja Wanita,36.51
2026-05-09,Kemeja Wanita,36.51
2026-05-10,Kemeja Wanita,36.51
2026-05-11,Kemeja Wanita,36.51
2026-05-12,Kemeja Wanita,36.51
2026-05-13,Kemeja Wanita,36.51
2026-05-14,Kemeja Wanita,36.51
2026-05-15,Kemeja Wanita,36.51
2026-05-16,Kemeja Wanita,36.51
2026-05-17,Kemeja Wanita,36.51
2026-05-18,Kemeja Wanita,36.51
2026-05-19,Kemeja Wanita,36.51
2026-05-20,Kemeja Wanita,36.51
2026-05-21,Kemeja Wanita,36.51
2026-05-22,Kemeja Wanita,36.51
2026-05-23,Kemeja Wanita,36.51
2026-05-24,Kemeja Wanita,36.51
2026-05-25,Kemeja Wanita,36.51
2026-05-26,Kemeja Wanita,36.51
2026-05-27,Kemeja Wanita,36.51
2026-05-28,Kemeja Wanita,36.51
2026-05-29,Kemeja Wanita,36.51
2026-05-30,Kemeja Wanita,36.51
2026-05-31,Kemeja Wanita,36.51
2026-06-01,Kemeja Wanita,36.51
2026-06-02,Kemeja Wanita,36.51
2026-06-03,Kemeja Wanita,36.51
2026-06-04,Kemeja Wanita,36.51
2026-06-05,Kemeja Wanita,36.51
2026-06-06,Kemeja Wanita,36.51
2026-06-07,Kemeja Wanita,36.51
2026-06-08,Kemeja Wanita,36.51
2026-06-09,Kemeja Wanita,36.51
2026-06-10,Kemeja Wanita,36.51
2026-06-11,Kemeja Wanita,36.51
2026-06-12,Kemeja Wanita,36.51
2026-06-13,Kemeja Wanita,36.51
2026-06-14,Kemeja Wanita,36.51
2026-06-15,Kemeja Wanita,36.51
2026-06-16,Kemeja Wanita,36.51
2026-06-17,Kemeja Wanita,36.51
2026-06-18,Kemeja Wanita,36.51
2026-06-19,Kemeja Wanita,36.51
2026-06-20,Kemeja Wanita,36.51
2026-06-21,Kemeja Wanita,36.51
2026-06-22,Kemeja Wanita,36.51
2026-06-23,Kemeja Wanita,36.51
2026-06-24,Kemeja Wanita,36.51
2026-06-25,Kemeja Wanita,36.51
2026-06-26,Kemeja Wanita,36.51
2026-06-27,Kemeja Wanita,36.51
2026-06-28,Kemeja Wanita,36.51
2026-06-29,Kemeja Wanita,36.51
2026-06-30,Kemeja Wanita,36.51
2026-07-01,Kemeja Wanita,36.51
2026-07-02,Kemeja Wanita,36.51
2026-07-03,Kemeja Wanita,36.51
2026-07-04,Kemeja Wanita,36.51
2026-07-05,Kemeja Wanita,36.51
2026-07-06,Kemeja Wanita,36.51
2026-07-07,Kemeja Wanita,36.51
2026-07-08,Kemeja Wanita,36.51
2026-07-09,Kemeja Wanita,36.51
2026-07-10,Kemeja Wanita,36.51
2026-07-11,Kemeja Wanita,36.51
2026-07-12,Kemeja Wanita,36.51
2026-07-13,Kemeja Wanita,36.51
2026-07-14,Kemeja Wanita,36.51
2026-07-15,Kemeja Wanita,36.51
2026-07-16,Kemeja Wanita,36.51
2026-07-17,Kemeja Wanita,36.51
2026-07-18,Kemeja Wanita,36.51
2026-07-19,Kemeja Wanita,36.51
2026-07-20,Kemeja Wanita,36.51
2026-07-21,Kemeja Wanita,36.51
2026-07-22,Kemeja Wanita,36.51
2026-07-23,Kemeja Wanita,36.51
2026-07-24,Kemeja Wanita,36.51
2026-07-25,Kemeja Wanita,36.51
2026-07-26,Kemeja Wanita,36.51
2026-07-27,Kemeja Wanita,36.51
2026-07-28,Kemeja Wanita,36.51
2026-07-29,Kemeja Wanita,36.51
2026-05-01,Casual Top,31.91
2026-05-02,Casual Top,30.52
2026-05-03,Casual Top,30.39
2026-05-04,Casual Top,30.38
2026-05-05,Casual Top,30.38
2026-05-06,Casual Top,30.38
2026-05-07,Casual Top,30.38
2026-05-08,Casual Top,30.38
2026-05-09,Casual Top,30.38
2026-05-10,Casual Top,30.38
2026-05-11,Casual Top,30.38
2026-05-12,Casual Top,30.38
2026-05-13,Casual Top,30.38
2026-05-14,Casual Top,30.38
2026-05-15,Casual Top,30.38
2026-05-16,Casual Top,30.38
2026-05-17,Casual Top,30.38
2026-05-18,Casual Top,30.38
2026-05-19,Casual Top,30.38
2026-05-20,Casual Top,30.38
2026-05-21,Casual Top,30.38
2026-05-22,Casual Top,30.38
2026-05-23,Casual Top,30.38
2026-05-24,Casual Top,30.38
2026-05-25,Casual Top,30.38
2026-05-26,Casual Top,30.38
2026-05-27,Casual Top,30.38
2026-05-28,Casual Top,30.38
2026-05-29,Casual Top,30.38
2026-05-30,Casual Top,30.38
2026-05-31,Casual Top,30.38
2026-06-01,Casual Top,30.38
2026-06-02,Casual Top,30.38
2026-06-03,Casual Top,30.38
2026-06-04,Casual Top,30.38
2026-06-05,Casual Top,30.38
2026-06-06,Casual Top,30.38
2026-06-07,Casual Top,30.38
2026-06-08,Casual Top,30.38
2026-06-09,Casual Top,30.38
2026-06-10,Casual Top,30.38
2026-06-11,Casual Top,30.38
2026-06-12,Casual Top,30.38
2026-06-13,Casual Top,30.38
2026-06-14,Casual Top,30.38
2026-06-15,Casual Top,30.38
2026-06-16,Casual Top,30.38
2026-06-17,Casual Top,30.38
2026-06-18,Casual Top,30.38
2026-06-19,Casual Top,30.38
2026-06-20,Casual Top,30.38
2026-06-21,Casual Top,30.38
2026-06-22,Casual Top,30.38
2026-06-23,Casual Top,30.38
2026-06-24,Casual Top,30.38
2026-06-25,Casual Top,30.38
2026-06-26,Casual Top,30.38
2026-06-27,Casual Top,30.38
2026-06-28,Casual Top,30.38
2026-06-29,Casual Top,30.38
2026-06-30,Casual Top,30.38
2026-07-01,Casual Top,30.38
2026-07-02,Casual Top,30.38
2026-07-03,Casual Top,30.38
2026-07-04,Casual Top,30.38
2026-07-05,Casual Top,30.38
2026-07-06,Casual Top,30.38
2026-07-07,Casual Top,30.38
2026-07-08,Casual Top,30.38
2026-07-09,Casual Top,30.38
2026-07-10,Casual Top,30.38
2026-07-11,Casual Top,30.38
2026-07-12,Casual Top,30.38
2026-07-13,Casual Top,30.38
2026-07-14,Casual Top,30.38
2026-07-15,Casual Top,30.38
2026-07-16,Casual Top,30.38
2026-07-17,Casual Top,30.38
2026-07-18,Casual Top,30.38
2026-07-19,Casual Top,30.38
2026-07-20,Casual Top,30.38
2026-07-21,Casual Top,30.38
2026-07-22,Casual Top,30.38
2026-07-23,Casual Top,30.38
2026-07-24,Casual Top,30.38
2026-07-25,Casual Top,30.38
2026-07-26,Casual Top,30.38
2026-07-27,Casual Top,30.38
2026-07-28,Casual Top,30.38
2026-07-29,Casual Top,30.38
2026-05-01,Crop Shirt,37.35
2026-05-02,Crop Shirt,35.36
2026-05-03,Crop Shirt,35.18
2026-05-04,Crop Shirt,35.16
2026-05-05,Crop Shirt,35.16
2026-05-06,Crop Shirt,35.16
2026-05-07,Crop Shirt,35.16
2026-05-08,Crop Shirt,35.16
2026-05-09,Crop Shirt,35.16
2026-05-10,Crop Shirt,35.16
2026-05-11,Crop Shirt,35.16
2026-05-12,Crop Shirt,35.16
2026-05-13,Crop Shirt,35.16
2026-05-14,Crop Shirt,35.16
2026-05-15,Crop Shirt,35.16
2026-05-16,Crop Shirt,35.16
2026-05-17,Crop Shirt,35.16
2026-05-18,Crop Shirt,35.16
2026-05-19,Crop Shirt,35.16
2026-05-20,Crop Shirt,35.16
2026-05-21,Crop Shirt,35.16
2026-05-22,Crop Shirt,35.16
2026-05-23,Crop Shirt,35.16
2026-05-24,Crop Shirt,35.16
2026-05-25,Crop Shirt,35.16
2026-05-26,Crop Shirt,35.16
2026-05-27,Crop Shirt,35.16
2026-05-28,Crop Shirt,35.16
2026-05-29,Crop Shirt,35.16
2026-05-30,Crop Shirt,35.16
2026-05-31,Crop Shirt,35.16
2026-06-01,Crop Shirt,35.16
2026-06-02,Crop Shirt,35.16
2026-06-03,Crop Shirt,35.16
2026-06-04,Crop Shirt,35.16
2026-06-05,Crop Shirt,35.16
2026-06-06,Crop Shirt,35.16
2026-06-07,Crop Shirt,35.16
2026-06-08,Crop Shirt,35.16
2026-06-09,Crop Shirt,35.16
2026-06-10,Crop Shirt,35.16
2026-06-11,Crop Shirt,35.16
2026-06-12,Crop Shirt,35.16
2026-06-13,Crop Shirt,35.16
2026-06-14,Crop Shirt,35.16
2026-06-15,Crop Shirt,35.16
2026-06-16,Crop Shirt,35.16
2026-06-17,Crop Shirt,35.16
2026-06-18,Crop Shirt,35.16
2026-06-19,Crop Shirt,35.16
2026-06-20,Crop Shirt,35.16
2026-06-21,Crop Shirt,35.16
2026-06-22,Crop Shirt,35.16
2026-06-23,Crop Shirt,35.16
2026-06-24,Crop Shirt,35.16
2026-06-25,Crop Shirt,35.16
2026-06-26,Crop Shirt,35.16
2026-06-27,Crop Shirt,35.16
2026-06-28,Crop Shirt,35.16
2026-06-29,Crop Shirt,35.16
2026-06-30,Crop Shirt,35.16
2026-07-01,Crop Shirt,35.16
2026-07-02,Crop Shirt,35.16
2026-07-03,Crop Shirt,35.16
2026-07-04,Crop Shirt,35.16
2026-07-05,Crop Shirt,35.16
2026-07-06,Crop Shirt,35.16
2026-07-07,Crop Shirt,35.16
2026-07-08,Crop Shirt,35.16
2026-07-09,Crop Shirt,35.16
2026-07-10,Crop Shirt,35.16
2026-07-11,Crop Shirt,35.16
2026-07-12,Crop Shirt,35.16
2026-07-13,Crop Shirt,35.16
2026-07-14,Crop Shirt,35.16
2026-07-15,Crop Shirt,35.16
2026-07-16,Crop Shirt,35.16
2026-07-17,Crop Shirt,35.16
2026-07-18,Crop Shirt,35.16
2026-07-19,Crop Shirt,35.16
2026-07-20,Crop Shirt,35.16
2026-07-21,Crop Shirt,35.16
2026-07-22,Crop Shirt,35.16
2026-07-23,Crop Shirt,35.16
2026-07-24,Crop Shirt,35.16
2026-07-25,Crop Shirt,35.16
2026-07-26,Crop Shirt,35.16
2026-07-27,Crop Shirt,35.16
2026-07-28,Crop Shirt,35.16
2026-07-29,Crop Shirt,35.16
2026-05-01,Pleated Pants,36.96
2026-05-02,Pleated Pants,33.98
2026-05-03,Pleated Pants,33.3
2026-05-04,Pleated Pants,33.14
2026-05-05,Pleated Pants,33.11
2026-05-06,Pleated Pants,33.1
2026-05-07,Pleated Pants,33.1
2026-05-08,Pleated Pants,33.1
2026-05-09,Pleated Pants,33.1
2026-05-10,Pleated Pants,33.1
2026-05-11,Pleated Pants,33.1
2026-05-12,Pleated Pants,33.1
2026-05-13,Pleated Pants,33.1
2026-05-14,Pleated Pants,33.1
2026-05-15,Pleated Pants,33.1
2026-05-16,Pleated Pants,33.1
2026-05-17,Pleated Pants,33.1
2026-05-18,Pleated Pants,33.1
2026-05-19,Pleated Pants,33.1
2026-05-20,Pleated Pants,33.1
2026-05-21,Pleated Pants,33.1
2026-05-22,Pleated Pants,33.1
2026-05-23,Pleated Pants,33.1
2026-05-24,Pleated Pants,33.1
2026-05-25,Pleated Pants,33.1
2026-05-26,Pleated Pants,33.1
2026-05-27,Pleated Pants,33.1
2026-05-28,Pleated Pants,33.1
2026-05-29,Pleated Pants,33.1
2026-05-30,Pleated Pants,33.1
2026-05-31,Pleated Pants,33.1
2026-06-01,Pleated Pants,33.1
2026-06-02,Pleated Pants,33.1
2026-06-03,Pleated Pants,33.1
2026-06-04,Pleated Pants,33.1
2026-06-05,Pleated Pants,33.1
2026-06-06,Pleated Pants,33.1
2026-06-07,Pleated Pants,33.1
2026-06-08,Pleated Pants,33.1
2026-06-09,Pleated Pants,33.1
2026-06-10,Pleated Pants,33.1
2026-06-11,Pleated Pants,33.1
2026-06-12,Pleated Pants,33.1
2026-06-13,Pleated Pants,33.1
2026-06-14,Pleated Pants,33.1
2026-06-15,Pleated Pants,33.1
2026-06-16,Pleated Pants,33.1
2026-06-17,Pleated Pants,33.1
2026-06-18,Pleated Pants,33.1
2026-06-19,Pleated Pants,33.1
2026-06-20,Pleated Pants,33.1
2026-06-21,Pleated Pants,33.1
2026-06-22,Pleated Pants,33.1
2026-06-23,Pleated Pants,33.1
2026-06-24,Pleated Pants,33.1
2026-06-25,Pleated Pants,33.1
2026-06-26,Pleated Pants,33.1
2026-06-27,Pleated Pants,33.1
2026-06-28,Pleated Pants,33.1
2026-06-29,Pleated Pants,33.1
2026-06-30,Pleated Pants,33.1
2026-07-01,Pleated Pants,33.1
2026-07-02,Pleated Pants,33.1
2026-07-03,Pleated Pants,33.1
2026-07-04,Pleated Pants,33.1
2026-07-05,Pleated Pants,33.1
2026-07-06,Pleated Pants,33.1
2026-07-07,Pleated Pants,33.1
2026-07-08,Pleated Pants,33.1
2026-07-09,Pleated Pants,33.1
2026-07-10,Pleated Pants,33.1
2026-07-11,Pleated Pants,33.1
2026-07-12,Pleated Pants,33.1
2026-07-13,Pleated Pants,33.1
2026-07-14,Pleated Pants,33.1
2026-07-15,Pleated Pants,33.1
2026-07-16,Pleated Pants,33.1
2026-07-17,Pleated Pants,33.1
2026-07-18,Pleated Pants,33.1
2026-07-19,Pleated Pants,33.1
2026-07-20,Pleated Pants,33.1
2026-07-21,Pleated Pants,33.1
2026-07-22,Pleated Pants,33.1
2026-07-23,Pleated Pants,33.1
2026-07-24,Pleated Pants,33.1
2026-07-25,Pleated Pants,33.1
2026-07-26,Pleated Pants,33.1
2026-07-27,Pleated Pants,33.1
2026-07-28,Pleated Pants,33.1
2026-07-29,Pleated Pants,33.1
2026-05-01,Slip Dress,31.41
2026-05-02,Slip Dress,30.26
2026-05-03,Slip Dress,30.19
2026-05-04,Slip Dress,30.18
2026-05-05,Slip Dress,30.18
2026-05-06,Slip Dress,30.18
2026-05-07,Slip Dress,30.18
2026-05-08,Slip Dress,30.18
2026-05-09,Slip Dress,30.18
2026-05-10,Slip Dress,30.18
2026-05-11,Slip Dress,30.18
2026-05-12,Slip Dress,30.18
2026-05-13,Slip Dress,30.18
2026-05-14,Slip Dress,30.18
2026-05-15,Slip Dress,30.18
2026-05-16,Slip Dress,30.18
2026-05-17,Slip Dress,30.18
2026-05-18,Slip Dress,30.18
2026-05-19,Slip Dress,30.18
2026-05-20,Slip Dress,30.18
2026-05-21,Slip Dress,30.18
2026-05-22,Slip Dress,30.18
2026-05-23,Slip Dress,30.18
2026-05-24,Slip Dress,30.18
2026-05-25,Slip Dress,30.18
2026-05-26,Slip Dress,30.18
2026-05-27,Slip Dress,30.18
2026-05-28,Slip Dress,30.18
2026-05-29,Slip Dress,30.18
2026-05-30,Slip Dress,30.18
2026-05-31,Slip Dress,30.18
2026-06-01,Slip Dress,30.18
2026-06-02,Slip Dress,30.18
2026-06-03,Slip Dress,30.18
2026-06-04,Slip Dress,30.18
2026-06-05,Slip Dress,30.18
2026-06-06,Slip Dress,30.18
2026-06-07,Slip Dress,30.18
2026-06-08,Slip Dress,30.18
2026-06-09,Slip Dress,30.18
2026-06-10,Slip Dress,30.18
2026-06-11,Slip Dress,30.18
2026-06-12,Slip Dress,30.18
2026-06-13,Slip Dress,30.18
2026-06-14,Slip Dress,30.18
2026-06-15,Slip Dress,30.18
2026-06-16,Slip Dress,30.18
2026-06-17,Slip Dress,30.18
2026-06-18,Slip Dress,30.18
2026-06-19,Slip Dress,30.18
2026-06-20,Slip Dress,30.18
2026-06-21,Slip Dress,30.18
2026-06-22,Slip Dress,30.18
2026-06-23,Slip Dress,30.18
2026-06-24,Slip Dress,30.18
2026-06-25,Slip Dress,30.18
2026-06-26,Slip Dress,30.18
2026-06-27,Slip Dress,30.18
2026-06-28,Slip Dress,30.18
2026-06-29,Slip Dress,30.18
2026-06-30,Slip Dress,30.18
2026-07-01,Slip Dress,30.18
2026-07-02,Slip Dress,30.18
2026-07-03,Slip Dress,30.18
2026-07-04,Slip Dress,30.18
2026-07-05,Slip Dress,30.18
2026-07-06,Slip Dress,30.18
2026-07-07,Slip Dress,30.18
2026-07-08,Slip Dress,30.18
2026-07-09,Slip Dress,30.18
2026-07-10,Slip Dress,30.18
2026-07-11,Slip Dress,30.18
2026-07-12,Slip Dress,30.18
2026-07-13,Slip Dress,30.18
2026-07-14,Slip Dress,30.18
2026-07-15,Slip Dress,30.18
2026-07-16,Slip Dress,30.18
2026-07-17,Slip Dress,30.18
2026-07-18,Slip Dress,30.18
2026-07-19,Slip Dress,30.18
2026-07-20,Slip Dress,30.18
2026-07-21,Slip Dress,30.18
2026-07-22,Slip Dress,30.18
2026-07-23,Slip Dress,30.18
2026-07-24,Slip Dress,30.18
2026-07-25,Slip Dress,30.18
2026-07-26,Slip Dress,30.18
2026-07-27,Slip Dress,30.18
2026-07-28,Slip Dress,30.18
2026-07-29,Slip Dress,30.18
2026-05-01,Tunic,36.41
2026-05-02,Tunic,35.24
2026-05-03,Tunic,35.16
2026-05-04,Tunic,35.15
2026-05-05,Tunic,35.15
2026-05-06,Tunic,35.15
2026-05-07,Tunic,35.15
2026-05-08,Tunic,35.15
2026-05-09,Tunic,35.15
2026-05-10,Tunic,35.15
2026-05-11,Tunic,35.15
2026-05-12,Tunic,35.15
2026-05-13,Tunic,35.15
2026-05-14,Tunic,35.15
2026-05-15,Tunic,35.15
2026-05-16,Tunic,35.15
2026-05-17,Tunic,35.15
2026-05-18,Tunic,35.15
2026-05-19,Tunic,35.15
2026-05-20,Tunic,35.15
2026-05-21,Tunic,35.15
2026-05-22,Tunic,35.15
2026-05-23,Tunic,35.15
2026-05-24,Tunic,35.15
2026-05-25,Tunic,35.15
2026-05-26,Tunic,35.15
2026-05-27,Tunic,35.15
2026-05-28,Tunic,35.15
2026-05-29,Tunic,35.15
2026-05-30,Tunic,35.15
2026-05-31,Tunic,35.15
2026-06-01,Tunic,35.15
2026-06-02,Tunic,35.15
2026-06-03,Tunic,35.15
2026-06-04,Tunic,35.15
2026-06-05,Tunic,35.15
2026-06-06,Tunic,35.15
2026-06-07,Tunic,35.15
2026-06-08,Tunic,35.15
2026-06-09,Tunic,35.15
2026-06-10,Tunic,35.15
2026-06-11,Tunic,35.15
2026-06-12,Tunic,35.15
2026-06-13,Tunic,35.15
2026-06-14,Tunic,35.15
2026-06-15,Tunic,35.15
2026-06-16,Tunic,35.15
2026-06-17,Tunic,35.15
2026-06-18,Tunic,35.15
2026-06-19,Tunic,35.15
2026-06-20,Tunic,35.15
2026-06-21,Tunic,35.15
2026-06-22,Tunic,35.15
2026-06-23,Tunic,35.15
2026-06-24,Tunic,35.15
2026-06-25,Tunic,35.15
2026-06-26,Tunic,35.15
2026-06-27,Tunic,35.15
2026-06-28,Tunic,35.15
2026-06-29,Tunic,35.15
2026-06-30,Tunic,35.15
2026-07-01,Tunic,35.15
2026-07-02,Tunic,35.15
2026-07-03,Tunic,35.15
2026-07-04,Tunic,35.15
2026-07-05,Tunic,35.15
2026-07-06,Tunic,35.15
2026-07-07,Tunic,35.15
2026-07-08,Tunic,35.15
2026-07-09,Tunic,35.15
2026-07-10,Tunic,35.15
2026-07-11,Tunic,35.15
2026-07-12,Tunic,35.15
2026-07-13,Tunic,35.15
2026-07-14,Tunic,35.15
2026-07-15,Tunic,35.15
2026-07-16,Tunic,35.15
2026-07-17,Tunic,35.15
2026-07-18,Tunic,35.15
2026-07-19,Tunic,35.15
2026-07-20,Tunic,35.15
2026-07-21,Tunic,35.15
2026-07-22,Tunic,35.15
2026-07-23,Tunic,35.15
2026-07-24,Tunic,35.15
2026-07-25,Tunic,35.15
2026-07-26,Tunic,35.15
2026-07-27,Tunic,35.15
2026-07-28,Tunic,35.15
2026-07-29,Tunic,35.15
2026-05-01,Chic Top,40.12
2026-05-02,Chic Top,40.19
2026-05-03,Chic Top,40.19
2026-05-04,Chic Top,40.19
2026-05-05,Chic Top,40.19
2026-05-06,Chic Top,40.19
2026-05-07,Chic Top,40.19
2026-05-08,Chic Top,40.19
2026-05-09,Chic Top,40.19
2026-05-10,Chic Top,40.19
2026-05-11,Chic Top,40.19
2026-05-12,Chic Top,40.19
2026-05-13,Chic Top,40.19
2026-05-14,Chic Top,40.19
2026-05-15,Chic Top,40.19
2026-05-16,Chic Top,40.19
2026-05-17,Chic Top,40.19
2026-05-18,Chic Top,40.19
2026-05-19,Chic Top,40.19
2026-05-20,Chic Top,40.19
2026-05-21,Chic Top,40.19
2026-05-22,Chic Top,40.19
2026-05-23,Chic Top,40.19
2026-05-24,Chic Top,40.19
2026-05-25,Chic Top,40.19
2026-05-26,Chic Top,40.19
2026-05-27,Chic Top,40.19
2026-05-28,Chic Top,40.19
2026-05-29,Chic Top,40.19
2026-05-30,Chic Top,40.19
2026-05-31,Chic Top,40.19
2026-06-01,Chic Top,40.19
2026-06-02,Chic Top,40.19
2026-06-03,Chic Top,40.19
2026-06-04,Chic Top,40.19
2026-06-05,Chic Top,40.19
2026-06-06,Chic Top,40.19
2026-06-07,Chic Top,40.19
2026-06-08,Chic Top,40.19
2026-06-09,Chic Top,40.19
2026-06-10,Chic Top,40.19
2026-06-11,Chic Top,40.19
2026-06-12,Chic Top,40.19
2026-06-13,Chic Top,40.19
2026-06-14,Chic Top,40.19
2026-06-15,Chic Top,40.19
2026-06-16,Chic Top,40.19
2026-06-17,Chic Top,40.19
2026-06-18,Chic Top,40.19
2026-06-19,Chic Top,40.19
2026-06-20,Chic Top,40.19
2026-06-21,Chic Top,40.19
2026-06-22,Chic Top,40.19
2026-06-23,Chic Top,40.19
2026-06-24,Chic Top,40.19
2026-06-25,Chic Top,40.19
2026-06-26,Chic Top,40.19
2026-06-27,Chic Top,40.19
2026-06-28,Chic Top,40.19
2026-06-29,Chic Top,40.19
2026-06-30,Chic Top,40.19
2026-07-01,Chic Top,40.19
2026-07-02,Chic Top,40.19
2026-07-03,Chic Top,40.19
2026-07-04,Chic Top,40.19
2026-07-05,Chic Top,40.19
2026-07-06,Chic Top,40.19
2026-07-07,Chic Top,40.19
2026-07-08,Chic Top,40.19
2026-07-09,Chic Top,40.19
2026-07-10,Chic Top,40.19
2026-07-11,Chic Top,40.19
2026-07-12,Chic Top,40.19
2026-07-13,Chic Top,40.19
2026-07-14,Chic Top,40.19
2026-07-15,Chic Top,40.19
2026-07-16,Chic Top,40.19
2026-07-17,Chic Top,40.19
2026-07-18,Chic Top,40.19
2026-07-19,Chic Top,40.19
2026-07-20,Chic Top,40.19
2026-07-21,Chic Top,40.19
2026-07-22,Chic Top,40.19
2026-07-23,Chic Top,40.19
2026-07-24,Chic Top,40.19
2026-07-25,Chic Top,40.19
2026-07-26,Chic Top,40.19
2026-07-27,Chic Top,40.19
2026-07-28,Chic Top,40.19
2026-07-29,Chic Top,40.19
2026-05-01,A-Line Dress,33.5
2026-05-02,A-Line Dress,32.82
2026-05-03,A-Line Dress,32.8
2026-05-04,A-Line Dress,32.8
2026-05-05,A-Line Dress,32.8
2026-05-06,A-Line Dress,32.8
2026-05-07,A-Line Dress,32.8
2026-05-08,A-Line Dress,32.8
2026-05-09,A-Line Dress,32.8
2026-05-10,A-Line Dress,32.8
2026-05-11,A-Line Dress,32.8
2026-05-12,A-Line Dress,32.8
2026-05-13,A-Line Dress,32.8
2026-05-14,A-Line Dress,32.8
2026-05-15,A-Line Dress,32.8
2026-05-16,A-Line Dress,32.8
2026-05-17,A-Line Dress,32.8
2026-05-18,A-Line Dress,32.8
2026-05-19,A-Line Dress,32.8
2026-05-20,A-Line Dress,32.8
2026-05-21,A-Line Dress,32.8
2026-05-22,A-Line Dress,32.8
2026-05-23,A-Line Dress,32.8
2026-05-24,A-Line Dress,32.8
2026-05-25,A-Line Dress,32.8
2026-05-26,A-Line Dress,32.8
2026-05-27,A-Line Dress,32.8
2026-05-28,A-Line Dress,32.8
2026-05-29,A-Line Dress,32.8
2026-05-30,A-Line Dress,32.8
2026-05-31,A-Line Dress,32.8
2026-06-01,A-Line Dress,32.8
2026-06-02,A-Line Dress,32.8
2026-06-03,A-Line Dress,32.8
2026-06-04,A-Line Dress,32.8
2026-06-05,A-Line Dress,32.8
2026-06-06,A-Line Dress,32.8
2026-06-07,A-Line Dress,32.8
2026-06-08,A-Line Dress,32.8
2026-06-09,A-Line Dress,32.8
2026-06-10,A-Line Dress,32.8
2026-06-11,A-Line Dress,32.8
2026-06-12,A-Line Dress,32.8
2026-06-13,A-Line Dress,32.8
2026-06-14,A-Line Dress,32.8
2026-06-15,A-Line Dress,32.8
2026-06-16,A-Line Dress,32.8
2026-06-17,A-Line Dress,32.8
2026-06-18,A-Line Dress,32.8
2026-06-19,A-Line Dress,32.8
2026-06-20,A-Line Dress,32.8
2026-06-21,A-Line Dress,32.8
2026-06-22,A-Line Dress,32.8
2026-06-23,A-Line Dress,32.8
2026-06-24,A-Line Dress,32.8
2026-06-25,A-Line Dress,32.8
2026-06-26,A-Line Dress,32.8
2026-06-27,A-Line Dress,32.8
2026-06-28,A-Line Dress,32.8
2026-06-29,A-Line Dress,32.8
2026-06-30,A-Line Dress,32.8
2026-07-01,A-Line Dress,32.8
2026-07-02,A-Line Dress,32.8
2026-07-03,A-Line Dress,32.8
2026-07-04,A-Line Dress,32.8
2026-07-05,A-Line Dress,32.8
2026-07-06,A-Line Dress,32.8
2026-07-07,A-Line Dress,32.8
2026-07-08,A-Line Dress,32.8
2026-07-09,A-Line Dress,32.8
2026-07-10,A-Line Dress,32.8
2026-07-11,A-Line Dress,32.8
2026-07-12,A-Line Dress,32.8
2026-07-13,A-Line Dress,32.8
2026-07-14,A-Line Dress,32.8
2026-07-15,A-Line Dress,32.8
2026-07-16,A-Line Dress,32.8
2026-07-17,A-Line Dress,32.8
2026-07-18,A-Line Dress,32.8
2026-07-19,A-Line Dress,32.8
2026-07-20,A-Line Dress,32.8
2026-07-21,A-Line Dress,32.8
2026-07-22,A-Line Dress,32.8
2026-07-23,A-Line Dress,32.8
2026-07-24,A-Line Dress,32.8
2026-07-25,A-Line Dress,32.8
2026-07-26,A-Line Dress,32.8
2026-07-27,A-Line Dress,32.8
2026-07-28,A-Line Dress,32.8
2026-07-29,A-Line Dress,32.8
2026-05-01,Cardigan,40.58
2026-05-02,Cardigan,39.72
2026-05-03,Cardigan,39.69
2026-05-04,Cardigan,39.69
2026-05-05,Cardigan,39.69
2026-05-06,Cardigan,39.69
2026-05-07,Cardigan,39.69
2026-05-08,Cardigan,39.69
2026-05-09,Cardigan,39.69
2026-05-10,Cardigan,39.69
2026-05-11,Cardigan,39.69
2026-05-12,Cardigan,39.69
2026-05-13,Cardigan,39.69
2026-05-14,Cardigan,39.69
2026-05-15,Cardigan,39.69
2026-05-16,Cardigan,39.69
2026-05-17,Cardigan,39.69
2026-05-18,Cardigan,39.69
2026-05-19,Cardigan,39.69
2026-05-20,Cardigan,39.69
2026-05-21,Cardigan,39.69
2026-05-22,Cardigan,39.69
2026-05-23,Cardigan,39.69
2026-05-24,Cardigan,39.69
2026-05-25,Cardigan,39.69
2026-05-26,Cardigan,39.69
2026-05-27,Cardigan,39.69
2026-05-28,Cardigan,39.69
2026-05-29,Cardigan,39.69
2026-05-30,Cardigan,39.69
2026-05-31,Cardigan,39.69
2026-06-01,Cardigan,39.69
2026-06-02,Cardigan,39.69
2026-06-03,Cardigan,39.69
2026-06-04,Cardigan,39.69
2026-06-05,Cardigan,39.69
2026-06-06,Cardigan,39.69
2026-06-07,Cardigan,39.69
2026-06-08,Cardigan,39.69
2026-06-09,Cardigan,39.69
2026-06-10,Cardigan,39.69
2026-06-11,Cardigan,39.69
2026-06-12,Cardigan,39.69
2026-06-13,Cardigan,39.69
2026-06-14,Cardigan,39.69
2026-06-15,Cardigan,39.69
2026-06-16,Cardigan,39.69
2026-06-17,Cardigan,39.69
2026-06-18,Cardigan,39.69
2026-06-19,Cardigan,39.69
2026-06-20,Cardigan,39.69
2026-06-21,Cardigan,39.69
2026-06-22,Cardigan,39.69
2026-06-23,Cardigan,39.69
2026-06-24,Cardigan,39.69
2026-06-25,Cardigan,39.69
2026-06-26,Cardigan,39.69
2026-06-27,Cardigan,39.69
2026-06-28,Cardigan,39.69
2026-06-29,Cardigan,39.69
2026-06-30,Cardigan,39.69
2026-07-01,Cardigan,39.69
2026-07-02,Cardigan,39.69
2026-07-03,Cardigan,39.69
2026-07-04,Cardigan,39.69
2026-07-05,Cardigan,39.69
2026-07-06,Cardigan,39.69
2026-07-07,Cardigan,39.69
2026-07-08,Cardigan,39.69
2026-07-09,Cardigan,39.69
2026-07-10,Cardigan,39.69
2026-07-11,Cardigan,39.69
2026-07-12,Cardigan,39.69
2026-07-13,Cardigan,39.69
2026-07-14,Cardigan,39.69
2026-07-15,Cardigan,39.69
2026-07-16,Cardigan,39.69
2026-07-17,Cardigan,39.69
2026-07-18,Cardigan,39.69
2026-07-19,Cardigan,39.69
2026-07-20,Cardigan,39.69
2026-07-21,Cardigan,39.69
2026-07-22,Cardigan,39.69
2026-07-23,Cardigan,39.69
2026-07-24,Cardigan,39.69
2026-07-25,Cardigan,39.69
2026-07-26,Cardigan,39.69
2026-07-27,Cardigan,39.69
2026-07-28,Cardigan,39.69
2026-07-29,Cardigan,39.69
2026-05-01,Vintage Top,28.32
2026-05-02,Vintage Top,29.16
2026-05-03,Vintage Top,29.11
2026-05-04,Vintage Top,29.12
2026-05-05,Vintage Top,29.12
2026-05-06,Vintage Top,29.12
2026-05-07,Vintage Top,29.12
2026-05-08,Vintage Top,29.12
2026-05-09,Vintage Top,29.12
2026-05-10,Vintage Top,29.12
2026-05-11,Vintage Top,29.12
2026-05-12,Vintage Top,29.12
2026-05-13,Vintage Top,29.12
2026-05-14,Vintage Top,29.12
2026-05-15,Vintage Top,29.12
2026-05-16,Vintage Top,29.12
2026-05-17,Vintage Top,29.12
2026-05-18,Vintage Top,29.12
2026-05-19,Vintage Top,29.12
2026-05-20,Vintage Top,29.12
2026-05-21,Vintage Top,29.12
2026-05-22,Vintage Top,29.12
2026-05-23,Vintage Top,29.12
2026-05-24,Vintage Top,29.12
2026-05-25,Vintage Top,29.12
2026-05-26,Vintage Top,29.12
2026-05-27,Vintage Top,29.12
2026-05-28,Vintage Top,29.12
2026-05-29,Vintage Top,29.12
2026-05-30,Vintage Top,29.12
2026-05-31,Vintage Top,29.12
2026-06-01,Vintage Top,29.12
2026-06-02,Vintage Top,29.12
2026-06-03,Vintage Top,29.12
2026-06-04,Vintage Top,29.12
2026-06-05,Vintage Top,29.12
2026-06-06,Vintage Top,29.12
2026-06-07,Vintage Top,29.12
2026-06-08,Vintage Top,29.12
2026-06-09,Vintage Top,29.12
2026-06-10,Vintage Top,29.12
2026-06-11,Vintage Top,29.12
2026-06-12,Vintage Top,29.12
2026-06-13,Vintage Top,29.12
2026-06-14,Vintage Top,29.12
2026-06-15,Vintage Top,29.12
2026-06-16,Vintage Top,29.12
2026-06-17,Vintage Top,29.12
2026-06-18,Vintage Top,29.12
2026-06-19,Vintage Top,29.12
2026-06-20,Vintage Top,29.12
2026-06-21,Vintage Top,29.12
2026-06-22,Vintage Top,29.12
2026-06-23,Vintage Top,29.12
2026-06-24,Vintage Top,29.12
2026-06-25,Vintage Top,29.12
2026-06-26,Vintage Top,29.12
2026-06-27,Vintage Top,29.12
2026-06-28,Vintage Top,29.12
2026-06-29,Vintage Top,29.12
2026-06-30,Vintage Top,29.12
2026-07-01,Vintage Top,29.12
2026-07-02,Vintage Top,29.12
2026-07-03,Vintage Top,29.12
2026-07-04,Vintage Top,29.12
2026-07-05,Vintage Top,29.12
2026-07-06,Vintage Top,29.12
2026-07-07,Vintage Top,29.12
2026-07-08,Vintage Top,29.12
2026-07-09,Vintage Top,29.12
2026-07-10,Vintage Top,29.12
2026-07-11,Vintage Top,29.12
2026-07-12,Vintage Top,29.12
2026-07-13,Vintage Top,29.12
2026-07-14,Vintage Top,29.12
2026-07-15,Vintage Top,29.12
2026-07-16,Vintage Top,29.12
2026-07-17,Vintage Top,29.12
2026-07-18,Vintage Top,29.12
2026-07-19,Vintage Top,29.12
2026-07-20,Vintage Top,29.12
2026-07-21,Vintage Top,29.12
2026-07-22,Vintage Top,29.12
2026-07-23,Vintage Top,29.12
2026-07-24,Vintage Top,29.12
2026-07-25,Vintage Top,29.12
2026-07-26,Vintage Top,29.12
2026-07-27,Vintage Top,29.12
2026-07-28,Vintage Top,29.12
2026-07-29,Vintage Top,29.12
2026-05-01,Maxi Dress,28.13
2026-05-02,Maxi Dress,27.37
2026-05-03,Maxi Dress,27.32
2026-05-04,Maxi Dress,27.32
2026-05-05,Maxi Dress,27.32
2026-05-06,Maxi Dress,27.32
2026-05-07,Maxi Dress,27.32
2026-05-08,Maxi Dress,27.32
2026-05-09,Maxi Dress,27.32
2026-05-10,Maxi Dress,27.32
2026-05-11,Maxi Dress,27.32
2026-05-12,Maxi Dress,27.32
2026-05-13,Maxi Dress,27.32
2026-05-14,Maxi Dress,27.32
2026-05-15,Maxi Dress,27.32
2026-05-16,Maxi Dress,27.32
2026-05-17,Maxi Dress,27.32
2026-05-18,Maxi Dress,27.32
2026-05-19,Maxi Dress,27.32
2026-05-20,Maxi Dress,27.32
2026-05-21,Maxi Dress,27.32
2026-05-22,Maxi Dress,27.32
2026-05-23,Maxi Dress,27.32
2026-05-24,Maxi Dress,27.32
2026-05-25,Maxi Dress,27.32
2026-05-26,Maxi Dress,27.32
2026-05-27,Maxi Dress,27.32
2026-05-28,Maxi Dress,27.32
2026-05-29,Maxi Dress,27.32
2026-05-30,Maxi Dress,27.32
2026-05-31,Maxi Dress,27.32
2026-06-01,Maxi Dress,27.32
2026-06-02,Maxi Dress,27.32
2026-06-03,Maxi Dress,27.32
2026-06-04,Maxi Dress,27.32
2026-06-05,Maxi Dress,27.32
2026-06-06,Maxi Dress,27.32
2026-06-07,Maxi Dress,27.32
2026-06-08,Maxi Dress,27.32
2026-06-09,Maxi Dress,27.32
2026-06-10,Maxi Dress,27.32
2026-06-11,Maxi Dress,27.32
2026-06-12,Maxi Dress,27.32
2026-06-13,Maxi Dress,27.32
2026-06-14,Maxi Dress,27.32
2026-06-15,Maxi Dress,27.32
2026-06-16,Maxi Dress,27.32
2026-06-17,Maxi Dress,27.32
2026-06-18,Maxi Dress,27.32
2026-06-19,Maxi Dress,27.32
2026-06-20,Maxi Dress,27.32
2026-06-21,Maxi Dress,27.32
2026-06-22,Maxi Dress,27.32
2026-06-23,Maxi Dress,27.32
2026-06-24,Maxi Dress,27.32
2026-06-25,Maxi Dress,27.32
2026-06-26,Maxi Dress,27.32
2026-06-27,Maxi Dress,27.32
2026-06-28,Maxi Dress,27.32
2026-06-29,Maxi Dress,27.32
2026-06-30,Maxi Dress,27.32
2026-07-01,Maxi Dress,27.32
2026-07-02,Maxi Dress,27.32
2026-07-03,Maxi Dress,27.32
2026-07-04,Maxi Dress,27.32
2026-07-05,Maxi Dress,27.32
2026-07-06,Maxi Dress,27.32
2026-07-07,Maxi Dress,27.32
2026-07-08,Maxi Dress,27.32
2026-07-09,Maxi Dress,27.32
2026-07-10,Maxi Dress,27.32
2026-07-11,Maxi Dress,27.32
2026-07-12,Maxi Dress,27.32
2026-07-13,Maxi Dress,27.32
2026-07-14,Maxi Dress,27.32
2026-07-15,Maxi Dress,27.32
2026-07-16,Maxi Dress,27.32
2026-07-17,Maxi Dress,27.32
2026-07-18,Maxi Dress,27.32
2026-07-19,Maxi Dress,27.32
2026-07-20,Maxi Dress,27.32
2026-07-21,Maxi Dress,27.32
2026-07-22,Maxi Dress,27.32
2026-07-23,Maxi Dress,27.32
2026-07-24,Maxi Dress,27.32
2026-07-25,Maxi Dress,27.32
2026-07-26,Maxi Dress,27.32
2026-07-27,Maxi Dress,27.32
2026-07-28,Maxi Dress,27.32
2026-07-29,Maxi Dress,27.32
2026-05-01,Sneakers,31.89
2026-05-02,Sneakers,32.87
2026-05-03,Sneakers,32.81
2026-05-04,Sneakers,32.82
2026-05-05,Sneakers,32.82
2026-05-06,Sneakers,32.82
2026-05-07,Sneakers,32.82
2026-05-08,Sneakers,32.82
2026-05-09,Sneakers,32.82
2026-05-10,Sneakers,32.82
2026-05-11,Sneakers,32.82
2026-05-12,Sneakers,32.82
2026-05-13,Sneakers,32.82
2026-05-14,Sneakers,32.82
2026-05-15,Sneakers,32.82
2026-05-16,Sneakers,32.82
2026-05-17,Sneakers,32.82
2026-05-18,Sneakers,32.82
2026-05-19,Sneakers,32.82
2026-05-20,Sneakers,32.82
2026-05-21,Sneakers,32.82
2026-05-22,Sneakers,32.82
2026-05-23,Sneakers,32.82
2026-05-24,Sneakers,32.82
2026-05-25,Sneakers,32.82
2026-05-26,Sneakers,32.82
2026-05-27,Sneakers,32.82
2026-05-28,Sneakers,32.82
2026-05-29,Sneakers,32.82
2026-05-30,Sneakers,32.82
2026-05-31,Sneakers,32.82
2026-06-01,Sneakers,32.82
2026-06-02,Sneakers,32.82
2026-06-03,Sneakers,32.82
2026-06-04,Sneakers,32.82
2026-06-05,Sneakers,32.82
2026-06-06,Sneakers,32.82
2026-06-07,Sneakers,32.82
2026-06-08,Sneakers,32.82
2026-06-09,Sneakers,32.82
2026-06-10,Sneakers,32.82
2026-06-11,Sneakers,32.82
2026-06-12,Sneakers,32.82
2026-06-13,Sneakers,32.82
2026-06-14,Sneakers,32.82
2026-06-15,Sneakers,32.82
2026-06-16,Sneakers,32.82
2026-06-17,Sneakers,32.82
2026-06-18,Sneakers,32.82
2026-06-19,Sneakers,32.82
2026-06-20,Sneakers,32.82
2026-06-21,Sneakers,32.82
2026-06-22,Sneakers,32.82
2026-06-23,Sneakers,32.82
2026-06-24,Sneakers,32.82
2026-06-25,Sneakers,32.82
2026-06-26,Sneakers,32.82
2026-06-27,Sneakers,32.82
2026-06-28,Sneakers,32.82
2026-06-29,Sneakers,32.82
2026-06-30,Sneakers,32.82
2026-07-01,Sneakers,32.82
2026-07-02,Sneakers,32.82
2026-07-03,Sneakers,32.82
2026-07-04,Sneakers,32.82
2026-07-05,Sneakers,32.82
2026-07-06,Sneakers,32.82
2026-07-07,Sneakers,32.82
2026-07-08,Sneakers,32.82
2026-07-09,Sneakers,32.82
2026-07-10,Sneakers,32.82
2026-07-11,Sneakers,32.82
2026-07-12,Sneakers,32.82
2026-07-13,Sneakers,32.82
2026-07-14,Sneakers,32.82
2026-07-15,Sneakers,32.82
2026-07-16,Sneakers,32.82
2026-07-17,Sneakers,32.82
2026-07-18,Sneakers,32.82
2026-07-19,Sneakers,32.82
2026-07-20,Sneakers,32.82
2026-07-21,Sneakers,32.82
2026-07-22,Sneakers,32.82
2026-07-23,Sneakers,32.82
2026-07-24,Sneakers,32.82
2026-07-25,Sneakers,32.82
2026-07-26,Sneakers,32.82
2026-07-27,Sneakers,32.82
2026-07-28,Sneakers,32.82
2026-07-29,Sneakers,32.82
2026-05-01,Kaos Kaki,31.9
2026-05-02,Kaos Kaki,31.18
2026-05-03,Kaos Kaki,31.15
2026-05-04,Kaos Kaki,31.15
2026-05-05,Kaos Kaki,31.15
2026-05-06,Kaos Kaki,31.15
2026-05-07,Kaos Kaki,31.15
2026-05-08,Kaos Kaki,31.15
2026-05-09,Kaos Kaki,31.15
2026-05-10,Kaos Kaki,31.15
2026-05-11,Kaos Kaki,31.15
2026-05-12,Kaos Kaki,31.15
2026-05-13,Kaos Kaki,31.15
2026-05-14,Kaos Kaki,31.15
2026-05-15,Kaos Kaki,31.15
2026-05-16,Kaos Kaki,31.15
2026-05-17,Kaos Kaki,31.15
2026-05-18,Kaos Kaki,31.15
2026-05-19,Kaos Kaki,31.15
2026-05-20,Kaos Kaki,31.15
2026-05-21,Kaos Kaki,31.15
2026-05-22,Kaos Kaki,31.15
2026-05-23,Kaos Kaki,31.15
2026-05-24,Kaos Kaki,31.15
2026-05-25,Kaos Kaki,31.15
2026-05-26,Kaos Kaki,31.15
2026-05-27,Kaos Kaki,31.15
2026-05-28,Kaos Kaki,31.15
2026-05-29,Kaos Kaki,31.15
2026-05-30,Kaos Kaki,31.15
2026-05-31,Kaos Kaki,31.15
2026-06-01,Kaos Kaki,31.15
2026-06-02,Kaos Kaki,31.15
2026-06-03,Kaos Kaki,31.15
2026-06-04,Kaos Kaki,31.15
2026-06-05,Kaos Kaki,31.15
2026-06-06,Kaos Kaki,31.15
2026-06-07,Kaos Kaki,31.15
2026-06-08,Kaos Kaki,31.15
2026-06-09,Kaos Kaki,31.15
2026-06-10,Kaos Kaki,31.15
2026-06-11,Kaos Kaki,31.15
2026-06-12,Kaos Kaki,31.15
2026-06-13,Kaos Kaki,31.15
2026-06-14,Kaos Kaki,31.15
2026-06-15,Kaos Kaki,31.15
2026-06-16,Kaos Kaki,31.15
2026-06-17,Kaos Kaki,31.15
2026-06-18,Kaos Kaki,31.15
2026-06-19,Kaos Kaki,31.15
2026-06-20,Kaos Kaki,31.15
2026-06-21,Kaos Kaki,31.15
2026-06-22,Kaos Kaki,31.15
2026-06-23,Kaos Kaki,31.15
2026-06-24,Kaos Kaki,31.15
2026-06-25,Kaos Kaki,31.15
2026-06-26,Kaos Kaki,31.15
2026-06-27,Kaos Kaki,31.15
2026-06-28,Kaos Kaki,31.15
2026-06-29,Kaos Kaki,31.15
2026-06-30,Kaos Kaki,31.15
2026-07-01,Kaos Kaki,31.15
2026-07-02,Kaos Kaki,31.15
2026-07-03,Kaos Kaki,31.15
2026-07-04,Kaos Kaki,31.15
2026-07-05,Kaos Kaki,31.15
2026-07-06,Kaos Kaki,31.15
2026-07-07,Kaos Kaki,31.15
2026-07-08,Kaos Kaki,31.15
2026-07-09,Kaos Kaki,31.15
2026-07-10,Kaos Kaki,31.15
2026-07-11,Kaos Kaki,31.15
2026-07-12,Kaos Kaki,31.15
2026-07-13,Kaos Kaki,31.15
2026-07-14,Kaos Kaki,31.15
2026-07-15,Kaos Kaki,31.15
2026-07-16,Kaos Kaki,31.15
2026-07-17,Kaos Kaki,31.15
2026-07-18,Kaos Kaki,31.15
2026-07-19,Kaos Kaki,31.15
2026-07-20,Kaos Kaki,31.15
2026-07-21,Kaos Kaki,31.15
2026-07-22,Kaos Kaki,31.15
2026-07-23,Kaos Kaki,31.15
2026-07-24,Kaos Kaki,31.15
2026-07-25,Kaos Kaki,31.15
2026-07-26,Kaos Kaki,31.15
2026-07-27,Kaos Kaki,31.15
2026-07-28,Kaos Kaki,31.15
2026-07-29,Kaos Kaki,31.15
2026-05-01,Hoodie,111.24
2026-05-02,Hoodie,108.13
2026-05-03,Hoodie,111.11
2026-05-04,Hoodie,108.25
2026-05-05,Hoodie,110.99
2026-05-06,Hoodie,108.37
2026-05-07,Hoodie,110.89
2026-05-08,Hoodie,108.47
2026-05-09,Hoodie,110.79
2026-05-10,Hoodie,108.56
2026-05-11,Hoodie,110.7
2026-05-12,Hoodie,108.65
2026-05-13,Hoodie,110.61
2026-05-14,Hoodie,108.73
2026-05-15,Hoodie,110.54
2026-05-16,Hoodie,108.81
2026-05-17,Hoodie,110.47
2026-05-18,Hoodie,108.87
2026-05-19,Hoodie,110.4
2026-05-20,Hoodie,108.94
2026-05-21,Hoodie,110.34
2026-05-22,Hoodie,108.99
2026-05-23,Hoodie,110.29
2026-05-24,Hoodie,109.05
2026-05-25,Hoodie,110.23
2026-05-26,Hoodie,109.1
2026-05-27,Hoodie,110.19
2026-05-28,Hoodie,109.14
2026-05-29,Hoodie,110.14
2026-05-30,Hoodie,109.18
2026-05-31,Hoodie,110.11
2026-06-01,Hoodie,109.22
2026-06-02,Hoodie,110.07
2026-06-03,Hoodie,109.25
2026-06-04,Hoodie,110.04
2026-06-05,Hoodie,109.29
2026-06-06,Hoodie,110.01
2026-06-07,Hoodie,109.31
2026-06-08,Hoodie,109.98
2026-06-09,Hoodie,109.34
2026-06-10,Hoodie,109.95
2026-06-11,Hoodie,109.37
2026-06-12,Hoodie,109.93
2026-06-13,Hoodie,109.39
2026-06-14,Hoodie,109.9
2026-06-15,Hoodie,109.41
2026-06-16,Hoodie,109.88
2026-06-17,Hoodie,109.43
2026-06-18,Hoodie,109.87
2026-06-19,Hoodie,109.45
2026-06-20,Hoodie,109.85
2026-06-21,Hoodie,109.46
2026-06-22,Hoodie,109.83
2026-06-23,Hoodie,109.48
2026-06-24,Hoodie,109.82
2026-06-25,Hoodie,109.49
2026-06-26,Hoodie,109.81
2026-06-27,Hoodie,109.51
2026-06-28,Hoodie,109.79
2026-06-29,Hoodie,109.52
2026-06-30,Hoodie,109.78
2026-07-01,Hoodie,109.53
2026-07-02,Hoodie,109.77
2026-07-03,Hoodie,109.54
2026-07-04,Hoodie,109.76
2026-07-05,Hoodie,109.55
2026-07-06,Hoodie,109.75
2026-07-07,Hoodie,109.56
2026-07-08,Hoodie,109.75
2026-07-09,Hoodie,109.56
2026-07-10,Hoodie,109.74
2026-07-11,Hoodie,109.57
2026-07-12,Hoodie,109.73
2026-07-13,Hoodie,109.58
2026-07-14,Hoodie,109.72
2026-07-15,Hoodie,109.58
2026-07-16,Hoodie,109.72
2026-07-17,Hoodie,109.59
2026-07-18,Hoodie,109.71
2026-07-19,Hoodie,109.59
2026-07-20,Hoodie,109.71
2026-07-21,Hoodie,109.6
2026-07-22,Hoodie,109.7
2026-07-23,Hoodie,109.6
2026-07-24,Hoodie,109.7
2026-07-25,Hoodie,109.61
2026-07-26,Hoodie,109.7
2026-07-27,Hoodie,109.61
2026-07-28,Hoodie,109.69
2026-07-29,Hoodie,109.61
2026-05-01,Athleisure Set,35.22
2026-05-02,Athleisure Set,32.73
2026-05-03,Athleisure Set,32.43
2026-05-04,Athleisure Set,32.4
2026-05-05,Athleisure Set,32.39
2026-05-06,Athleisure Set,32.39
2026-05-07,Athleisure Set,32.39
2026-05-08,Athleisure Set,32.39
2026-05-09,Athleisure Set,32.39
2026-05-10,Athleisure Set,32.39
2026-05-11,Athleisure Set,32.39
2026-05-12,Athleisure Set,32.39
2026-05-13,Athleisure Set,32.39
2026-05-14,Athleisure Set,32.39
2026-05-15,Athleisure Set,32.39
2026-05-16,Athleisure Set,32.39
2026-05-17,Athleisure Set,32.39
2026-05-18,Athleisure Set,32.39
2026-05-19,Athleisure Set,32.39
2026-05-20,Athleisure Set,32.39
2026-05-21,Athleisure Set,32.39
2026-05-22,Athleisure Set,32.39
2026-05-23,Athleisure Set,32.39
2026-05-24,Athleisure Set,32.39
2026-05-25,Athleisure Set,32.39
2026-05-26,Athleisure Set,32.39
2026-05-27,Athleisure Set,32.39
2026-05-28,Athleisure Set,32.39
2026-05-29,Athleisure Set,32.39
2026-05-30,Athleisure Set,32.39
2026-05-31,Athleisure Set,32.39
2026-06-01,Athleisure Set,32.39
2026-06-02,Athleisure Set,32.39
2026-06-03,Athleisure Set,32.39
2026-06-04,Athleisure Set,32.39
2026-06-05,Athleisure Set,32.39
2026-06-06,Athleisure Set,32.39
2026-06-07,Athleisure Set,32.39
2026-06-08,Athleisure Set,32.39
2026-06-09,Athleisure Set,32.39
2026-06-10,Athleisure Set,32.39
2026-06-11,Athleisure Set,32.39
2026-06-12,Athleisure Set,32.39
2026-06-13,Athleisure Set,32.39
2026-06-14,Athleisure Set,32.39
2026-06-15,Athleisure Set,32.39
2026-06-16,Athleisure Set,32.39
2026-06-17,Athleisure Set,32.39
2026-06-18,Athleisure Set,32.39
2026-06-19,Athleisure Set,32.39
2026-06-20,Athleisure Set,32.39
2026-06-21,Athleisure Set,32.39
2026-06-22,Athleisure Set,32.39
2026-06-23,Athleisure Set,32.39
2026-06-24,Athleisure Set,32.39
2026-06-25,Athleisure Set,32.39
2026-06-26,Athleisure Set,32.39
2026-06-27,Athleisure Set,32.39
2026-06-28,Athleisure Set,32.39
2026-06-29,Athleisure Set,32.39
2026-06-30,Athleisure Set,32.39
2026-07-01,Athleisure Set,32.39
2026-07-02,Athleisure Set,32.39
2026-07-03,Athleisure Set,32.39
2026-07-04,Athleisure Set,32.39
2026-07-05,Athleisure Set,32.39
2026-07-06,Athleisure Set,32.39
2026-07-07,Athleisure Set,32.39
2026-07-08,Athleisure Set,32.39
2026-07-09,Athleisure Set,32.39
2026-07-10,Athleisure Set,32.39
2026-07-11,Athleisure Set,32.39
2026-07-12,Athleisure Set,32.39
2026-07-13,Athleisure Set,32.39
2026-07-14,Athleisure Set,32.39
2026-07-15,Athleisure Set,32.39
2026-07-16,Athleisure Set,32.39
2026-07-17,Athleisure Set,32.39
2026-07-18,Athleisure Set,32.39
2026-07-19,Athleisure Set,32.39
2026-07-20,Athleisure Set,32.39
2026-07-21,Athleisure Set,32.39
2026-07-22,Athleisure Set,32.39
2026-07-23,Athleisure Set,32.39
2026-07-24,Athleisure Set,32.39
2026-07-25,Athleisure Set,32.39
2026-07-26,Athleisure Set,32.39
2026-07-27,Athleisure Set,32.39
2026-07-28,Athleisure Set,32.39
2026-07-29,Athleisure Set,32.39
2026-05-01,Bodycon Dress,30.54
2026-05-02,Bodycon Dress,31.27
2026-05-03,Bodycon Dress,31.24
2026-05-04,Bodycon Dress,31.24
2026-05-05,Bodycon Dress,31.24
2026-05-06,Bodycon Dress,31.24
2026-05-07,Bodycon Dress,31.24
2026-05-08,Bodycon Dress,31.24
2026-05-09,Bodycon Dress,31.24
2026-05-10,Bodycon Dress,31.24
2026-05-11,Bodycon Dress,31.24
2026-05-12,Bodycon Dress,31.24
2026-05-13,Bodycon Dress,31.24
2026-05-14,Bodycon Dress,31.24
2026-05-15,Bodycon Dress,31.24
2026-05-16,Bodycon Dress,31.24
2026-05-17,Bodycon Dress,31.24
2026-05-18,Bodycon Dress,31.24
2026-05-19,Bodycon Dress,31.24
2026-05-20,Bodycon Dress,31.24
2026-05-21,Bodycon Dress,31.24
2026-05-22,Bodycon Dress,31.24
2026-05-23,Bodycon Dress,31.24
2026-05-24,Bodycon Dress,31.24
2026-05-25,Bodycon Dress,31.24
2026-05-26,Bodycon Dress,31.24
2026-05-27,Bodycon Dress,31.24
2026-05-28,Bodycon Dress,31.24
2026-05-29,Bodycon Dress,31.24
2026-05-30,Bodycon Dress,31.24
2026-05-31,Bodycon Dress,31.24
2026-06-01,Bodycon Dress,31.24
2026-06-02,Bodycon Dress,31.24
2026-06-03,Bodycon Dress,31.24
2026-06-04,Bodycon Dress,31.24
2026-06-05,Bodycon Dress,31.24
2026-06-06,Bodycon Dress,31.24
2026-06-07,Bodycon Dress,31.24
2026-06-08,Bodycon Dress,31.24
2026-06-09,Bodycon Dress,31.24
2026-06-10,Bodycon Dress,31.24
2026-06-11,Bodycon Dress,31.24
2026-06-12,Bodycon Dress,31.24
2026-06-13,Bodycon Dress,31.24
2026-06-14,Bodycon Dress,31.24
2026-06-15,Bodycon Dress,31.24
2026-06-16,Bodycon Dress,31.24
2026-06-17,Bodycon Dress,31.24
2026-06-18,Bodycon Dress,31.24
2026-06-19,Bodycon Dress,31.24
2026-06-20,Bodycon Dress,31.24
2026-06-21,Bodycon Dress,31.24
2026-06-22,Bodycon Dress,31.24
2026-06-23,Bodycon Dress,31.24
2026-06-24,Bodycon Dress,31.24
2026-06-25,Bodycon Dress,31.24
2026-06-26,Bodycon Dress,31.24
2026-06-27,Bodycon Dress,31.24
2026-06-28,Bodycon Dress,31.24
2026-06-29,Bodycon Dress,31.24
2026-06-30,Bodycon Dress,31.24
2026-07-01,Bodycon Dress,31.24
2026-07-02,Bodycon Dress,31.24
2026-07-03,Bodycon Dress,31.24
2026-07-04,Bodycon Dress,31.24
2026-07-05,Bodycon Dress,31.24
2026-07-06,Bodycon Dress,31.24
2026-07-07,Bodycon Dress,31.24
2026-07-08,Bodycon Dress,31.24
2026-07-09,Bodycon Dress,31.24
2026-07-10,Bodycon Dress,31.24
2026-07-11,Bodycon Dress,31.24
2026-07-12,Bodycon Dress,31.24
2026-07-13,Bodycon Dress,31.24
2026-07-14,Bodycon Dress,31.24
2026-07-15,Bodycon Dress,31.24
2026-07-16,Bodycon Dress,31.24
2026-07-17,Bodycon Dress,31.24
2026-07-18,Bodycon Dress,31.24
2026-07-19,Bodycon Dress,31.24
2026-07-20,Bodycon Dress,31.24
2026-07-21,Bodycon Dress,31.24
2026-07-22,Bodycon Dress,31.24
2026-07-23,Bodycon Dress,31.24
2026-07-24,Bodycon Dress,31.24
2026-07-25,Bodycon Dress,31.24
2026-07-26,Bodycon Dress,31.24
2026-07-27,Bodycon Dress,31.24
2026-07-28,Bodycon Dress,31.24
2026-07-29,Bodycon Dress,31.24
2026-05-01,Oversized Shirt,30.25
2026-05-02,Oversized Shirt,31.2
2026-05-03,Oversized Shirt,31.16
2026-05-04,Oversized Shirt,31.16
2026-05-05,Oversized Shirt,31.16
2026-05-06,Oversized Shirt,31.16
2026-05-07,Oversized Shirt,31.16
2026-05-08,Oversized Shirt,31.16
2026-05-09,Oversized Shirt,31.16
2026-05-10,Oversized Shirt,31.16
2026-05-11,Oversized Shirt,31.16
2026-05-12,Oversized Shirt,31.16
2026-05-13,Oversized Shirt,31.16
2026-05-14,Oversized Shirt,31.16
2026-05-15,Oversized Shirt,31.16
2026-05-16,Oversized Shirt,31.16
2026-05-17,Oversized Shirt,31.16
2026-05-18,Oversized Shirt,31.16
2026-05-19,Oversized Shirt,31.16
2026-05-20,Oversized Shirt,31.16
2026-05-21,Oversized Shirt,31.16
2026-05-22,Oversized Shirt,31.16
2026-05-23,Oversized Shirt,31.16
2026-05-24,Oversized Shirt,31.16
2026-05-25,Oversized Shirt,31.16
2026-05-26,Oversized Shirt,31.16
2026-05-27,Oversized Shirt,31.16
2026-05-28,Oversized Shirt,31.16
2026-05-29,Oversized Shirt,31.16
2026-05-30,Oversized Shirt,31.16
2026-05-31,Oversized Shirt,31.16
2026-06-01,Oversized Shirt,31.16
2026-06-02,Oversized Shirt,31.16
2026-06-03,Oversized Shirt,31.16
2026-06-04,Oversized Shirt,31.16
2026-06-05,Oversized Shirt,31.16
2026-06-06,Oversized Shirt,31.16
2026-06-07,Oversized Shirt,31.16
2026-06-08,Oversized Shirt,31.16
2026-06-09,Oversized Shirt,31.16
2026-06-10,Oversized Shirt,31.16
2026-06-11,Oversized Shirt,31.16
2026-06-12,Oversized Shirt,31.16
2026-06-13,Oversized Shirt,31.16
2026-06-14,Oversized Shirt,31.16
2026-06-15,Oversized Shirt,31.16
2026-06-16,Oversized Shirt,31.16
2026-06-17,Oversized Shirt,31.16
2026-06-18,Oversized Shirt,31.16
2026-06-19,Oversized Shirt,31.16
2026-06-20,Oversized Shirt,31.16
2026-06-21,Oversized Shirt,31.16
2026-06-22,Oversized Shirt,31.16
2026-06-23,Oversized Shirt,31.16
2026-06-24,Oversized Shirt,31.16
2026-06-25,Oversized Shirt,31.16
2026-06-26,Oversized Shirt,31.16
2026-06-27,Oversized Shirt,31.16
2026-06-28,Oversized Shirt,31.16
2026-06-29,Oversized Shirt,31.16
2026-06-30,Oversized Shirt,31.16
2026-07-01,Oversized Shirt,31.16
2026-07-02,Oversized Shirt,31.16
2026-07-03,Oversized Shirt,31.16
2026-07-04,Oversized Shirt,31.16
2026-07-05,Oversized Shirt,31.16
2026-07-06,Oversized Shirt,31.16
2026-07-07,Oversized Shirt,31.16
2026-07-08,Oversized Shirt,31.16
2026-07-09,Oversized Shirt,31.16
2026-07-10,Oversized Shirt,31.16
2026-07-11,Oversized Shirt,31.16
2026-07-12,Oversized Shirt,31.16
2026-07-13,Oversized Shirt,31.16
2026-07-14,Oversized Shirt,31.16
2026-07-15,Oversized Shirt,31.16
2026-07-16,Oversized Shirt,31.16
2026-07-17,Oversized Shirt,31.16
2026-07-18,Oversized Shirt,31.16
2026-07-19,Oversized Shirt,31.16
2026-07-20,Oversized Shirt,31.16
2026-07-21,Oversized Shirt,31.16
2026-07-22,Oversized Shirt,31.16
2026-07-23,Oversized Shirt,31.16
2026-07-24,Oversized Shirt,31.16
2026-07-25,Oversized Shirt,31.16
2026-07-26,Oversized Shirt,31.16
2026-07-27,Oversized Shirt,31.16
2026-07-28,Oversized Shirt,31.16
2026-07-29,Oversized Shirt,31.16
2026-05-01,Heels,28.2
2026-05-02,Heels,28.85
2026-05-03,Heels,28.83
2026-05-04,Heels,28.83
2026-05-05,Heels,28.83
2026-05-06,Heels,28.83
2026-05-07,Heels,28.83
2026-05-08,Heels,28.83
2026-05-09,Heels,28.83
2026-05-10,Heels,28.83
2026-05-11,Heels,28.83
2026-05-12,Heels,28.83
2026-05-13,Heels,28.83
2026-05-14,Heels,28.83
2026-05-15,Heels,28.83
2026-05-16,Heels,28.83
2026-05-17,Heels,28.83
2026-05-18,Heels,28.83
2026-05-19,Heels,28.83
2026-05-20,Heels,28.83
2026-05-21,Heels,28.83
2026-05-22,Heels,28.83
2026-05-23,Heels,28.83
2026-05-24,Heels,28.83
2026-05-25,Heels,28.83
2026-05-26,Heels,28.83
2026-05-27,Heels,28.83
2026-05-28,Heels,28.83
2026-05-29,Heels,28.83
2026-05-30,Heels,28.83
2026-05-31,Heels,28.83
2026-06-01,Heels,28.83
2026-06-02,Heels,28.83
2026-06-03,Heels,28.83
2026-06-04,Heels,28.83
2026-06-05,Heels,28.83
2026-06-06,Heels,28.83
2026-06-07,Heels,28.83
2026-06-08,Heels,28.83
2026-06-09,Heels,28.83
2026-06-10,Heels,28.83
2026-06-11,Heels,28.83
2026-06-12,Heels,28.83
2026-06-13,Heels,28.83
2026-06-14,Heels,28.83
2026-06-15,Heels,28.83
2026-06-16,Heels,28.83
2026-06-17,Heels,28.83
2026-06-18,Heels,28.83
2026-06-19,Heels,28.83
2026-06-20,Heels,28.83
2026-06-21,Heels,28.83
2026-06-22,Heels,28.83
2026-06-23,Heels,28.83
2026-06-24,Heels,28.83
2026-06-25,Heels,28.83
2026-06-26,Heels,28.83
2026-06-27,Heels,28.83
2026-06-28,Heels,28.83
2026-06-29,Heels,28.83
2026-06-30,Heels,28.83
2026-07-01,Heels,28.83
2026-07-02,Heels,28.83
2026-07-03,Heels,28.83
2026-07-04,Heels,28.83
2026-07-05,Heels,28.83
2026-07-06,Heels,28.83
2026-07-07,Heels,28.83
2026-07-08,Heels,28.83
2026-07-09,Heels,28.83
2026-07-10,Heels,28.83
2026-07-11,Heels,28.83
2026-07-12,Heels,28.83
2026-07-13,Heels,28.83
2026-07-14,Heels,28.83
2026-07-15,Heels,28.83
2026-07-16,Heels,28.83
2026-07-17,Heels,28.83
2026-07-18,Heels,28.83
2026-07-19,Heels,28.83
2026-07-20,Heels,28.83
2026-07-21,Heels,28.83
2026-07-22,Heels,28.83
2026-07-23,Heels,28.83
2026-07-24,Heels,28.83
2026-07-25,Heels,28.83
2026-07-26,Heels,28.83
2026-07-27,Heels,28.83
2026-07-28,Heels,28.83
2026-07-29,Heels,28.83
2026-05-01,Flat Shoes,17.48
2026-05-02,Flat Shoes,18.5
2026-05-03,Flat Shoes,18.41
2026-05-04,Flat Shoes,18.42
2026-05-05,Flat Shoes,18.42
2026-05-06,Flat Shoes,18.42
2026-05-07,Flat Shoes,18.42
2026-05-08,Flat Shoes,18.42
2026-05-09,Flat Shoes,18.42
2026-05-10,Flat Shoes,18.42
2026-05-11,Flat Shoes,18.42
2026-05-12,Flat Shoes,18.42
2026-05-13,Flat Shoes,18.42
2026-05-14,Flat Shoes,18.42
2026-05-15,Flat Shoes,18.42
2026-05-16,Flat Shoes,18.42
2026-05-17,Flat Shoes,18.42
2026-05-18,Flat Shoes,18.42
2026-05-19,Flat Shoes,18.42
2026-05-20,Flat Shoes,18.42
2026-05-21,Flat Shoes,18.42
2026-05-22,Flat Shoes,18.42
2026-05-23,Flat Shoes,18.42
2026-05-24,Flat Shoes,18.42
2026-05-25,Flat Shoes,18.42
2026-05-26,Flat Shoes,18.42
2026-05-27,Flat Shoes,18.42
2026-05-28,Flat Shoes,18.42
2026-05-29,Flat Shoes,18.42
2026-05-30,Flat Shoes,18.42
2026-05-31,Flat Shoes,18.42
2026-06-01,Flat Shoes,18.42
2026-06-02,Flat Shoes,18.42
2026-06-03,Flat Shoes,18.42
2026-06-04,Flat Shoes,18.42
2026-06-05,Flat Shoes,18.42
2026-06-06,Flat Shoes,18.42
2026-06-07,Flat Shoes,18.42
2026-06-08,Flat Shoes,18.42
2026-06-09,Flat Shoes,18.42
2026-06-10,Flat Shoes,18.42
2026-06-11,Flat Shoes,18.42
2026-06-12,Flat Shoes,18.42
2026-06-13,Flat Shoes,18.42
2026-06-14,Flat Shoes,18.42
2026-06-15,Flat Shoes,18.42
2026-06-16,Flat Shoes,18.42
2026-06-17,Flat Shoes,18.42
2026-06-18,Flat Shoes,18.42
2026-06-19,Flat Shoes,18.42
2026-06-20,Flat Shoes,18.42
2026-06-21,Flat Shoes,18.42
2026-06-22,Flat Shoes,18.42
2026-06-23,Flat Shoes,18.42
2026-06-24,Flat Shoes,18.42
2026-06-25,Flat Shoes,18.42
2026-06-26,Flat Shoes,18.42
2026-06-27,Flat Shoes,18.42
2026-06-28,Flat Shoes,18.42
2026-06-29,Flat Shoes,18.42
2026-06-30,Flat Shoes,18.42
2026-07-01,Flat Shoes,18.42
2026-07-02,Flat Shoes,18.42
2026-07-03,Flat Shoes,18.42
2026-07-04,Flat Shoes,18.42
2026-07-05,Flat Shoes,18.42
2026-07-06,Flat Shoes,18.42
2026-07-07,Flat Shoes,18.42
2026-07-08,Flat Shoes,18.42
2026-07-09,Flat Shoes,18.42
2026-07-10,Flat Shoes,18.42
2026-07-11,Flat Shoes,18.42
2026-07-12,Flat Shoes,18.42
2026-07-13,Flat Shoes,18.42
2026-07-14,Flat Shoes,18.42
2026-07-15,Flat Shoes,18.42
2026-07-16,Flat Shoes,18.42
2026-07-17,Flat Shoes,18.42
2026-07-18,Flat Shoes,18.42
2026-07-19,Flat Shoes,18.42
2026-07-20,Flat Shoes,18.42
2026-07-21,Flat Shoes,18.42
2026-07-22,Flat Shoes,18.42
2026-07-23,Flat Shoes,18.42
2026-07-24,Flat Shoes,18.42
2026-07-25,Flat Shoes,18.42
2026-07-26,Flat Shoes,18.42
2026-07-27,Flat Shoes,18.42
2026-07-28,Flat Shoes,18.42
2026-07-29,Flat Shoes,18.42
2026-05-01,Wedges,17.2
2026-05-02,Wedges,16.8
2026-05-03,Wedges,16.79
2026-05-04,Wedges,16.79
2026-05-05,Wedges,16.79
2026-05-06,Wedges,16.79
2026-05-07,Wedges,16.79
2026-05-08,Wedges,16.79
2026-05-09,Wedges,16.79
2026-05-10,Wedges,16.79
2026-05-11,Wedges,16.79
2026-05-12,Wedges,16.79
2026-05-13,Wedges,16.79
2026-05-14,Wedges,16.79
2026-05-15,Wedges,16.79
2026-05-16,Wedges,16.79
2026-05-17,Wedges,16.79
2026-05-18,Wedges,16.79
2026-05-19,Wedges,16.79
2026-05-20,Wedges,16.79
2026-05-21,Wedges,16.79
2026-05-22,Wedges,16.79
2026-05-23,Wedges,16.79
2026-05-24,Wedges,16.79
2026-05-25,Wedges,16.79
2026-05-26,Wedges,16.79
2026-05-27,Wedges,16.79
2026-05-28,Wedges,16.79
2026-05-29,Wedges,16.79
2026-05-30,Wedges,16.79
2026-05-31,Wedges,16.79
2026-06-01,Wedges,16.79
2026-06-02,Wedges,16.79
2026-06-03,Wedges,16.79
2026-06-04,Wedges,16.79
2026-06-05,Wedges,16.79
2026-06-06,Wedges,16.79
2026-06-07,Wedges,16.79
2026-06-08,Wedges,16.79
2026-06-09,Wedges,16.79
2026-06-10,Wedges,16.79
2026-06-11,Wedges,16.79
2026-06-12,Wedges,16.79
2026-06-13,Wedges,16.79
2026-06-14,Wedges,16.79
2026-06-15,Wedges,16.79
2026-06-16,Wedges,16.79
2026-06-17,Wedges,16.79
2026-06-18,Wedges,16.79
2026-06-19,Wedges,16.79
2026-06-20,Wedges,16.79
2026-06-21,Wedges,16.79
2026-06-22,Wedges,16.79
2026-06-23,Wedges,16.79
2026-06-24,Wedges,16.79
2026-06-25,Wedges,16.79
2026-06-26,Wedges,16.79
2026-06-27,Wedges,16.79
2026-06-28,Wedges,16.79
2026-06-29,Wedges,16.79
2026-06-30,Wedges,16.79
2026-07-01,Wedges,16.79
2026-07-02,Wedges,16.79
2026-07-03,Wedges,16.79
2026-07-04,Wedges,16.79
2026-07-05,Wedges,16.79
2026-07-06,Wedges,16.79
2026-07-07,Wedges,16.79
2026-07-08,Wedges,16.79
2026-07-09,Wedges,16.79
2026-07-10,Wedges,16.79
2026-07-11,Wedges,16.79
2026-07-12,Wedges,16.79
2026-07-13,Wedges,16.79
2026-07-14,Wedges,16.79
2026-07-15,Wedges,16.79
2026-07-16,Wedges,16.79
2026-07-17,Wedges,16.79
2026-07-18,Wedges,16.79
2026-07-19,Wedges,16.79
2026-07-20,Wedges,16.79
2026-07-21,Wedges,16.79
2026-07-22,Wedges,16.79
2026-07-23,Wedges,16.79
2026-07-24,Wedges,16.79
2026-07-25,Wedges,16.79
2026-07-26,Wedges,16.79
2026-07-27,Wedges,16.79
2026-07-28,Wedges,16.79
2026-07-29,Wedges,16.79
2026-05-01,Sandal Anak,13.04
2026-05-02,Sandal Anak,12.46
2026-05-03,Sandal Anak,12.43
2026-05-04,Sandal Anak,12.43
2026-05-05,Sandal Anak,12.43
2026-05-06,Sandal Anak,12.43
2026-05-07,Sandal Anak,12.43
2026-05-08,Sandal Anak,12.43
2026-05-09,Sandal Anak,12.43
2026-05-10,Sandal Anak,12.43
2026-05-11,Sandal Anak,12.43
2026-05-12,Sandal Anak,12.43
2026-05-13,Sandal Anak,12.43
2026-05-14,Sandal Anak,12.43
2026-05-15,Sandal Anak,12.43
2026-05-16,Sandal Anak,12.43
2026-05-17,Sandal Anak,12.43
2026-05-18,Sandal Anak,12.43
2026-05-19,Sandal Anak,12.43
2026-05-20,Sandal Anak,12.43
2026-05-21,Sandal Anak,12.43
2026-05-22,Sandal Anak,12.43
2026-05-23,Sandal Anak,12.43
2026-05-24,Sandal Anak,12.43
2026-05-25,Sandal Anak,12.43
2026-05-26,Sandal Anak,12.43
2026-05-27,Sandal Anak,12.43
2026-05-28,Sandal Anak,12.43
2026-05-29,Sandal Anak,12.43
2026-05-30,Sandal Anak,12.43
2026-05-31,Sandal Anak,12.43
2026-06-01,Sandal Anak,12.43
2026-06-02,Sandal Anak,12.43
2026-06-03,Sandal Anak,12.43
2026-06-04,Sandal Anak,12.43
2026-06-05,Sandal Anak,12.43
2026-06-06,Sandal Anak,12.43
2026-06-07,Sandal Anak,12.43
2026-06-08,Sandal Anak,12.43
2026-06-09,Sandal Anak,12.43
2026-06-10,Sandal Anak,12.43
2026-06-11,Sandal Anak,12.43
2026-06-12,Sandal Anak,12.43
2026-06-13,Sandal Anak,12.43
2026-06-14,Sandal Anak,12.43
2026-06-15,Sandal Anak,12.43
2026-06-16,Sandal Anak,12.43
2026-06-17,Sandal Anak,12.43
2026-06-18,Sandal Anak,12.43
2026-06-19,Sandal Anak,12.43
2026-06-20,Sandal Anak,12.43
2026-06-21,Sandal Anak,12.43
2026-06-22,Sandal Anak,12.43
2026-06-23,Sandal Anak,12.43
2026-06-24,Sandal Anak,12.43
2026-06-25,Sandal Anak,12.43
2026-06-26,Sandal Anak,12.43
2026-06-27,Sandal Anak,12.43
2026-06-28,Sandal Anak,12.43
2026-06-29,Sandal Anak,12.43
2026-06-30,Sandal Anak,12.43
2026-07-01,Sandal Anak,12.43
2026-07-02,Sandal Anak,12.43
2026-07-03,Sandal Anak,12.43
2026-07-04,Sandal Anak,12.43
2026-07-05,Sandal Anak,12.43
2026-07-06,Sandal Anak,12.43
2026-07-07,Sandal Anak,12.43
2026-07-08,Sandal Anak,12.43
2026-07-09,Sandal Anak,12.43
2026-07-10,Sandal Anak,12.43
2026-07-11,Sandal Anak,12.43
2026-07-12,Sandal Anak,12.43
2026-07-13,Sandal Anak,12.43
2026-07-14,Sandal Anak,12.43
2026-07-15,Sandal Anak,12.43
2026-07-16,Sandal Anak,12.43
2026-07-17,Sandal Anak,12.43
2026-07-18,Sandal Anak,12.43
2026-07-19,Sandal Anak,12.43
2026-07-20,Sandal Anak,12.43
2026-07-21,Sandal Anak,12.43
2026-07-22,Sandal Anak,12.43
2026-07-23,Sandal Anak,12.43
2026-07-24,Sandal Anak,12.43
2026-07-25,Sandal Anak,12.43
2026-07-26,Sandal Anak,12.43
2026-07-27,Sandal Anak,12.43
2026-07-28,Sandal Anak,12.43
2026-07-29,Sandal Anak,12.43
2026-05-01,Totebag,11.16
2026-05-02,Totebag,11.62
2026-05-03,Totebag,11.57
2026-05-04,Totebag,11.58
2026-05-05,Totebag,11.58
2026-05-06,Totebag,11.58
2026-05-07,Totebag,11.58
2026-05-08,Totebag,11.58
2026-05-09,Totebag,11.58
2026-05-10,Totebag,11.58
2026-05-11,Totebag,11.58
2026-05-12,Totebag,11.58
2026-05-13,Totebag,11.58
2026-05-14,Totebag,11.58
2026-05-15,Totebag,11.58
2026-05-16,Totebag,11.58
2026-05-17,Totebag,11.58
2026-05-18,Totebag,11.58
2026-05-19,Totebag,11.58
2026-05-20,Totebag,11.58
2026-05-21,Totebag,11.58
2026-05-22,Totebag,11.58
2026-05-23,Totebag,11.58
2026-05-24,Totebag,11.58
2026-05-25,Totebag,11.58
2026-05-26,Totebag,11.58
2026-05-27,Totebag,11.58
2026-05-28,Totebag,11.58
2026-05-29,Totebag,11.58
2026-05-30,Totebag,11.58
2026-05-31,Totebag,11.58
2026-06-01,Totebag,11.58
2026-06-02,Totebag,11.58
2026-06-03,Totebag,11.58
2026-06-04,Totebag,11.58
2026-06-05,Totebag,11.58
2026-06-06,Totebag,11.58
2026-06-07,Totebag,11.58
2026-06-08,Totebag,11.58
2026-06-09,Totebag,11.58
2026-06-10,Totebag,11.58
2026-06-11,Totebag,11.58
2026-06-12,Totebag,11.58
2026-06-13,Totebag,11.58
2026-06-14,Totebag,11.58
2026-06-15,Totebag,11.58
2026-06-16,Totebag,11.58
2026-06-17,Totebag,11.58
2026-06-18,Totebag,11.58
2026-06-19,Totebag,11.58
2026-06-20,Totebag,11.58
2026-06-21,Totebag,11.58
2026-06-22,Totebag,11.58
2026-06-23,Totebag,11.58
2026-06-24,Totebag,11.58
2026-06-25,Totebag,11.58
2026-06-26,Totebag,11.58
2026-06-27,Totebag,11.58
2026-06-28,Totebag,11.58
2026-06-29,Totebag,11.58
2026-06-30,Totebag,11.58
2026-07-01,Totebag,11.58
2026-07-02,Totebag,11.58
2026-07-03,Totebag,11.58
2026-07-04,Totebag,11.58
2026-07-05,Totebag,11.58
2026-07-06,Totebag,11.58
2026-07-07,Totebag,11.58
2026-07-08,Totebag,11.58
2026-07-09,Totebag,11.58
2026-07-10,Totebag,11.58
2026-07-11,Totebag,11.58
2026-07-12,Totebag,11.58
2026-07-13,Totebag,11.58
2026-07-14,Totebag,11.58
2026-07-15,Totebag,11.58
2026-07-16,Totebag,11.58
2026-07-17,Totebag,11.58
2026-07-18,Totebag,11.58
2026-07-19,Totebag,11.58
2026-07-20,Totebag,11.58
2026-07-21,Totebag,11.58
2026-07-22,Totebag,11.58
2026-07-23,Totebag,11.58
2026-07-24,Totebag,11.58
2026-07-25,Totebag,11.58
2026-07-26,Totebag,11.58
2026-07-27,Totebag,11.58
2026-07-28,Totebag,11.58
2026-07-29,Totebag,11.58
2026-05-01,Loafers,9.4
2026-05-02,Loafers,9.95
2026-05-03,Loafers,9.9
2026-05-04,Loafers,9.91
2026-05-05,Loafers,9.91
2026-05-06,Loafers,9.91
2026-05-07,Loafers,9.91
2026-05-08,Loafers,9.91
2026-05-09,Loafers,9.91
2026-05-10,Loafers,9.91
2026-05-11,Loafers,9.91
2026-05-12,Loafers,9.91
2026-05-13,Loafers,9.91
2026-05-14,Loafers,9.91
2026-05-15,Loafers,9.91
2026-05-16,Loafers,9.91
2026-05-17,Loafers,9.91
2026-05-18,Loafers,9.91
2026-05-19,Loafers,9.91
2026-05-20,Loafers,9.91
2026-05-21,Loafers,9.91
2026-05-22,Loafers,9.91
2026-05-23,Loafers,9.91
2026-05-24,Loafers,9.91
2026-05-25,Loafers,9.91
2026-05-26,Loafers,9.91
2026-05-27,Loafers,9.91
2026-05-28,Loafers,9.91
2026-05-29,Loafers,9.91
2026-05-30,Loafers,9.91
2026-05-31,Loafers,9.91
2026-06-01,Loafers,9.91
2026-06-02,Loafers,9.91
2026-06-03,Loafers,9.91
2026-06-04,Loafers,9.91
2026-06-05,Loafers,9.91
2026-06-06,Loafers,9.91
2026-06-07,Loafers,9.91
2026-06-08,Loafers,9.91
2026-06-09,Loafers,9.91
2026-06-10,Loafers,9.91
2026-06-11,Loafers,9.91
2026-06-12,Loafers,9.91
2026-06-13,Loafers,9.91
2026-06-14,Loafers,9.91
2026-06-15,Loafers,9.91
2026-06-16,Loafers,9.91
2026-06-17,Loafers,9.91
2026-06-18,Loafers,9.91
2026-06-19,Loafers,9.91
2026-06-20,Loafers,9.91
2026-06-21,Loafers,9.91
2026-06-22,Loafers,9.91
2026-06-23,Loafers,9.91
2026-06-24,Loafers,9.91
2026-06-25,Loafers,9.91
2026-06-26,Loafers,9.91
2026-06-27,Loafers,9.91
2026-06-28,Loafers,9.91
2026-06-29,Loafers,9.91
2026-06-30,Loafers,9.91
2026-07-01,Loafers,9.91
2026-07-02,Loafers,9.91
2026-07-03,Loafers,9.91
2026-07-04,Loafers,9.91
2026-07-05,Loafers,9.91
2026-07-06,Loafers,9.91
2026-07-07,Loafers,9.91
2026-07-08,Loafers,9.91
2026-07-09,Loafers,9.91
2026-07-10,Loafers,9.91
2026-07-11,Loafers,9.91
2026-07-12,Loafers,9.91
2026-07-13,Loafers,9.91
2026-07-14,Loafers,9.91
2026-07-15,Loafers,9.91
2026-07-16,Loafers,9.91
2026-07-17,Loafers,9.91
2026-07-18,Loafers,9.91
2026-07-19,Loafers,9.91
2026-07-20,Loafers,9.91
2026-07-21,Loafers,9.91
2026-07-22,Loafers,9.91
2026-07-23,Loafers,9.91
2026-07-24,Loafers,9.91
2026-07-25,Loafers,9.91
2026-07-26,Loafers,9.91
2026-07-27,Loafers,9.91
2026-07-28,Loafers,9.91
2026-07-29,Loafers,9.91
2026-05-01,Clutch,9.91
2026-05-02,Clutch,8.7
2026-05-03,Clutch,8.46
2026-05-04,Clutch,8.41
2026-05-05,Clutch,8.4
2026-05-06,Clutch,8.4
2026-05-07,Clutch,8.4
2026-05-08,Clutch,8.4
2026-05-09,Clutch,8.4
2026-05-10,Clutch,8.4
2026-05-11,Clutch,8.4
2026-05-12,Clutch,8.4
2026-05-13,Clutch,8.4
2026-05-14,Clutch,8.4
2026-05-15,Clutch,8.4
2026-05-16,Clutch,8.4
2026-05-17,Clutch,8.4
2026-05-18,Clutch,8.4
2026-05-19,Clutch,8.4
2026-05-20,Clutch,8.4
2026-05-21,Clutch,8.4
2026-05-22,Clutch,8.4
2026-05-23,Clutch,8.4
2026-05-24,Clutch,8.4
2026-05-25,Clutch,8.4
2026-05-26,Clutch,8.4
2026-05-27,Clutch,8.4
2026-05-28,Clutch,8.4
2026-05-29,Clutch,8.4
2026-05-30,Clutch,8.4
2026-05-31,Clutch,8.4
2026-06-01,Clutch,8.4
2026-06-02,Clutch,8.4
2026-06-03,Clutch,8.4
2026-06-04,Clutch,8.4
2026-06-05,Clutch,8.4
2026-06-06,Clutch,8.4
2026-06-07,Clutch,8.4
2026-06-08,Clutch,8.4
2026-06-09,Clutch,8.4
2026-06-10,Clutch,8.4
2026-06-11,Clutch,8.4
2026-06-12,Clutch,8.4
2026-06-13,Clutch,8.4
2026-06-14,Clutch,8.4
2026-06-15,Clutch,8.4
2026-06-16,Clutch,8.4
2026-06-17,Clutch,8.4
2026-06-18,Clutch,8.4
2026-06-19,Clutch,8.4
2026-06-20,Clutch,8.4
2026-06-21,Clutch,8.4
2026-06-22,Clutch,8.4
2026-06-23,Clutch,8.4
2026-06-24,Clutch,8.4
2026-06-25,Clutch,8.4
2026-06-26,Clutch,8.4
2026-06-27,Clutch,8.4
2026-06-28,Clutch,8.4
2026-06-29,Clutch,8.4
2026-06-30,Clutch,8.4
2026-07-01,Clutch,8.4
2026-07-02,Clutch,8.4
2026-07-03,Clutch,8.4
2026-07-04,Clutch,8.4
2026-07-05,Clutch,8.4
2026-07-06,Clutch,8.4
2026-07-07,Clutch,8.4
2026-07-08,Clutch,8.4
2026-07-09,Clutch,8.4
2026-07-10,Clutch,8.4
2026-07-11,Clutch,8.4
2026-07-12,Clutch,8.4
2026-07-13,Clutch,8.4
2026-07-14,Clutch,8.4
2026-07-15,Clutch,8.4
2026-07-16,Clutch,8.4
2026-07-17,Clutch,8.4
2026-07-18,Clutch,8.4
2026-07-19,Clutch,8.4
2026-07-20,Clutch,8.4
2026-07-21,Clutch,8.4
2026-07-22,Clutch,8.4
2026-07-23,Clutch,8.4
2026-07-24,Clutch,8.4
2026-07-25,Clutch,8.4
2026-07-26,Clutch,8.4
2026-07-27,Clutch,8.4
2026-07-28,Clutch,8.4
2026-07-29,Clutch,8.4
2026-05-01,Sepatu Formal,16.28
2026-05-02,Sepatu Formal,16.16
2026-05-03,Sepatu Formal,16.16
2026-05-04,Sepatu Formal,16.16
2026-05-05,Sepatu Formal,16.16
2026-05-06,Sepatu Formal,16.16
2026-05-07,Sepatu Formal,16.16
2026-05-08,Sepatu Formal,16.16
2026-05-09,Sepatu Formal,16.16
2026-05-10,Sepatu Formal,16.16
2026-05-11,Sepatu Formal,16.16
2026-05-12,Sepatu Formal,16.16
2026-05-13,Sepatu Formal,16.16
2026-05-14,Sepatu Formal,16.16
2026-05-15,Sepatu Formal,16.16
2026-05-16,Sepatu Formal,16.16
2026-05-17,Sepatu Formal,16.16
2026-05-18,Sepatu Formal,16.16
2026-05-19,Sepatu Formal,16.16
2026-05-20,Sepatu Formal,16.16
2026-05-21,Sepatu Formal,16.16
2026-05-22,Sepatu Formal,16.16
2026-05-23,Sepatu Formal,16.16
2026-05-24,Sepatu Formal,16.16
2026-05-25,Sepatu Formal,16.16
2026-05-26,Sepatu Formal,16.16
2026-05-27,Sepatu Formal,16.16
2026-05-28,Sepatu Formal,16.16
2026-05-29,Sepatu Formal,16.16
2026-05-30,Sepatu Formal,16.16
2026-05-31,Sepatu Formal,16.16
2026-06-01,Sepatu Formal,16.16
2026-06-02,Sepatu Formal,16.16
2026-06-03,Sepatu Formal,16.16
2026-06-04,Sepatu Formal,16.16
2026-06-05,Sepatu Formal,16.16
2026-06-06,Sepatu Formal,16.16
2026-06-07,Sepatu Formal,16.16
2026-06-08,Sepatu Formal,16.16
2026-06-09,Sepatu Formal,16.16
2026-06-10,Sepatu Formal,16.16
2026-06-11,Sepatu Formal,16.16
2026-06-12,Sepatu Formal,16.16
2026-06-13,Sepatu Formal,16.16
2026-06-14,Sepatu Formal,16.16
2026-06-15,Sepatu Formal,16.16
2026-06-16,Sepatu Formal,16.16
2026-06-17,Sepatu Formal,16.16
2026-06-18,Sepatu Formal,16.16
2026-06-19,Sepatu Formal,16.16
2026-06-20,Sepatu Formal,16.16
2026-06-21,Sepatu Formal,16.16
2026-06-22,Sepatu Formal,16.16
2026-06-23,Sepatu Formal,16.16
2026-06-24,Sepatu Formal,16.16
2026-06-25,Sepatu Formal,16.16
2026-06-26,Sepatu Formal,16.16
2026-06-27,Sepatu Formal,16.16
2026-06-28,Sepatu Formal,16.16
2026-06-29,Sepatu Formal,16.16
2026-06-30,Sepatu Formal,16.16
2026-07-01,Sepatu Formal,16.16
2026-07-02,Sepatu Formal,16.16
2026-07-03,Sepatu Formal,16.16
2026-07-04,Sepatu Formal,16.16
2026-07-05,Sepatu Formal,16.16
2026-07-06,Sepatu Formal,16.16
2026-07-07,Sepatu Formal,16.16
2026-07-08,Sepatu Formal,16.16
2026-07-09,Sepatu Formal,16.16
2026-07-10,Sepatu Formal,16.16
2026-07-11,Sepatu Formal,16.16
2026-07-12,Sepatu Formal,16.16
2026-07-13,Sepatu Formal,16.16
2026-07-14,Sepatu Formal,16.16
2026-07-15,Sepatu Formal,16.16
2026-07-16,Sepatu Formal,16.16
2026-07-17,Sepatu Formal,16.16
2026-07-18,Sepatu Formal,16.16
2026-07-19,Sepatu Formal,16.16
2026-07-20,Sepatu Formal,16.16
2026-07-21,Sepatu Formal,16.16
2026-07-22,Sepatu Formal,16.16
2026-07-23,Sepatu Formal,16.16
2026-07-24,Sepatu Formal,16.16
2026-07-25,Sepatu Formal,16.16
2026-07-26,Sepatu Formal,16.16
2026-07-27,Sepatu Formal,16.16
2026-07-28,Sepatu Formal,16.16
2026-07-29,Sepatu Formal,16.16
2026-05-01,Boots,15.15
2026-05-02,Boots,14.78
2026-05-03,Boots,14.76
2026-05-04,Boots,14.76
2026-05-05,Boots,14.76
2026-05-06,Boots,14.76
2026-05-07,Boots,14.76
2026-05-08,Boots,14.76
2026-05-09,Boots,14.76
2026-05-10,Boots,14.76
2026-05-11,Boots,14.76
2026-05-12,Boots,14.76
2026-05-13,Boots,14.76
2026-05-14,Boots,14.76
2026-05-15,Boots,14.76
2026-05-16,Boots,14.76
2026-05-17,Boots,14.76
2026-05-18,Boots,14.76
2026-05-19,Boots,14.76
2026-05-20,Boots,14.76
2026-05-21,Boots,14.76
2026-05-22,Boots,14.76
2026-05-23,Boots,14.76
2026-05-24,Boots,14.76
2026-05-25,Boots,14.76
2026-05-26,Boots,14.76
2026-05-27,Boots,14.76
2026-05-28,Boots,14.76
2026-05-29,Boots,14.76
2026-05-30,Boots,14.76
2026-05-31,Boots,14.76
2026-06-01,Boots,14.76
2026-06-02,Boots,14.76
2026-06-03,Boots,14.76
2026-06-04,Boots,14.76
2026-06-05,Boots,14.76
2026-06-06,Boots,14.76
2026-06-07,Boots,14.76
2026-06-08,Boots,14.76
2026-06-09,Boots,14.76
2026-06-10,Boots,14.76
2026-06-11,Boots,14.76
2026-06-12,Boots,14.76
2026-06-13,Boots,14.76
2026-06-14,Boots,14.76
2026-06-15,Boots,14.76
2026-06-16,Boots,14.76
2026-06-17,Boots,14.76
2026-06-18,Boots,14.76
2026-06-19,Boots,14.76
2026-06-20,Boots,14.76
2026-06-21,Boots,14.76
2026-06-22,Boots,14.76
2026-06-23,Boots,14.76
2026-06-24,Boots,14.76
2026-06-25,Boots,14.76
2026-06-26,Boots,14.76
2026-06-27,Boots,14.76
2026-06-28,Boots,14.76
2026-06-29,Boots,14.76
2026-06-30,Boots,14.76
2026-07-01,Boots,14.76
2026-07-02,Boots,14.76
2026-07-03,Boots,14.76
2026-07-04,Boots,14.76
2026-07-05,Boots,14.76
2026-07-06,Boots,14.76
2026-07-07,Boots,14.76
2026-07-08,Boots,14.76
2026-07-09,Boots,14.76
2026-07-10,Boots,14.76
2026-07-11,Boots,14.76
2026-07-12,Boots,14.76
2026-07-13,Boots,14.76
2026-07-14,Boots,14.76
2026-07-15,Boots,14.76
2026-07-16,Boots,14.76
2026-07-17,Boots,14.76
2026-07-18,Boots,14.76
2026-07-19,Boots,14.76
2026-07-20,Boots,14.76
2026-07-21,Boots,14.76
2026-07-22,Boots,14.76
2026-07-23,Boots,14.76
2026-07-24,Boots,14.76
2026-07-25,Boots,14.76
2026-07-26,Boots,14.76
2026-07-27,Boots,14.76
2026-07-28,Boots,14.76
2026-07-29,Boots,14.76
2026-05-01,Sneakers Anak,13.43
2026-05-02,Sneakers Anak,13.81
2026-05-03,Sneakers Anak,13.8
2026-05-04,Sneakers Anak,13.8
2026-05-05,Sneakers Anak,13.8
2026-05-06,Sneakers Anak,13.8
2026-05-07,Sneakers Anak,13.8
2026-05-08,Sneakers Anak,13.8
2026-05-09,Sneakers Anak,13.8
2026-05-10,Sneakers Anak,13.8
2026-05-11,Sneakers Anak,13.8
2026-05-12,Sneakers Anak,13.8
2026-05-13,Sneakers Anak,13.8
2026-05-14,Sneakers Anak,13.8
2026-05-15,Sneakers Anak,13.8
2026-05-16,Sneakers Anak,13.8
2026-05-17,Sneakers Anak,13.8
2026-05-18,Sneakers Anak,13.8
2026-05-19,Sneakers Anak,13.8
2026-05-20,Sneakers Anak,13.8
2026-05-21,Sneakers Anak,13.8
2026-05-22,Sneakers Anak,13.8
2026-05-23,Sneakers Anak,13.8
2026-05-24,Sneakers Anak,13.8
2026-05-25,Sneakers Anak,13.8
2026-05-26,Sneakers Anak,13.8
2026-05-27,Sneakers Anak,13.8
2026-05-28,Sneakers Anak,13.8
2026-05-29,Sneakers Anak,13.8
2026-05-30,Sneakers Anak,13.8
2026-05-31,Sneakers Anak,13.8
2026-06-01,Sneakers Anak,13.8
2026-06-02,Sneakers Anak,13.8
2026-06-03,Sneakers Anak,13.8
2026-06-04,Sneakers Anak,13.8
2026-06-05,Sneakers Anak,13.8
2026-06-06,Sneakers Anak,13.8
2026-06-07,Sneakers Anak,13.8
2026-06-08,Sneakers Anak,13.8
2026-06-09,Sneakers Anak,13.8
2026-06-10,Sneakers Anak,13.8
2026-06-11,Sneakers Anak,13.8
2026-06-12,Sneakers Anak,13.8
2026-06-13,Sneakers Anak,13.8
2026-06-14,Sneakers Anak,13.8
2026-06-15,Sneakers Anak,13.8
2026-06-16,Sneakers Anak,13.8
2026-06-17,Sneakers Anak,13.8
2026-06-18,Sneakers Anak,13.8
2026-06-19,Sneakers Anak,13.8
2026-06-20,Sneakers Anak,13.8
2026-06-21,Sneakers Anak,13.8
2026-06-22,Sneakers Anak,13.8
2026-06-23,Sneakers Anak,13.8
2026-06-24,Sneakers Anak,13.8
2026-06-25,Sneakers Anak,13.8
2026-06-26,Sneakers Anak,13.8
2026-06-27,Sneakers Anak,13.8
2026-06-28,Sneakers Anak,13.8
2026-06-29,Sneakers Anak,13.8
2026-06-30,Sneakers Anak,13.8
2026-07-01,Sneakers Anak,13.8
2026-07-02,Sneakers Anak,13.8
2026-07-03,Sneakers Anak,13.8
2026-07-04,Sneakers Anak,13.8
2026-07-05,Sneakers Anak,13.8
2026-07-06,Sneakers Anak,13.8
2026-07-07,Sneakers Anak,13.8
2026-07-08,Sneakers Anak,13.8
2026-07-09,Sneakers Anak,13.8
2026-07-10,Sneakers Anak,13.8
2026-07-11,Sneakers Anak,13.8
2026-07-12,Sneakers Anak,13.8
2026-07-13,Sneakers Anak,13.8
2026-07-14,Sneakers Anak,13.8
2026-07-15,Sneakers Anak,13.8
2026-07-16,Sneakers Anak,13.8
2026-07-17,Sneakers Anak,13.8
2026-07-18,Sneakers Anak,13.8
2026-07-19,Sneakers Anak,13.8
2026-07-20,Sneakers Anak,13.8
2026-07-21,Sneakers Anak,13.8
2026-07-22,Sneakers Anak,13.8
2026-07-23,Sneakers Anak,13.8
2026-07-24,Sneakers Anak,13.8
2026-07-25,Sneakers Anak,13.8
2026-07-26,Sneakers Anak,13.8
2026-07-27,Sneakers Anak,13.8
2026-07-28,Sneakers Anak,13.8
2026-07-29,Sneakers Anak,13.8
2026-05-01,Sepatu Sekolah,7.14
2026-05-02,Sepatu Sekolah,7.35
2026-05-03,Sepatu Sekolah,7.34
2026-05-04,Sepatu Sekolah,7.34
2026-05-05,Sepatu Sekolah,7.34
2026-05-06,Sepatu Sekolah,7.34
2026-05-07,Sepatu Sekolah,7.34
2026-05-08,Sepatu Sekolah,7.34
2026-05-09,Sepatu Sekolah,7.34
2026-05-10,Sepatu Sekolah,7.34
2026-05-11,Sepatu Sekolah,7.34
2026-05-12,Sepatu Sekolah,7.34
2026-05-13,Sepatu Sekolah,7.34
2026-05-14,Sepatu Sekolah,7.34
2026-05-15,Sepatu Sekolah,7.34
2026-05-16,Sepatu Sekolah,7.34
2026-05-17,Sepatu Sekolah,7.34
2026-05-18,Sepatu Sekolah,7.34
2026-05-19,Sepatu Sekolah,7.34
2026-05-20,Sepatu Sekolah,7.34
2026-05-21,Sepatu Sekolah,7.34
2026-05-22,Sepatu Sekolah,7.34
2026-05-23,Sepatu Sekolah,7.34
2026-05-24,Sepatu Sekolah,7.34
2026-05-25,Sepatu Sekolah,7.34
2026-05-26,Sepatu Sekolah,7.34
2026-05-27,Sepatu Sekolah,7.34
2026-05-28,Sepatu Sekolah,7.34
2026-05-29,Sepatu Sekolah,7.34
2026-05-30,Sepatu Sekolah,7.34
2026-05-31,Sepatu Sekolah,7.34
2026-06-01,Sepatu Sekolah,7.34
2026-06-02,Sepatu Sekolah,7.34
2026-06-03,Sepatu Sekolah,7.34
2026-06-04,Sepatu Sekolah,7.34
2026-06-05,Sepatu Sekolah,7.34
2026-06-06,Sepatu Sekolah,7.34
2026-06-07,Sepatu Sekolah,7.34
2026-06-08,Sepatu Sekolah,7.34
2026-06-09,Sepatu Sekolah,7.34
2026-06-10,Sepatu Sekolah,7.34
2026-06-11,Sepatu Sekolah,7.34
2026-06-12,Sepatu Sekolah,7.34
2026-06-13,Sepatu Sekolah,7.34
2026-06-14,Sepatu Sekolah,7.34
2026-06-15,Sepatu Sekolah,7.34
2026-06-16,Sepatu Sekolah,7.34
2026-06-17,Sepatu Sekolah,7.34
2026-06-18,Sepatu Sekolah,7.34
2026-06-19,Sepatu Sekolah,7.34
2026-06-20,Sepatu Sekolah,7.34
2026-06-21,Sepatu Sekolah,7.34
2026-06-22,Sepatu Sekolah,7.34
2026-06-23,Sepatu Sekolah,7.34
2026-06-24,Sepatu Sekolah,7.34
2026-06-25,Sepatu Sekolah,7.34
2026-06-26,Sepatu Sekolah,7.34
2026-06-27,Sepatu Sekolah,7.34
2026-06-28,Sepatu Sekolah,7.34
2026-06-29,Sepatu Sekolah,7.34
2026-06-30,Sepatu Sekolah,7.34
2026-07-01,Sepatu Sekolah,7.34
2026-07-02,Sepatu Sekolah,7.34
2026-07-03,Sepatu Sekolah,7.34
2026-07-04,Sepatu Sekolah,7.34
2026-07-05,Sepatu Sekolah,7.34
2026-07-06,Sepatu Sekolah,7.34
2026-07-07,Sepatu Sekolah,7.34
2026-07-08,Sepatu Sekolah,7.34
2026-07-09,Sepatu Sekolah,7.34
2026-07-10,Sepatu Sekolah,7.34
2026-07-11,Sepatu Sekolah,7.34
2026-07-12,Sepatu Sekolah,7.34
2026-07-13,Sepatu Sekolah,7.34
2026-07-14,Sepatu Sekolah,7.34
2026-07-15,Sepatu Sekolah,7.34
2026-07-16,Sepatu Sekolah,7.34
2026-07-17,Sepatu Sekolah,7.34
2026-07-18,Sepatu Sekolah,7.34
2026-07-19,Sepatu Sekolah,7.34
2026-07-20,Sepatu Sekolah,7.34
2026-07-21,Sepatu Sekolah,7.34
2026-07-22,Sepatu Sekolah,7.34
2026-07-23,Sepatu Sekolah,7.34
2026-07-24,Sepatu Sekolah,7.34
2026-07-25,Sepatu Sekolah,7.34
2026-07-26,Sepatu Sekolah,7.34
2026-07-27,Sepatu Sekolah,7.34
2026-07-28,Sepatu Sekolah,7.34
2026-07-29,Sepatu Sekolah,7.34
2026-05-01,Shoulder Bag,7.7
2026-05-02,Shoulder Bag,7.28
2026-05-03,Shoulder Bag,7.25
2026-05-04,Shoulder Bag,7.25
2026-05-05,Shoulder Bag,7.25
2026-05-06,Shoulder Bag,7.25
2026-05-07,Shoulder Bag,7.25
2026-05-08,Shoulder Bag,7.25
2026-05-09,Shoulder Bag,7.25
2026-05-10,Shoulder Bag,7.25
2026-05-11,Shoulder Bag,7.25
2026-05-12,Shoulder Bag,7.25
2026-05-13,Shoulder Bag,7.25
2026-05-14,Shoulder Bag,7.25
2026-05-15,Shoulder Bag,7.25
2026-05-16,Shoulder Bag,7.25
2026-05-17,Shoulder Bag,7.25
2026-05-18,Shoulder Bag,7.25
2026-05-19,Shoulder Bag,7.25
2026-05-20,Shoulder Bag,7.25
2026-05-21,Shoulder Bag,7.25
2026-05-22,Shoulder Bag,7.25
2026-05-23,Shoulder Bag,7.25
2026-05-24,Shoulder Bag,7.25
2026-05-25,Shoulder Bag,7.25
2026-05-26,Shoulder Bag,7.25
2026-05-27,Shoulder Bag,7.25
2026-05-28,Shoulder Bag,7.25
2026-05-29,Shoulder Bag,7.25
2026-05-30,Shoulder Bag,7.25
2026-05-31,Shoulder Bag,7.25
2026-06-01,Shoulder Bag,7.25
2026-06-02,Shoulder Bag,7.25
2026-06-03,Shoulder Bag,7.25
2026-06-04,Shoulder Bag,7.25
2026-06-05,Shoulder Bag,7.25
2026-06-06,Shoulder Bag,7.25
2026-06-07,Shoulder Bag,7.25
2026-06-08,Shoulder Bag,7.25
2026-06-09,Shoulder Bag,7.25
2026-06-10,Shoulder Bag,7.25
2026-06-11,Shoulder Bag,7.25
2026-06-12,Shoulder Bag,7.25
2026-06-13,Shoulder Bag,7.25
2026-06-14,Shoulder Bag,7.25
2026-06-15,Shoulder Bag,7.25
2026-06-16,Shoulder Bag,7.25
2026-06-17,Shoulder Bag,7.25
2026-06-18,Shoulder Bag,7.25
2026-06-19,Shoulder Bag,7.25
2026-06-20,Shoulder Bag,7.25
2026-06-21,Shoulder Bag,7.25
2026-06-22,Shoulder Bag,7.25
2026-06-23,Shoulder Bag,7.25
2026-06-24,Shoulder Bag,7.25
2026-06-25,Shoulder Bag,7.25
2026-06-26,Shoulder Bag,7.25
2026-06-27,Shoulder Bag,7.25
2026-06-28,Shoulder Bag,7.25
2026-06-29,Shoulder Bag,7.25
2026-06-30,Shoulder Bag,7.25
2026-07-01,Shoulder Bag,7.25
2026-07-02,Shoulder Bag,7.25
2026-07-03,Shoulder Bag,7.25
2026-07-04,Shoulder Bag,7.25
2026-07-05,Shoulder Bag,7.25
2026-07-06,Shoulder Bag,7.25
2026-07-07,Shoulder Bag,7.25
2026-07-08,Shoulder Bag,7.25
2026-07-09,Shoulder Bag,7.25
2026-07-10,Shoulder Bag,7.25
2026-07-11,Shoulder Bag,7.25
2026-07-12,Shoulder Bag,7.25
2026-07-13,Shoulder Bag,7.25
2026-07-14,Shoulder Bag,7.25
2026-07-15,Shoulder Bag,7.25
2026-07-16,Shoulder Bag,7.25
2026-07-17,Shoulder Bag,7.25
2026-07-18,Shoulder Bag,7.25
2026-07-19,Shoulder Bag,7.25
2026-07-20,Shoulder Bag,7.25
2026-07-21,Shoulder Bag,7.25
2026-07-22,Shoulder Bag,7.25
2026-07-23,Shoulder Bag,7.25
2026-07-24,Shoulder Bag,7.25
2026-07-25,Shoulder Bag,7.25
2026-07-26,Shoulder Bag,7.25
2026-07-27,Shoulder Bag,7.25
2026-07-28,Shoulder Bag,7.25
2026-07-29,Shoulder Bag,7.25
2026-05-01,Handbag,4.8
2026-05-02,Handbag,5.21
2026-05-03,Handbag,5.17
2026-05-04,Handbag,5.18
2026-05-05,Handbag,5.18
2026-05-06,Handbag,5.18
2026-05-07,Handbag,5.18
2026-05-08,Handbag,5.18
2026-05-09,Handbag,5.18
2026-05-10,Handbag,5.18
2026-05-11,Handbag,5.18
2026-05-12,Handbag,5.18
2026-05-13,Handbag,5.18
2026-05-14,Handbag,5.18
2026-05-15,Handbag,5.18
2026-05-16,Handbag,5.18
2026-05-17,Handbag,5.18
2026-05-18,Handbag,5.18
2026-05-19,Handbag,5.18
2026-05-20,Handbag,5.18
2026-05-21,Handbag,5.18
2026-05-22,Handbag,5.18
2026-05-23,Handbag,5.18
2026-05-24,Handbag,5.18
2026-05-25,Handbag,5.18
2026-05-26,Handbag,5.18
2026-05-27,Handbag,5.18
2026-05-28,Handbag,5.18
2026-05-29,Handbag,5.18
2026-05-30,Handbag,5.18
2026-05-31,Handbag,5.18
2026-06-01,Handbag,5.18
2026-06-02,Handbag,5.18
2026-06-03,Handbag,5.18
2026-06-04,Handbag,5.18
2026-06-05,Handbag,5.18
2026-06-06,Handbag,5.18
2026-06-07,Handbag,5.18
2026-06-08,Handbag,5.18
2026-06-09,Handbag,5.18
2026-06-10,Handbag,5.18
2026-06-11,Handbag,5.18
2026-06-12,Handbag,5.18
2026-06-13,Handbag,5.18
2026-06-14,Handbag,5.18
2026-06-15,Handbag,5.18
2026-06-16,Handbag,5.18
2026-06-17,Handbag,5.18
2026-06-18,Handbag,5.18
2026-06-19,Handbag,5.18
2026-06-20,Handbag,5.18
2026-06-21,Handbag,5.18
2026-06-22,Handbag,5.18
2026-06-23,Handbag,5.18
2026-06-24,Handbag,5.18
2026-06-25,Handbag,5.18
2026-06-26,Handbag,5.18
2026-06-27,Handbag,5.18
2026-06-28,Handbag,5.18
2026-06-29,Handbag,5.18
2026-06-30,Handbag,5.18
2026-07-01,Handbag,5.18
2026-07-02,Handbag,5.18
2026-07-03,Handbag,5.18
2026-07-04,Handbag,5.18
2026-07-05,Handbag,5.18
2026-07-06,Handbag,5.18
2026-07-07,Handbag,5.18
2026-07-08,Handbag,5.18
2026-07-09,Handbag,5.18
2026-07-10,Handbag,5.18
2026-07-11,Handbag,5.18
2026-07-12,Handbag,5.18
2026-07-13,Handbag,5.18
2026-07-14,Handbag,5.18
2026-07-15,Handbag,5.18
2026-07-16,Handbag,5.18
2026-07-17,Handbag,5.18
2026-07-18,Handbag,5.18
2026-07-19,Handbag,5.18
2026-07-20,Handbag,5.18
2026-07-21,Handbag,5.18
2026-07-22,Handbag,5.18
2026-07-23,Handbag,5.18
2026-07-24,Handbag,5.18
2026-07-25,Handbag,5.18
2026-07-26,Handbag,5.18
2026-07-27,Handbag,5.18
2026-07-28,Handbag,5.18
2026-07-29,Handbag,5.18
2026-05-01,Sandal,20.07
2026-05-02,Sandal,19.35
2026-05-03,Sandal,19.32
2026-05-04,Sandal,19.32
2026-05-05,Sandal,19.32
2026-05-06,Sandal,19.32
2026-05-07,Sandal,19.32
2026-05-08,Sandal,19.32
2026-05-09,Sandal,19.32
2026-05-10,Sandal,19.32
2026-05-11,Sandal,19.32
2026-05-12,Sandal,19.32
2026-05-13,Sandal,19.32
2026-05-14,Sandal,19.32
2026-05-15,Sandal,19.32
2026-05-16,Sandal,19.32
2026-05-17,Sandal,19.32
2026-05-18,Sandal,19.32
2026-05-19,Sandal,19.32
2026-05-20,Sandal,19.32
2026-05-21,Sandal,19.32
2026-05-22,Sandal,19.32
2026-05-23,Sandal,19.32
2026-05-24,Sandal,19.32
2026-05-25,Sandal,19.32
2026-05-26,Sandal,19.32
2026-05-27,Sandal,19.32
2026-05-28,Sandal,19.32
2026-05-29,Sandal,19.32
2026-05-30,Sandal,19.32
2026-05-31,Sandal,19.32
2026-06-01,Sandal,19.32
2026-06-02,Sandal,19.32
2026-06-03,Sandal,19.32
2026-06-04,Sandal,19.32
2026-06-05,Sandal,19.32
2026-06-06,Sandal,19.32
2026-06-07,Sandal,19.32
2026-06-08,Sandal,19.32
2026-06-09,Sandal,19.32
2026-06-10,Sandal,19.32
2026-06-11,Sandal,19.32
2026-06-12,Sandal,19.32
2026-06-13,Sandal,19.32
2026-06-14,Sandal,19.32
2026-06-15,Sandal,19.32
2026-06-16,Sandal,19.32
2026-06-17,Sandal,19.32
2026-06-18,Sandal,19.32
2026-06-19,Sandal,19.32
2026-06-20,Sandal,19.32
2026-06-21,Sandal,19.32
2026-06-22,Sandal,19.32
2026-06-23,Sandal,19.32
2026-06-24,Sandal,19.32
2026-06-25,Sandal,19.32
2026-06-26,Sandal,19.32
2026-06-27,Sandal,19.32
2026-06-28,Sandal,19.32
2026-06-29,Sandal,19.32
2026-06-30,Sandal,19.32
2026-07-01,Sandal,19.32
2026-07-02,Sandal,19.32
2026-07-03,Sandal,19.32
2026-07-04,Sandal,19.32
2026-07-05,Sandal,19.32
2026-07-06,Sandal,19.32
2026-07-07,Sandal,19.32
2026-07-08,Sandal,19.32
2026-07-09,Sandal,19.32
2026-07-10,Sandal,19.32
2026-07-11,Sandal,19.32
2026-07-12,Sandal,19.32
2026-07-13,Sandal,19.32
2026-07-14,Sandal,19.32
2026-07-15,Sandal,19.32
2026-07-16,Sandal,19.32
2026-07-17,Sandal,19.32
2026-07-18,Sandal,19.32
2026-07-19,Sandal,19.32
2026-07-20,Sandal,19.32
2026-07-21,Sandal,19.32
2026-07-22,Sandal,19.32
2026-07-23,Sandal,19.32
2026-07-24,Sandal,19.32
2026-07-25,Sandal,19.32
2026-07-26,Sandal,19.32
2026-07-27,Sandal,19.32
2026-07-28,Sandal,19.32
2026-07-29,Sandal,19.32
2025-05-01,Casual,12.02
2025-05-02,Casual,12.79
2025-05-03,Casual,12.19
2025-05-04,Casual,12.66
2025-05-05,Casual,12.29
2025-05-06,Casual,12.58
2025-05-07,Casual,12.35
2025-05-08,Casual,12.53
2025-05-09,Casual,12.39
2025-05-10,Casual,12.5
2025-05-11,Casual,12.41
2025-05-12,Casual,12.48
2025-05-13,Casual,12.43
2025-05-14,Casual,12.47
2025-05-15,Casual,12.44
2025-05-16,Casual,12.46
2025-05-17,Casual,12.44
2025-05-18,Casual,12.46
2025-05-19,Casual,12.45
2025-05-20,Casual,12.46
2025-05-21,Casual,12.45
2025-05-22,Casual,12.45
2025-05-23,Casual,12.45
2025-05-24,Casual,12.45
2025-05-25,Casual,12.45
2025-05-26,Casual,12.45
2025-05-27,Casual,12.45
2025-05-28,Casual,12.45
2025-05-29,Casual,12.45
2025-05-30,Casual,12.45
2025-05-31,Casual,12.45
2025-06-01,Casual,12.45
2025-06-02,Casual,12.45
2025-06-03,Casual,12.45
2025-06-04,Casual,12.45
2025-06-05,Casual,12.45
2025-06-06,Casual,12.45
2025-06-07,Casual,12.45
2025-06-08,Casual,12.45
2025-06-09,Casual,12.45
2025-06-10,Casual,12.45
2025-06-11,Casual,12.45
2025-06-12,Casual,12.45
2025-06-13,Casual,12.45
2025-06-14,Casual,12.45
2025-06-15,Casual,12.45
2025-06-16,Casual,12.45
2025-06-17,Casual,12.45
2025-06-18,Casual,12.45
2025-06-19,Casual,12.45
2025-06-20,Casual,12.45
2025-06-21,Casual,12.45
2025-06-22,Casual,12.45
2025-06-23,Casual,12.45
2025-06-24,Casual,12.45
2025-06-25,Casual,12.45
2025-06-26,Casual,12.45
2025-06-27,Casual,12.45
2025-06-28,Casual,12.45
2025-06-29,Casual,12.45
2025-06-30,Casual,12.45
2025-07-01,Casual,12.45
2025-07-02,Casual,12.45
2025-07-03,Casual,12.45
2025-07-04,Casual,12.45
2025-07-05,Casual,12.45
2025-07-06,Casual,12.45
2025-07-07,Casual,12.45
2025-07-08,Casual,12.45
2025-07-09,Casual,12.45
2025-07-10,Casual,12.45
2025-07-11,Casual,12.45
2025-07-12,Casual,12.45
2025-07-13,Casual,12.45
2025-07-14,Casual,12.45
2025-07-15,Casual,12.45
2025-07-16,Casual,12.45
2025-07-17,Casual,12.45
2025-07-18,Casual,12.45
2025-07-19,Casual,12.45
2025-07-20,Casual,12.45
2025-07-21,Casual,12.45
2025-07-22,Casual,12.45
2025-07-23,Casual,12.45
2025-07-24,Casual,12.45
2025-07-25,Casual,12.45
2025-07-26,Casual,12.45
2025-07-27,Casual,12.45
2025-07-28,Casual,12.45
2025-07-29,Casual,12.45
2025-05-01,Mules,7.44
2025-05-02,Mules,7.15
2025-05-03,Mules,7.12
2025-05-04,Mules,7.12
2025-05-05,Mules,7.12
2025-05-06,Mules,7.12
2025-05-07,Mules,7.12
2025-05-08,Mules,7.12
2025-05-09,Mules,7.12
2025-05-10,Mules,7.12
2025-05-11,Mules,7.12
2025-05-12,Mules,7.12
2025-05-13,Mules,7.12
2025-05-14,Mules,7.12
2025-05-15,Mules,7.12
2025-05-16,Mules,7.12
2025-05-17,Mules,7.12
2025-05-18,Mules,7.12
2025-05-19,Mules,7.12
2025-05-20,Mules,7.12
2025-05-21,Mules,7.12
2025-05-22,Mules,7.12
2025-05-23,Mules,7.12
2025-05-24,Mules,7.12
2025-05-25,Mules,7.12
2025-05-26,Mules,7.12
2025-05-27,Mules,7.12
2025-05-28,Mules,7.12
2025-05-29,Mules,7.12
2025-05-30,Mules,7.12
2025-05-31,Mules,7.12
2025-06-01,Mules,7.12
2025-06-02,Mules,7.12
2025-06-03,Mules,7.12
2025-06-04,Mules,7.12
2025-06-05,Mules,7.12
2025-06-06,Mules,7.12
2025-06-07,Mules,7.12
2025-06-08,Mules,7.12
2025-06-09,Mules,7.12
2025-06-10,Mules,7.12
2025-06-11,Mules,7.12
2025-06-12,Mules,7.12
2025-06-13,Mules,7.12
2025-06-14,Mules,7.12
2025-06-15,Mules,7.12
2025-06-16,Mules,7.12
2025-06-17,Mules,7.12
2025-06-18,Mules,7.12
2025-06-19,Mules,7.12
2025-06-20,Mules,7.12
2025-06-21,Mules,7.12
2025-06-22,Mules,7.12
2025-06-23,Mules,7.12
2025-06-24,Mules,7.12
2025-06-25,Mules,7.12
2025-06-26,Mules,7.12
2025-06-27,Mules,7.12
2025-06-28,Mules,7.12
2025-06-29,Mules,7.12
2025-06-30,Mules,7.12
2025-07-01,Mules,7.12
2025-07-02,Mules,7.12
2025-07-03,Mules,7.12
2025-07-04,Mules,7.12
2025-07-05,Mules,7.12
2025-07-06,Mules,7.12
2025-07-07,Mules,7.12
2025-07-08,Mules,7.12
2025-07-09,Mules,7.12
2025-07-10,Mules,7.12
2025-07-11,Mules,7.12
2025-07-12,Mules,7.12
2025-07-13,Mules,7.12
2025-07-14,Mules,7.12
2025-07-15,Mules,7.12
2025-07-16,Mules,7.12
2025-07-17,Mules,7.12
2025-07-18,Mules,7.12
2025-07-19,Mules,7.12
2025-07-20,Mules,7.12
2025-07-21,Mules,7.12
2025-07-22,Mules,7.12
2025-07-23,Mules,7.12
2025-07-24,Mules,7.12
2025-07-25,Mules,7.12
2025-07-26,Mules,7.12
2025-07-27,Mules,7.12
2025-07-28,Mules,7.12
2025-07-29,Mules,7.12
