Date,Product_Name,Qty
01-01-2025,A-Line Dress,21
01-01-2025,Athleisure Set,17
01-01-2025,Blouse,13
01-01-2025,Bodycon Dress,29
01-01-2025,Boots,6
01-01-2025,Cardigan,30
01-01-2025,Casual Top,19
01-01-2025,Celana Anak,38
01-01-2025,Celana Chino,23
01-01-2025,Celana Formal,50
01-01-2025,Celana Jeans,49
01-01-2025,Chic Top,19
01-01-2025,Clutch,13
01-01-2025,Crop Shirt,21
01-01-2025,Culottes,10
01-01-2025,Dress Anak,37
01-01-2025,Flat Shoes,17
01-01-2025,Handbag,4
01-01-2025,Heels,34
01-01-2025,High-Waist Pants,25
01-01-2025,Jaket,36
01-01-2025,Jogger Pants,31
01-01-2025,Kaos,38
01-01-2025,Kaos Anak,32
01-01-2025,Kaos Kaki,23
01-01-2025,Kemeja,28
01-01-2025,Kemeja Wanita,18
01-01-2025,Koper Besar,1
01-01-2025,Koper Kecil,1
01-01-2025,Koper Sedang,1
01-01-2025,Loafers,7
01-01-2025,Maxi Dress,11
01-01-2025,Oversized Shirt,13
01-01-2025,Palazzo Pants,20
01-01-2025,Pleated Pants,22
01-01-2025,Polo Shirt,28
01-01-2025,Sandal Anak,17
01-01-2025,Sepatu Formal,21
01-01-2025,Sepatu Sekolah,8
01-01-2025,Setelan Anak,39
01-01-2025,Shoulder Bag,9
01-01-2025,Skirt,22
01-01-2025,Slip Dress,29
01-01-2025,Sneakers,32
01-01-2025,Sneakers Anak,4
01-01-2025,Totebag,4
01-01-2025,Tunic,19
01-01-2025,Vintage Top,26
01-01-2025,Wedges,20
02-01-2025,A-Line Dress,36
02-01-2025,Athleisure Set,23
02-01-2025,Blouse,22
02-01-2025,Bodycon Dress,30
02-01-2025,Boots,13
02-01-2025,Cardigan,21
02-01-2025,Casual Top,24
02-01-2025,Celana Anak,65
02-01-2025,Celana Chino,49
02-01-2025,Celana Formal,55
02-01-2025,Celana Jeans,60
02-01-2025,Chic Top,19
02-01-2025,Clutch,3
02-01-2025,Crop Shirt,19
02-01-2025,Culottes,20
02-01-2025,Dress Anak,43
02-01-2025,Flat Shoes,21
02-01-2025,Handbag,3
02-01-2025,Heels,38
02-01-2025,High-Waist Pants,25
02-01-2025,Jaket,57
02-01-2025,Jogger Pants,52
02-01-2025,Kaos,66
02-01-2025,Kaos Anak,33
02-01-2025,Kaos Kaki,23
02-01-2025,Kemeja,33
02-01-2025,Kemeja Wanita,17
02-01-2025,Koper Besar,1
02-01-2025,Koper Kecil,1
02-01-2025,Koper Sedang,1
02-01-2025,Loafers,18
02-01-2025,Maxi Dress,29
02-01-2025,Oversized Shirt,24
02-01-2025,Palazzo Pants,25
02-01-2025,Pleated Pants,34
02-01-2025,Polo Shirt,50
02-01-2025,Sandal Anak,13
02-01-2025,Sepatu Formal,22
02-01-2025,Sepatu Sekolah,11
02-01-2025,Setelan Anak,43
02-01-2025,Shoulder Bag,9
02-01-2025,Skirt,21
02-01-2025,Slip Dress,24
02-01-2025,Sneakers,29
02-01-2025,Sneakers Anak,10
02-01-2025,Totebag,11
02-01-2025,Tunic,18
02-01-2025,Vintage Top,31
02-01-2025,Wedges,14
03-01-2025,A-Line Dress,36
03-01-2025,Athleisure Set,24
03-01-2025,Blouse,41
03-01-2025,Bodycon Dress,20
03-01-2025,Boots,16
03-01-2025,Cardigan,33
03-01-2025,Casual Top,23
03-01-2025,Celana Anak,39
03-01-2025,Celana Chino,44
03-01-2025,Celana Formal,69
03-01-2025,Celana Jeans,58
03-01-2025,Chic Top,40
03-01-2025,Clutch,18
03-01-2025,Crop Shirt,31
03-01-2025,Culottes,17
03-01-2025,Dress Anak,31
03-01-2025,Flat Shoes,17
03-01-2025,Handbag,11
03-01-2025,Heels,40
03-01-2025,High-Waist Pants,36
03-01-2025,Jaket,69
03-01-2025,Jogger Pants,52
03-01-2025,Kaos,42
03-01-2025,Kaos Anak,51
03-01-2025,Kaos Kaki,35
03-01-2025,Kemeja,64
03-01-2025,Kemeja Wanita,23
03-01-2025,Koper Besar,1
03-01-2025,Koper Kecil,2
03-01-2025,Koper Sedang,4
03-01-2025,Loafers,27
03-01-2025,Maxi Dress,34
03-01-2025,Oversized Shirt,29
03-01-2025,Palazzo Pants,26
03-01-2025,Pleated Pants,25
03-01-2025,Polo Shirt,48
03-01-2025,Sandal Anak,30
03-01-2025,Sepatu Formal,7
03-01-2025,Sepatu Sekolah,13
03-01-2025,Setelan Anak,68
03-01-2025,Shoulder Bag,9
03-01-2025,Skirt,48
03-01-2025,Slip Dress,20
03-01-2025,Sneakers,40
03-01-2025,Sneakers Anak,18
03-01-2025,Totebag,6
03-01-2025,Tunic,19
03-01-2025,Vintage Top,25
03-01-2025,Wedges,27
04-01-2025,A-Line Dress,106
04-01-2025,Athleisure Set,133
04-01-2025,Blouse,86
04-01-2025,Bodycon Dress,146
04-01-2025,Boots,79
04-01-2025,Cardigan,123
04-01-2025,Casual Top,133
04-01-2025,Celana Anak,201
04-01-2025,Celana Chino,247
04-01-2025,Celana Formal,277
04-01-2025,Celana Jeans,301
04-01-2025,Chic Top,168
04-01-2025,Clutch,58
04-01-2025,Crop Shirt,117
04-01-2025,Culottes,113
04-01-2025,Dress Anak,182
04-01-2025,Flat Shoes,111
04-01-2025,Handbag,48
04-01-2025,Heels,163
04-01-2025,High-Waist Pants,156
04-01-2025,Jaket,216
04-01-2025,Jogger Pants,199
04-01-2025,Kaos,260
04-01-2025,Kaos Anak,236
04-01-2025,Kaos Kaki,127
04-01-2025,Kemeja,192
04-01-2025,Kemeja Wanita,119
04-01-2025,Koper Besar,5
04-01-2025,Koper Kecil,5
04-01-2025,Koper Sedang,3
04-01-2025,Loafers,77
04-01-2025,Maxi Dress,142
04-01-2025,Oversized Shirt,118
04-01-2025,Palazzo Pants,147
04-01-2025,Pleated Pants,105
04-01-2025,Polo Shirt,233
04-01-2025,Sandal Anak,63
04-01-2025,Sepatu Formal,116
04-01-2025,Sepatu Sekolah,58
04-01-2025,Setelan Anak,240
04-01-2025,Shoulder Bag,38
04-01-2025,Skirt,132
04-01-2025,Slip Dress,134
04-01-2025,Sneakers,160
04-01-2025,Sneakers Anak,59
04-01-2025,Totebag,42
04-01-2025,Tunic,132
04-01-2025,Vintage Top,100
04-01-2025,Wedges,89
05-01-2025,A-Line Dress,39
05-01-2025,Athleisure Set,23
05-01-2025,Blouse,30
05-01-2025,Bodycon Dress,32
05-01-2025,Boots,16
05-01-2025,Cardigan,27
05-01-2025,Casual Top,40
05-01-2025,Celana Anak,56
05-01-2025,Celana Chino,66
05-01-2025,Celana Formal,88
05-01-2025,Celana Jeans,93
05-01-2025,Chic Top,20
05-01-2025,Clutch,9
05-01-2025,Crop Shirt,26
05-01-2025,Culottes,26
05-01-2025,Dress Anak,62
05-01-2025,Flat Shoes,17
05-01-2025,Handbag,12
05-01-2025,Heels,45
05-01-2025,High-Waist Pants,38
05-01-2025,Jaket,64
05-01-2025,Jogger Pants,46
05-01-2025,Kaos,72
05-01-2025,Kaos Anak,59
05-01-2025,Kaos Kaki,62
05-01-2025,Kemeja,65
05-01-2025,Kemeja Wanita,29
05-01-2025,Koper Besar,2
05-01-2025,Koper Sedang,1
05-01-2025,Loafers,22
05-01-2025,Maxi Dress,35
05-01-2025,Oversized Shirt,40
05-01-2025,Palazzo Pants,50
05-01-2025,Pleated Pants,37
05-01-2025,Polo Shirt,67
05-01-2025,Sandal Anak,15
05-01-2025,Sepatu Formal,41
05-01-2025,Sepatu Sekolah,15
05-01-2025,Setelan Anak,47
05-01-2025,Shoulder Bag,4
05-01-2025,Skirt,55
05-01-2025,Slip Dress,39
05-01-2025,Sneakers,46
05-01-2025,Sneakers Anak,10
05-01-2025,Totebag,11
05-01-2025,Tunic,34
05-01-2025,Vintage Top,26
05-01-2025,Wedges,23
06-01-2025,A-Line Dress,25
06-01-2025,Athleisure Set,32
06-01-2025,Blouse,31
06-01-2025,Bodycon Dress,37
06-01-2025,Boots,15
06-01-2025,Cardigan,29
06-01-2025,Casual Top,26
06-01-2025,Celana Anak,44
06-01-2025,Celana Chino,53
06-01-2025,Celana Formal,86
06-01-2025,Celana Jeans,92
06-01-2025,Chic Top,22
06-01-2025,Clutch,8
06-01-2025,Crop Shirt,41
06-01-2025,Culottes,34
06-01-2025,Dress Anak,40
06-01-2025,Flat Shoes,30
06-01-2025,Handbag,1
06-01-2025,Heels,36
06-01-2025,High-Waist Pants,50
06-01-2025,Jaket,52
06-01-2025,Jogger Pants,38
06-01-2025,Kaos,69
06-01-2025,Kaos Anak,46
06-01-2025,Kaos Kaki,35
06-01-2025,Kemeja,57
06-01-2025,Kemeja Wanita,21
06-01-2025,Koper Besar,1
06-01-2025,Koper Kecil,3
06-01-2025,Koper Sedang,3
06-01-2025,Loafers,22
06-01-2025,Maxi Dress,32
06-01-2025,Oversized Shirt,27
06-01-2025,Palazzo Pants,40
06-01-2025,Pleated Pants,20
06-01-2025,Polo Shirt,68
06-01-2025,Sandal Anak,14
06-01-2025,Sepatu Formal,17
06-01-2025,Sepatu Sekolah,17
06-01-2025,Setelan Anak,47
06-01-2025,Shoulder Bag,6
06-01-2025,Skirt,36
06-01-2025,Slip Dress,25
06-01-2025,Sneakers,50
06-01-2025,Sneakers Anak,10
06-01-2025,Totebag,9
06-01-2025,Tunic,31
06-01-2025,Vintage Top,23
06-01-2025,Wedges,17
07-01-2025,A-Line Dress,16
07-01-2025,Athleisure Set,17
07-01-2025,Blouse,15
07-01-2025,Bodycon Dress,10
07-01-2025,Boots,14
07-01-2025,Cardigan,19
07-01-2025,Casual Top,16
07-01-2025,Celana Anak,26
07-01-2025,Celana Chino,14
07-01-2025,Celana Formal,49
07-01-2025,Celana Jeans,36
07-01-2025,Chic Top,24
07-01-2025,Clutch,6
07-01-2025,Crop Shirt,13
07-01-2025,Culottes,22
07-01-2025,Dress Anak,35
07-01-2025,Flat Shoes,16
07-01-2025,Handbag,10
07-01-2025,Heels,23
07-01-2025,High-Waist Pants,34
07-01-2025,Jaket,27
07-01-2025,Jogger Pants,32
07-01-2025,Kaos,47
07-01-2025,Kaos Anak,52
07-01-2025,Kaos Kaki,26
07-01-2025,Kemeja,27
07-01-2025,Kemeja Wanita,13
07-01-2025,Koper Besar,1
07-01-2025,Koper Sedang,2
07-01-2025,Loafers,20
07-01-2025,Maxi Dress,21
07-01-2025,Oversized Shirt,36
07-01-2025,Palazzo Pants,25
07-01-2025,Pleated Pants,21
07-01-2025,Polo Shirt,57
07-01-2025,Sandal Anak,6
07-01-2025,Sepatu Formal,12
07-01-2025,Sepatu Sekolah,15
07-01-2025,Setelan Anak,39
07-01-2025,Shoulder Bag,3
07-01-2025,Skirt,22
07-01-2025,Slip Dress,20
07-01-2025,Sneakers,17
07-01-2025,Sneakers Anak,4
07-01-2025,Totebag,7
07-01-2025,Tunic,19
07-01-2025,Vintage Top,21
07-01-2025,Wedges,12
08-01-2025,A-Line Dress,23
08-01-2025,Athleisure Set,25
08-01-2025,Blouse,26
08-01-2025,Bodycon Dress,25
08-01-2025,Boots,18
08-01-2025,Cardigan,28
08-01-2025,Casual Top,32
08-01-2025,Celana Anak,39
08-01-2025,Celana Chino,48
08-01-2025,Celana Formal,66
08-01-2025,Celana Jeans,61
08-01-2025,Chic Top,21
08-01-2025,Clutch,14
08-01-2025,Crop Shirt,21
08-01-2025,Culottes,21
08-01-2025,Dress Anak,34
08-01-2025,Flat Shoes,24
08-01-2025,Handbag,4
08-01-2025,Heels,25
08-01-2025,High-Waist Pants,21
08-01-2025,Jaket,37
08-01-2025,Jogger Pants,43
08-01-2025,Kaos,52
08-01-2025,Kaos Anak,54
08-01-2025,Kaos Kaki,23
08-01-2025,Kemeja,42
08-01-2025,Kemeja Wanita,27
08-01-2025,Koper Kecil,2
08-01-2025,Koper Sedang,2
08-01-2025,Loafers,18
08-01-2025,Maxi Dress,17
08-01-2025,Oversized Shirt,40
08-01-2025,Palazzo Pants,24
08-01-2025,Pleated Pants,18
08-01-2025,Polo Shirt,37
08-01-2025,Sandal Anak,15
08-01-2025,Sepatu Formal,15
08-01-2025,Sepatu Sekolah,10
08-01-2025,Setelan Anak,43
08-01-2025,Shoulder Bag,8
08-01-2025,Skirt,39
08-01-2025,Slip Dress,19
08-01-2025,Sneakers,26
08-01-2025,Sneakers Anak,18
08-01-2025,Totebag,3
08-01-2025,Tunic,13
08-01-2025,Vintage Top,25
08-01-2025,Wedges,17
09-01-2025,A-Line Dress,28
09-01-2025,Athleisure Set,31
09-01-2025,Blouse,25
09-01-2025,Bodycon Dress,20
09-01-2025,Boots,17
09-01-2025,Cardigan,22
09-01-2025,Casual Top,13
09-01-2025,Celana Anak,33
09-01-2025,Celana Chino,45
09-01-2025,Celana Formal,67
09-01-2025,Celana Jeans,67
09-01-2025,Chic Top,20
09-01-2025,Clutch,9
09-01-2025,Crop Shirt,28
09-01-2025,Culottes,26
09-01-2025,Dress Anak,46
09-01-2025,Flat Shoes,15
09-01-2025,Handbag,2
09-01-2025,Heels,30
09-01-2025,High-Waist Pants,27
09-01-2025,Jaket,40
09-01-2025,Jogger Pants,54
09-01-2025,Kaos,43
09-01-2025,Kaos Anak,32
09-01-2025,Kaos Kaki,19
09-01-2025,Kemeja,52
09-01-2025,Kemeja Wanita,16
09-01-2025,Koper Besar,2
09-01-2025,Koper Kecil,4
09-01-2025,Koper Sedang,1
09-01-2025,Loafers,17
09-01-2025,Maxi Dress,19
09-01-2025,Oversized Shirt,26
09-01-2025,Palazzo Pants,21
09-01-2025,Pleated Pants,20
09-01-2025,Polo Shirt,47
09-01-2025,Sandal Anak,16
09-01-2025,Sepatu Formal,20
09-01-2025,Sepatu Sekolah,7
09-01-2025,Setelan Anak,54
09-01-2025,Shoulder Bag,8
09-01-2025,Skirt,28
09-01-2025,Slip Dress,17
09-01-2025,Sneakers,29
09-01-2025,Sneakers Anak,10
09-01-2025,Totebag,4
09-01-2025,Tunic,18
09-01-2025,Vintage Top,18
09-01-2025,Wedges,22
10-01-2025,A-Line Dress,17
10-01-2025,Athleisure Set,22
10-01-2025,Blouse,18
10-01-2025,Bodycon Dress,28
10-01-2025,Boots,11
10-01-2025,Cardigan,27
10-01-2025,Casual Top,28
10-01-2025,Celana Anak,37
10-01-2025,Celana Chino,43
10-01-2025,Celana Formal,61
10-01-2025,Celana Jeans,55
10-01-2025,Chic Top,18
10-01-2025,Clutch,9
10-01-2025,Crop Shirt,22
10-01-2025,Culottes,33
10-01-2025,Dress Anak,44
10-01-2025,Flat Shoes,10
10-01-2025,Handbag,7
10-01-2025,Heels,28
10-01-2025,High-Waist Pants,24
10-01-2025,Jaket,51
10-01-2025,Jogger Pants,53
10-01-2025,Kaos,40
10-01-2025,Kaos Anak,34
10-01-2025,Kaos Kaki,29
10-01-2025,Kemeja,41
10-01-2025,Kemeja Wanita,27
10-01-2025,Koper Kecil,2
10-01-2025,Koper Sedang,1
10-01-2025,Loafers,22
10-01-2025,Maxi Dress,32
10-01-2025,Oversized Shirt,24
10-01-2025,Palazzo Pants,18
10-01-2025,Pleated Pants,23
10-01-2025,Polo Shirt,42
10-01-2025,Sandal Anak,17
10-01-2025,Sepatu Formal,27
10-01-2025,Sepatu Sekolah,19
10-01-2025,Setelan Anak,50
10-01-2025,Shoulder Bag,6
10-01-2025,Skirt,42
10-01-2025,Slip Dress,28
10-01-2025,Sneakers,30
10-01-2025,Sneakers Anak,17
10-01-2025,Totebag,9
10-01-2025,Tunic,13
10-01-2025,Vintage Top,27
10-01-2025,Wedges,17
11-01-2025,A-Line Dress,29
11-01-2025,Athleisure Set,36
11-01-2025,Blouse,22
11-01-2025,Bodycon Dress,35
11-01-2025,Boots,30
11-01-2025,Cardigan,38
11-01-2025,Casual Top,38
11-01-2025,Celana Anak,86
11-01-2025,Celana Chino,75
11-01-2025,Celana Formal,96
11-01-2025,Celana Jeans,103
11-01-2025,Chic Top,34
11-01-2025,Clutch,13
11-01-2025,Crop Shirt,27
11-01-2025,Culottes,24
11-01-2025,Dress Anak,72
11-01-2025,Flat Shoes,28
11-01-2025,Handbag,3
11-01-2025,Heels,37
11-01-2025,High-Waist Pants,57
11-01-2025,Jaket,77
11-01-2025,Jogger Pants,84
11-01-2025,Kaos,86
11-01-2025,Kaos Anak,63
11-01-2025,Kaos Kaki,33
11-01-2025,Kemeja,60
11-01-2025,Kemeja Wanita,29
11-01-2025,Koper Besar,1
11-01-2025,Koper Sedang,4
11-01-2025,Loafers,28
11-01-2025,Maxi Dress,32
11-01-2025,Oversized Shirt,34
11-01-2025,Palazzo Pants,43
11-01-2025,Pleated Pants,37
11-01-2025,Polo Shirt,70
11-01-2025,Sandal Anak,16
11-01-2025,Sepatu Formal,17
11-01-2025,Sepatu Sekolah,18
11-01-2025,Setelan Anak,59
11-01-2025,Shoulder Bag,11
11-01-2025,Skirt,55
11-01-2025,Slip Dress,26
11-01-2025,Sneakers,47
11-01-2025,Sneakers Anak,10
11-01-2025,Totebag,11
11-01-2025,Tunic,42
11-01-2025,Vintage Top,25
11-01-2025,Wedges,22
12-01-2025,A-Line Dress,175
12-01-2025,Athleisure Set,213
12-01-2025,Blouse,118
12-01-2025,Bodycon Dress,132
12-01-2025,Boots,115
12-01-2025,Cardigan,154
12-01-2025,Casual Top,169
12-01-2025,Celana Anak,298
12-01-2025,Celana Chino,268
12-01-2025,Celana Formal,352
12-01-2025,Celana Jeans,398
12-01-2025,Chic Top,134
12-01-2025,Clutch,30
12-01-2025,Crop Shirt,136
12-01-2025,Culottes,117
12-01-2025,Dress Anak,260
12-01-2025,Flat Shoes,85
12-01-2025,Handbag,46
12-01-2025,Heels,144
12-01-2025,High-Waist Pants,181
12-01-2025,Jaket,274
12-01-2025,Jogger Pants,268
12-01-2025,Kaos,269
12-01-2025,Kaos Anak,268
12-01-2025,Kaos Kaki,183
12-01-2025,Kemeja,265
12-01-2025,Kemeja Wanita,122
12-01-2025,Koper Besar,5
12-01-2025,Koper Kecil,4
12-01-2025,Koper Sedang,8
12-01-2025,Loafers,107
12-01-2025,Maxi Dress,143
12-01-2025,Oversized Shirt,173
12-01-2025,Palazzo Pants,154
12-01-2025,Pleated Pants,146
12-01-2025,Polo Shirt,291
12-01-2025,Sandal Anak,62
12-01-2025,Sepatu Formal,81
12-01-2025,Sepatu Sekolah,65
12-01-2025,Setelan Anak,259
12-01-2025,Shoulder Bag,66
12-01-2025,Skirt,174
12-01-2025,Slip Dress,170
12-01-2025,Sneakers,225
12-01-2025,Sneakers Anak,80
12-01-2025,Totebag,38
12-01-2025,Tunic,141
12-01-2025,Vintage Top,146
12-01-2025,Wedges,141
13-01-2025,A-Line Dress,15
13-01-2025,Athleisure Set,26
13-01-2025,Blouse,37
13-01-2025,Bodycon Dress,24
13-01-2025,Boots,9
13-01-2025,Cardigan,21
13-01-2025,Casual Top,27
13-01-2025,Celana Anak,51
13-01-2025,Celana Chino,46
13-01-2025,Celana Formal,88
13-01-2025,Celana Jeans,64
13-01-2025,Chic Top,22
13-01-2025,Clutch,6
13-01-2025,Crop Shirt,27
13-01-2025,Culottes,22
13-01-2025,Dress Anak,44
13-01-2025,Flat Shoes,19
13-01-2025,Handbag,10
13-01-2025,Heels,21
13-01-2025,High-Waist Pants,37
13-01-2025,Jaket,56
13-01-2025,Jogger Pants,69
13-01-2025,Kaos,38
13-01-2025,Kaos Anak,46
13-01-2025,Kaos Kaki,39
13-01-2025,Kemeja,54
13-01-2025,Kemeja Wanita,22
13-01-2025,Koper Besar,2
13-01-2025,Koper Kecil,1
13-01-2025,Koper Sedang,1
13-01-2025,Loafers,17
13-01-2025,Maxi Dress,34
13-01-2025,Oversized Shirt,24
13-01-2025,Palazzo Pants,20
13-01-2025,Pleated Pants,16
13-01-2025,Polo Shirt,69
13-01-2025,Sandal Anak,14
13-01-2025,Sepatu Formal,15
13-01-2025,Sepatu Sekolah,14
13-01-2025,Setelan Anak,47
13-01-2025,Shoulder Bag,5
13-01-2025,Skirt,41
13-01-2025,Slip Dress,14
13-01-2025,Sneakers,41
13-01-2025,Sneakers Anak,14
13-01-2025,Totebag,6
13-01-2025,Tunic,32
13-01-2025,Vintage Top,21
13-01-2025,Wedges,14
14-01-2025,A-Line Dress,27
14-01-2025,Athleisure Set,31
14-01-2025,Blouse,17
14-01-2025,Bodycon Dress,31
14-01-2025,Boots,11
14-01-2025,Cardigan,22
14-01-2025,Casual Top,26
14-01-2025,Celana Anak,46
14-01-2025,Celana Chino,32
14-01-2025,Celana Formal,64
14-01-2025,Celana Jeans,73
14-01-2025,Chic Top,21
14-01-2025,Clutch,9
14-01-2025,Crop Shirt,21
14-01-2025,Culottes,12
14-01-2025,Dress Anak,35
14-01-2025,Flat Shoes,17
14-01-2025,Handbag,4
14-01-2025,Heels,20
14-01-2025,High-Waist Pants,40
14-01-2025,Jaket,53
14-01-2025,Jogger Pants,38
14-01-2025,Kaos,39
14-01-2025,Kaos Anak,40
14-01-2025,Kaos Kaki,26
14-01-2025,Kemeja,38
14-01-2025,Kemeja Wanita,17
14-01-2025,Koper Kecil,3
14-01-2025,Koper Sedang,1
14-01-2025,Loafers,9
14-01-2025,Maxi Dress,16
14-01-2025,Oversized Shirt,31
14-01-2025,Palazzo Pants,32
14-01-2025,Pleated Pants,21
14-01-2025,Polo Shirt,56
14-01-2025,Sandal Anak,4
14-01-2025,Sepatu Formal,15
14-01-2025,Sepatu Sekolah,9
14-01-2025,Setelan Anak,41
14-01-2025,Shoulder Bag,7
14-01-2025,Skirt,29
14-01-2025,Slip Dress,21
14-01-2025,Sneakers,21
14-01-2025,Sneakers Anak,7
14-01-2025,Totebag,8
14-01-2025,Tunic,20
14-01-2025,Vintage Top,19
14-01-2025,Wedges,17
15-01-2025,A-Line Dress,32
15-01-2025,Athleisure Set,27
15-01-2025,Blouse,24
15-01-2025,Bodycon Dress,18
15-01-2025,Boots,24
15-01-2025,Cardigan,28
15-01-2025,Casual Top,24
15-01-2025,Celana Anak,53
15-01-2025,Celana Chino,63
15-01-2025,Celana Formal,52
15-01-2025,Celana Jeans,93
15-01-2025,Chic Top,32
15-01-2025,Clutch,11
15-01-2025,Crop Shirt,21
15-01-2025,Culottes,25
15-01-2025,Dress Anak,39
15-01-2025,Flat Shoes,18
15-01-2025,Handbag,13
15-01-2025,Heels,33
15-01-2025,High-Waist Pants,41
15-01-2025,Jaket,64
15-01-2025,Jogger Pants,65
15-01-2025,Kaos,59
15-01-2025,Kaos Anak,50
15-01-2025,Kaos Kaki,40
15-01-2025,Kemeja,38
15-01-2025,Kemeja Wanita,39
15-01-2025,Koper Besar,2
15-01-2025,Koper Kecil,1
15-01-2025,Koper Sedang,2
15-01-2025,Loafers,17
15-01-2025,Maxi Dress,28
15-01-2025,Oversized Shirt,17
15-01-2025,Palazzo Pants,19
15-01-2025,Pleated Pants,29
15-01-2025,Polo Shirt,62
15-01-2025,Sandal Anak,12
15-01-2025,Sepatu Formal,15
15-01-2025,Sepatu Sekolah,12
15-01-2025,Setelan Anak,90
15-01-2025,Shoulder Bag,10
15-01-2025,Skirt,39
15-01-2025,Slip Dress,27
15-01-2025,Sneakers,55
15-01-2025,Sneakers Anak,14
15-01-2025,Totebag,3
15-01-2025,Tunic,34
15-01-2025,Vintage Top,21
15-01-2025,Wedges,15
16-01-2025,A-Line Dress,28
16-01-2025,Athleisure Set,21
16-01-2025,Blouse,30
16-01-2025,Bodycon Dress,33
16-01-2025,Boots,15
16-01-2025,Cardigan,14
16-01-2025,Casual Top,18
16-01-2025,Celana Anak,31
16-01-2025,Celana Chino,45
16-01-2025,Celana Formal,71
16-01-2025,Celana Jeans,54
16-01-2025,Chic Top,30
16-01-2025,Clutch,17
16-01-2025,Crop Shirt,22
16-01-2025,Culottes,28
16-01-2025,Dress Anak,40
16-01-2025,Flat Shoes,14
16-01-2025,Handbag,9
16-01-2025,Heels,30
16-01-2025,High-Waist Pants,42
16-01-2025,Jaket,47
16-01-2025,Jogger Pants,42
16-01-2025,Kaos,33
16-01-2025,Kaos Anak,46
16-01-2025,Kaos Kaki,28
16-01-2025,Kemeja,57
16-01-2025,Kemeja Wanita,11
16-01-2025,Koper Besar,2
16-01-2025,Koper Kecil,1
16-01-2025,Koper Sedang,2
16-01-2025,Loafers,27
16-01-2025,Maxi Dress,31
16-01-2025,Oversized Shirt,23
16-01-2025,Palazzo Pants,26
16-01-2025,Pleated Pants,23
16-01-2025,Polo Shirt,30
16-01-2025,Sandal Anak,14
16-01-2025,Sepatu Formal,18
16-01-2025,Sepatu Sekolah,8
16-01-2025,Setelan Anak,41
16-01-2025,Shoulder Bag,7
16-01-2025,Skirt,34
16-01-2025,Slip Dress,17
16-01-2025,Sneakers,39
16-01-2025,Sneakers Anak,11
16-01-2025,Totebag,11
16-01-2025,Tunic,14
16-01-2025,Vintage Top,24
16-01-2025,Wedges,13
17-01-2025,A-Line Dress,25
17-01-2025,Athleisure Set,21
17-01-2025,Blouse,30
17-01-2025,Bodycon Dress,22
17-01-2025,Boots,14
17-01-2025,Cardigan,23
17-01-2025,Casual Top,26
17-01-2025,Celana Anak,30
17-01-2025,Celana Chino,33
17-01-2025,Celana Formal,58
17-01-2025,Celana Jeans,46
17-01-2025,Chic Top,21
17-01-2025,Clutch,1
17-01-2025,Crop Shirt,27
17-01-2025,Culottes,22
17-01-2025,Dress Anak,26
17-01-2025,Flat Shoes,18
17-01-2025,Handbag,3
17-01-2025,Heels,41
17-01-2025,High-Waist Pants,36
17-01-2025,Jaket,36
17-01-2025,Jogger Pants,45
17-01-2025,Kaos,45
17-01-2025,Kaos Anak,40
17-01-2025,Kaos Kaki,25
17-01-2025,Kemeja,34
17-01-2025,Kemeja Wanita,17
17-01-2025,Koper Kecil,2
17-01-2025,Loafers,15
17-01-2025,Maxi Dress,25
17-01-2025,Oversized Shirt,24
17-01-2025,Palazzo Pants,24
17-01-2025,Pleated Pants,24
17-01-2025,Polo Shirt,37
17-01-2025,Sandal Anak,11
17-01-2025,Sepatu Formal,12
17-01-2025,Sepatu Sekolah,4
17-01-2025,Setelan Anak,53
17-01-2025,Shoulder Bag,5
17-01-2025,Skirt,44
17-01-2025,Slip Dress,28
17-01-2025,Sneakers,37
17-01-2025,Sneakers Anak,5
17-01-2025,Totebag,4
17-01-2025,Tunic,26
17-01-2025,Vintage Top,23
17-01-2025,Wedges,15
18-01-2025,A-Line Dress,29
18-01-2025,Athleisure Set,28
18-01-2025,Blouse,29
18-01-2025,Bodycon Dress,22
18-01-2025,Boots,26
18-01-2025,Cardigan,24
18-01-2025,Casual Top,32
18-01-2025,Celana Anak,43
18-01-2025,Celana Chino,62
18-01-2025,Celana Formal,100
18-01-2025,Celana Jeans,70
18-01-2025,Chic Top,35
18-01-2025,Clutch,5
18-01-2025,Crop Shirt,31
18-01-2025,Culottes,45
18-01-2025,Dress Anak,56
18-01-2025,Flat Shoes,29
18-01-2025,Handbag,4
18-01-2025,Heels,26
18-01-2025,High-Waist Pants,33
18-01-2025,Jaket,69
18-01-2025,Jogger Pants,54
18-01-2025,Kaos,43
18-01-2025,Kaos Anak,56
18-01-2025,Kaos Kaki,40
18-01-2025,Kemeja,72
18-01-2025,Kemeja Wanita,15
18-01-2025,Koper Kecil,2
18-01-2025,Koper Sedang,5
18-01-2025,Loafers,18
18-01-2025,Maxi Dress,16
18-01-2025,Oversized Shirt,24
18-01-2025,Palazzo Pants,28
18-01-2025,Pleated Pants,29
18-01-2025,Polo Shirt,67
18-01-2025,Sandal Anak,16
18-01-2025,Sepatu Formal,30
18-01-2025,Sepatu Sekolah,15
18-01-2025,Setelan Anak,69
18-01-2025,Shoulder Bag,8
18-01-2025,Skirt,48
18-01-2025,Slip Dress,33
18-01-2025,Sneakers,42
18-01-2025,Sneakers Anak,13
18-01-2025,Totebag,11
18-01-2025,Tunic,30
18-01-2025,Vintage Top,43
18-01-2025,Wedges,26
19-01-2025,A-Line Dress,40
19-01-2025,Athleisure Set,41
19-01-2025,Blouse,38
19-01-2025,Bodycon Dress,44
19-01-2025,Boots,20
19-01-2025,Cardigan,38
19-01-2025,Casual Top,30
19-01-2025,Celana Anak,65
19-01-2025,Celana Chino,79
19-01-2025,Celana Formal,114
19-01-2025,Celana Jeans,105
19-01-2025,Chic Top,22
19-01-2025,Clutch,6
19-01-2025,Crop Shirt,52
19-01-2025,Culottes,38
19-01-2025,Dress Anak,58
19-01-2025,Flat Shoes,48
19-01-2025,Handbag,9
19-01-2025,Heels,53
19-01-2025,High-Waist Pants,64
19-01-2025,Jaket,79
19-01-2025,Jogger Pants,69
19-01-2025,Kaos,87
19-01-2025,Kaos Anak,70
19-01-2025,Kaos Kaki,39
19-01-2025,Kemeja,83
19-01-2025,Kemeja Wanita,38
19-01-2025,Koper Besar,1
19-01-2025,Koper Kecil,3
19-01-2025,Koper Sedang,1
19-01-2025,Loafers,30
19-01-2025,Maxi Dress,46
19-01-2025,Oversized Shirt,46
19-01-2025,Palazzo Pants,30
19-01-2025,Pleated Pants,45
19-01-2025,Polo Shirt,81
19-01-2025,Sandal Anak,24
19-01-2025,Sepatu Formal,35
19-01-2025,Sepatu Sekolah,15
19-01-2025,Setelan Anak,106
19-01-2025,Shoulder Bag,11
19-01-2025,Skirt,38
19-01-2025,Slip Dress,38
19-01-2025,Sneakers,60
19-01-2025,Sneakers Anak,19
19-01-2025,Totebag,11
19-01-2025,Tunic,36
19-01-2025,Vintage Top,31
19-01-2025,Wedges,44
20-01-2025,A-Line Dress,28
20-01-2025,Athleisure Set,33
20-01-2025,Blouse,49
20-01-2025,Bodycon Dress,34
20-01-2025,Boots,30
20-01-2025,Cardigan,27
20-01-2025,Casual Top,22
20-01-2025,Celana Anak,52
20-01-2025,Celana Chino,65
20-01-2025,Celana Formal,85
20-01-2025,Celana Jeans,72
20-01-2025,Chic Top,23
20-01-2025,Clutch,10
20-01-2025,Crop Shirt,32
20-01-2025,Culottes,21
20-01-2025,Dress Anak,42
20-01-2025,Flat Shoes,16
20-01-2025,Handbag,13
20-01-2025,Heels,31
20-01-2025,High-Waist Pants,31
20-01-2025,Jaket,83
20-01-2025,Jogger Pants,39
20-01-2025,Kaos,60
20-01-2025,Kaos Anak,60
20-01-2025,Kaos Kaki,35
20-01-2025,Kemeja,51
20-01-2025,Kemeja Wanita,46
20-01-2025,Koper Besar,2
20-01-2025,Koper Kecil,1
20-01-2025,Koper Sedang,2
20-01-2025,Loafers,14
20-01-2025,Maxi Dress,30
20-01-2025,Oversized Shirt,29
20-01-2025,Palazzo Pants,25
20-01-2025,Pleated Pants,25
20-01-2025,Polo Shirt,67
20-01-2025,Sandal Anak,14
20-01-2025,Sepatu Formal,10
20-01-2025,Sepatu Sekolah,11
20-01-2025,Setelan Anak,87
20-01-2025,Shoulder Bag,11
20-01-2025,Skirt,31
20-01-2025,Slip Dress,23
20-01-2025,Sneakers,47
20-01-2025,Sneakers Anak,24
20-01-2025,Totebag,12
20-01-2025,Tunic,28
20-01-2025,Vintage Top,24
20-01-2025,Wedges,18
21-01-2025,A-Line Dress,21
21-01-2025,Athleisure Set,11
21-01-2025,Blouse,15
21-01-2025,Bodycon Dress,19
21-01-2025,Boots,13
21-01-2025,Cardigan,11
21-01-2025,Casual Top,12
21-01-2025,Celana Anak,40
21-01-2025,Celana Chino,24
21-01-2025,Celana Formal,45
21-01-2025,Celana Jeans,42
21-01-2025,Chic Top,25
21-01-2025,Clutch,11
21-01-2025,Crop Shirt,26
21-01-2025,Culottes,25
21-01-2025,Dress Anak,50
21-01-2025,Flat Shoes,19
21-01-2025,Handbag,7
21-01-2025,Heels,23
21-01-2025,High-Waist Pants,27
21-01-2025,Jaket,34
21-01-2025,Jogger Pants,46
21-01-2025,Kaos,40
21-01-2025,Kaos Anak,22
21-01-2025,Kaos Kaki,19
21-01-2025,Kemeja,40
21-01-2025,Kemeja Wanita,30
21-01-2025,Koper Besar,3
21-01-2025,Koper Kecil,2
21-01-2025,Koper Sedang,1
21-01-2025,Loafers,12
21-01-2025,Maxi Dress,17
21-01-2025,Oversized Shirt,21
21-01-2025,Palazzo Pants,19
21-01-2025,Pleated Pants,18
21-01-2025,Polo Shirt,41
21-01-2025,Sandal Anak,9
21-01-2025,Sepatu Formal,21
21-01-2025,Sepatu Sekolah,11
21-01-2025,Setelan Anak,39
21-01-2025,Shoulder Bag,7
21-01-2025,Skirt,28
21-01-2025,Slip Dress,20
21-01-2025,Sneakers,29
21-01-2025,Sneakers Anak,7
21-01-2025,Totebag,5
21-01-2025,Tunic,15
21-01-2025,Vintage Top,22
21-01-2025,Wedges,19
22-01-2025,A-Line Dress,27
22-01-2025,Athleisure Set,16
22-01-2025,Blouse,36
22-01-2025,Bodycon Dress,22
22-01-2025,Boots,13
22-01-2025,Cardigan,30
22-01-2025,Casual Top,22
22-01-2025,Celana Anak,50
22-01-2025,Celana Chino,17
22-01-2025,Celana Formal,51
22-01-2025,Celana Jeans,50
22-01-2025,Chic Top,13
22-01-2025,Clutch,1
22-01-2025,Crop Shirt,28
22-01-2025,Culottes,23
22-01-2025,Dress Anak,56
22-01-2025,Flat Shoes,14
22-01-2025,Handbag,6
22-01-2025,Heels,34
22-01-2025,High-Waist Pants,34
22-01-2025,Jaket,37
22-01-2025,Jogger Pants,44
22-01-2025,Kaos,48
22-01-2025,Kaos Anak,43
22-01-2025,Kaos Kaki,34
22-01-2025,Kemeja,37
22-01-2025,Kemeja Wanita,33
22-01-2025,Koper Sedang,2
22-01-2025,Loafers,9
22-01-2025,Maxi Dress,20
22-01-2025,Oversized Shirt,22
22-01-2025,Palazzo Pants,6
22-01-2025,Pleated Pants,23
22-01-2025,Polo Shirt,45
22-01-2025,Sandal Anak,10
22-01-2025,Sepatu Formal,10
22-01-2025,Sepatu Sekolah,15
22-01-2025,Setelan Anak,56
22-01-2025,Shoulder Bag,8
22-01-2025,Skirt,37
22-01-2025,Slip Dress,24
22-01-2025,Sneakers,26
22-01-2025,Sneakers Anak,12
22-01-2025,Totebag,13
22-01-2025,Tunic,20
22-01-2025,Vintage Top,13
22-01-2025,Wedges,18
23-01-2025,A-Line Dress,21
23-01-2025,Athleisure Set,17
23-01-2025,Blouse,21
23-01-2025,Bodycon Dress,27
23-01-2025,Boots,14
23-01-2025,Cardigan,22
23-01-2025,Casual Top,25
23-01-2025,Celana Anak,34
23-01-2025,Celana Chino,51
23-01-2025,Celana Formal,58
23-01-2025,Celana Jeans,49
23-01-2025,Chic Top,26
23-01-2025,Clutch,11
23-01-2025,Crop Shirt,18
23-01-2025,Culottes,22
23-01-2025,Dress Anak,38
23-01-2025,Flat Shoes,21
23-01-2025,Handbag,7
23-01-2025,Heels,30
23-01-2025,High-Waist Pants,27
23-01-2025,Jaket,44
23-01-2025,Jogger Pants,42
23-01-2025,Kaos,28
23-01-2025,Kaos Anak,58
23-01-2025,Kaos Kaki,27
23-01-2025,Kemeja,49
23-01-2025,Kemeja Wanita,19
23-01-2025,Koper Besar,3
23-01-2025,Koper Kecil,1
23-01-2025,Koper Sedang,1
23-01-2025,Loafers,9
23-01-2025,Maxi Dress,25
23-01-2025,Oversized Shirt,25
23-01-2025,Palazzo Pants,17
23-01-2025,Pleated Pants,14
23-01-2025,Polo Shirt,52
23-01-2025,Sandal Anak,12
23-01-2025,Sepatu Formal,12
23-01-2025,Sepatu Sekolah,6
23-01-2025,Setelan Anak,35
23-01-2025,Shoulder Bag,3
23-01-2025,Skirt,32
23-01-2025,Slip Dress,32
23-01-2025,Sneakers,30
23-01-2025,Sneakers Anak,19
23-01-2025,Totebag,8
23-01-2025,Tunic,22
23-01-2025,Vintage Top,25
23-01-2025,Wedges,15
24-01-2025,A-Line Dress,27
24-01-2025,Athleisure Set,38
24-01-2025,Blouse,24
24-01-2025,Bodycon Dress,26
24-01-2025,Boots,15
24-01-2025,Cardigan,25
24-01-2025,Casual Top,34
24-01-2025,Celana Anak,40
24-01-2025,Celana Chino,44
24-01-2025,Celana Formal,63
24-01-2025,Celana Jeans,62
24-01-2025,Chic Top,24
24-01-2025,Clutch,4
24-01-2025,Crop Shirt,28
24-01-2025,Culottes,21
24-01-2025,Dress Anak,43
24-01-2025,Flat Shoes,29
24-01-2025,Handbag,8
24-01-2025,Heels,27
24-01-2025,High-Waist Pants,43
24-01-2025,Jaket,47
24-01-2025,Jogger Pants,42
24-01-2025,Kaos,40
24-01-2025,Kaos Anak,41
24-01-2025,Kaos Kaki,25
24-01-2025,Kemeja,56
24-01-2025,Kemeja Wanita,21
24-01-2025,Koper Besar,2
24-01-2025,Koper Kecil,2
24-01-2025,Koper Sedang,3
24-01-2025,Loafers,12
24-01-2025,Maxi Dress,21
24-01-2025,Oversized Shirt,26
24-01-2025,Palazzo Pants,28
24-01-2025,Pleated Pants,35
24-01-2025,Polo Shirt,50
24-01-2025,Sandal Anak,12
24-01-2025,Sepatu Formal,17
24-01-2025,Sepatu Sekolah,14
24-01-2025,Setelan Anak,49
24-01-2025,Shoulder Bag,8
24-01-2025,Skirt,35
24-01-2025,Slip Dress,35
24-01-2025,Sneakers,35
24-01-2025,Sneakers Anak,15
24-01-2025,Totebag,15
24-01-2025,Tunic,29
24-01-2025,Vintage Top,22
24-01-2025,Wedges,20
25-01-2025,A-Line Dress,127
25-01-2025,Athleisure Set,169
25-01-2025,Blouse,160
25-01-2025,Bodycon Dress,158
25-01-2025,Boots,99
25-01-2025,Cardigan,172
25-01-2025,Casual Top,160
25-01-2025,Celana Anak,249
25-01-2025,Celana Chino,288
25-01-2025,Celana Formal,313
25-01-2025,Celana Jeans,306
25-01-2025,Chic Top,169
25-01-2025,Clutch,54
25-01-2025,Crop Shirt,128
25-01-2025,Culottes,116
25-01-2025,Dress Anak,231
25-01-2025,Flat Shoes,118
25-01-2025,Handbag,62
25-01-2025,Heels,124
25-01-2025,High-Waist Pants,183
25-01-2025,Jaket,224
25-01-2025,Jogger Pants,205
25-01-2025,Kaos,247
25-01-2025,Kaos Anak,266
25-01-2025,Kaos Kaki,129
25-01-2025,Kemeja,251
25-01-2025,Kemeja Wanita,123
25-01-2025,Koper Besar,4
25-01-2025,Koper Kecil,4
25-01-2025,Koper Sedang,2
25-01-2025,Loafers,104
25-01-2025,Maxi Dress,127
25-01-2025,Oversized Shirt,152
25-01-2025,Palazzo Pants,164
25-01-2025,Pleated Pants,155
25-01-2025,Polo Shirt,232
25-01-2025,Sandal Anak,73
25-01-2025,Sepatu Formal,92
25-01-2025,Sepatu Sekolah,80
25-01-2025,Setelan Anak,265
25-01-2025,Shoulder Bag,52
25-01-2025,Skirt,155
25-01-2025,Slip Dress,169
25-01-2025,Sneakers,172
25-01-2025,Sneakers Anak,72
25-01-2025,Totebag,40
25-01-2025,Tunic,136
25-01-2025,Vintage Top,114
25-01-2025,Wedges,87
26-01-2025,A-Line Dress,37
26-01-2025,Athleisure Set,25
26-01-2025,Blouse,33
26-01-2025,Bodycon Dress,32
26-01-2025,Boots,28
26-01-2025,Cardigan,39
26-01-2025,Casual Top,28
26-01-2025,Celana Anak,78
26-01-2025,Celana Chino,75
26-01-2025,Celana Formal,103
26-01-2025,Celana Jeans,101
26-01-2025,Chic Top,24
26-01-2025,Clutch,8
26-01-2025,Crop Shirt,30
26-01-2025,Culottes,14
26-01-2025,Dress Anak,74
26-01-2025,Flat Shoes,29
26-01-2025,Handbag,14
26-01-2025,Heels,48
26-01-2025,High-Waist Pants,65
26-01-2025,Jaket,69
26-01-2025,Jogger Pants,66
26-01-2025,Kaos,64
26-01-2025,Kaos Anak,72
26-01-2025,Kaos Kaki,19
26-01-2025,Kemeja,96
26-01-2025,Kemeja Wanita,40
26-01-2025,Koper Kecil,1
26-01-2025,Koper Sedang,2
26-01-2025,Loafers,17
26-01-2025,Maxi Dress,40
26-01-2025,Oversized Shirt,48
26-01-2025,Palazzo Pants,39
26-01-2025,Pleated Pants,34
26-01-2025,Polo Shirt,72
26-01-2025,Sandal Anak,18
26-01-2025,Sepatu Formal,28
26-01-2025,Sepatu Sekolah,7
26-01-2025,Setelan Anak,76
26-01-2025,Shoulder Bag,7
26-01-2025,Skirt,62
26-01-2025,Slip Dress,32
26-01-2025,Sneakers,44
26-01-2025,Sneakers Anak,26
26-01-2025,Totebag,9
26-01-2025,Tunic,46
26-01-2025,Vintage Top,36
26-01-2025,Wedges,26
27-01-2025,A-Line Dress,30
27-01-2025,Athleisure Set,14
27-01-2025,Blouse,21
27-01-2025,Bodycon Dress,38
27-01-2025,Boots,17
27-01-2025,Cardigan,11
27-01-2025,Casual Top,22
27-01-2025,Celana Anak,43
27-01-2025,Celana Chino,44
27-01-2025,Celana Formal,60
27-01-2025,Celana Jeans,72
27-01-2025,Chic Top,21
27-01-2025,Clutch,7
27-01-2025,Crop Shirt,13
27-01-2025,Culottes,29
27-01-2025,Dress Anak,51
27-01-2025,Flat Shoes,16
27-01-2025,Handbag,12
27-01-2025,Heels,34
27-01-2025,High-Waist Pants,25
27-01-2025,Jaket,42
27-01-2025,Jogger Pants,29
27-01-2025,Kaos,47
27-01-2025,Kaos Anak,50
27-01-2025,Kaos Kaki,35
27-01-2025,Kemeja,40
27-01-2025,Kemeja Wanita,29
27-01-2025,Koper Besar,2
27-01-2025,Koper Kecil,2
27-01-2025,Koper Sedang,2
27-01-2025,Loafers,14
27-01-2025,Maxi Dress,16
27-01-2025,Oversized Shirt,16
27-01-2025,Palazzo Pants,17
27-01-2025,Pleated Pants,23
27-01-2025,Polo Shirt,33
27-01-2025,Sandal Anak,13
27-01-2025,Sepatu Formal,15
27-01-2025,Sepatu Sekolah,15
27-01-2025,Setelan Anak,48
27-01-2025,Shoulder Bag,11
27-01-2025,Skirt,27
27-01-2025,Slip Dress,24
27-01-2025,Sneakers,32
27-01-2025,Sneakers Anak,6
27-01-2025,Totebag,6
27-01-2025,Tunic,33
27-01-2025,Vintage Top,11
27-01-2025,Wedges,21
28-01-2025,A-Line Dress,16
28-01-2025,Athleisure Set,21
28-01-2025,Blouse,22
28-01-2025,Bodycon Dress,35
28-01-2025,Boots,11
28-01-2025,Cardigan,23
28-01-2025,Casual Top,17
28-01-2025,Celana Anak,43
28-01-2025,Celana Chino,39
28-01-2025,Celana Formal,65
28-01-2025,Celana Jeans,55
28-01-2025,Chic Top,11
28-01-2025,Clutch,12
28-01-2025,Crop Shirt,22
28-01-2025,Culottes,24
28-01-2025,Dress Anak,37
28-01-2025,Flat Shoes,19
28-01-2025,Handbag,6
28-01-2025,Heels,28
28-01-2025,High-Waist Pants,35
28-01-2025,Jaket,50
28-01-2025,Jogger Pants,60
28-01-2025,Kaos,28
28-01-2025,Kaos Anak,59
28-01-2025,Kaos Kaki,28
28-01-2025,Kemeja,56
28-01-2025,Kemeja Wanita,18
28-01-2025,Koper Kecil,4
28-01-2025,Koper Sedang,4
28-01-2025,Loafers,12
28-01-2025,Maxi Dress,22
28-01-2025,Oversized Shirt,33
28-01-2025,Palazzo Pants,27
28-01-2025,Pleated Pants,18
28-01-2025,Polo Shirt,33
28-01-2025,Sandal Anak,14
28-01-2025,Sepatu Formal,6
28-01-2025,Sepatu Sekolah,17
28-01-2025,Setelan Anak,45
28-01-2025,Shoulder Bag,4
28-01-2025,Skirt,20
28-01-2025,Slip Dress,32
28-01-2025,Sneakers,35
28-01-2025,Sneakers Anak,13
28-01-2025,Totebag,8
28-01-2025,Tunic,20
28-01-2025,Vintage Top,29
28-01-2025,Wedges,29
01-02-2025,A-Line Dress,20
01-02-2025,Athleisure Set,31
01-02-2025,Blouse,16
01-02-2025,Bodycon Dress,16
01-02-2025,Boots,24
01-02-2025,Cardigan,33
01-02-2025,Casual Top,27
01-02-2025,Celana Anak,62
01-02-2025,Celana Chino,62
01-02-2025,Celana Formal,51
01-02-2025,Celana Jeans,87
01-02-2025,Chic Top,29
01-02-2025,Clutch,9
01-02-2025,Crop Shirt,34
01-02-2025,Culottes,28
01-02-2025,Dress Anak,39
01-02-2025,Flat Shoes,16
01-02-2025,Handbag,5
01-02-2025,Heels,30
01-02-2025,High-Waist Pants,38
01-02-2025,Jaket,63
01-02-2025,Jogger Pants,55
01-02-2025,Kaos,70
01-02-2025,Kaos Anak,54
01-02-2025,Kaos Kaki,42
01-02-2025,Kemeja,42
01-02-2025,Kemeja Wanita,18
01-02-2025,Koper Besar,3
01-02-2025,Koper Kecil,2
01-02-2025,Koper Sedang,1
01-02-2025,Loafers,14
01-02-2025,Maxi Dress,17
01-02-2025,Oversized Shirt,20
01-02-2025,Palazzo Pants,22
01-02-2025,Pleated Pants,21
01-02-2025,Polo Shirt,46
01-02-2025,Sandal Anak,10
01-02-2025,Sepatu Formal,10
01-02-2025,Sepatu Sekolah,14
01-02-2025,Setelan Anak,43
01-02-2025,Shoulder Bag,7
01-02-2025,Skirt,34
01-02-2025,Slip Dress,25
01-02-2025,Sneakers,26
01-02-2025,Sneakers Anak,21
01-02-2025,Totebag,14
01-02-2025,Tunic,25
01-02-2025,Vintage Top,17
01-02-2025,Wedges,24
02-02-2025,A-Line Dress,146
02-02-2025,Athleisure Set,107
02-02-2025,Blouse,124
02-02-2025,Bodycon Dress,113
02-02-2025,Boots,61
02-02-2025,Cardigan,139
02-02-2025,Casual Top,108
02-02-2025,Celana Anak,218
02-02-2025,Celana Chino,181
02-02-2025,Celana Formal,275
02-02-2025,Celana Jeans,248
02-02-2025,Chic Top,106
02-02-2025,Clutch,38
02-02-2025,Crop Shirt,115
02-02-2025,Culottes,115
02-02-2025,Dress Anak,168
02-02-2025,Flat Shoes,50
02-02-2025,Handbag,37
02-02-2025,Heels,110
02-02-2025,High-Waist Pants,147
02-02-2025,Jaket,193
02-02-2025,Jogger Pants,238
02-02-2025,Kaos,211
02-02-2025,Kaos Anak,223
02-02-2025,Kaos Kaki,139
02-02-2025,Kemeja,216
02-02-2025,Kemeja Wanita,90
02-02-2025,Koper Besar,2
02-02-2025,Koper Kecil,2
02-02-2025,Koper Sedang,1
02-02-2025,Loafers,95
02-02-2025,Maxi Dress,113
02-02-2025,Oversized Shirt,94
02-02-2025,Palazzo Pants,99
02-02-2025,Pleated Pants,102
02-02-2025,Polo Shirt,222
02-02-2025,Sandal Anak,34
02-02-2025,Sepatu Formal,55
02-02-2025,Sepatu Sekolah,80
02-02-2025,Setelan Anak,230
02-02-2025,Shoulder Bag,60
02-02-2025,Skirt,139
02-02-2025,Slip Dress,137
02-02-2025,Sneakers,167
02-02-2025,Sneakers Anak,63
02-02-2025,Totebag,38
02-02-2025,Tunic,129
02-02-2025,Vintage Top,129
02-02-2025,Wedges,51
03-02-2025,A-Line Dress,16
03-02-2025,Athleisure Set,29
03-02-2025,Blouse,25
03-02-2025,Bodycon Dress,14
03-02-2025,Boots,15
03-02-2025,Cardigan,25
03-02-2025,Casual Top,20
03-02-2025,Celana Anak,47
03-02-2025,Celana Chino,35
03-02-2025,Celana Formal,47
03-02-2025,Celana Jeans,56
03-02-2025,Chic Top,13
03-02-2025,Clutch,5
03-02-2025,Crop Shirt,17
03-02-2025,Culottes,26
03-02-2025,Dress Anak,38
03-02-2025,Flat Shoes,16
03-02-2025,Handbag,6
03-02-2025,Heels,17
03-02-2025,High-Waist Pants,31
03-02-2025,Jaket,30
03-02-2025,Jogger Pants,42
03-02-2025,Kaos,50
03-02-2025,Kaos Anak,27
03-02-2025,Kaos Kaki,17
03-02-2025,Kemeja,39
03-02-2025,Kemeja Wanita,15
03-02-2025,Koper Besar,1
03-02-2025,Koper Sedang,2
03-02-2025,Loafers,19
03-02-2025,Maxi Dress,19
03-02-2025,Oversized Shirt,14
03-02-2025,Palazzo Pants,25
03-02-2025,Pleated Pants,24
03-02-2025,Polo Shirt,49
03-02-2025,Sandal Anak,7
03-02-2025,Sepatu Formal,15
03-02-2025,Sepatu Sekolah,6
03-02-2025,Setelan Anak,51
03-02-2025,Shoulder Bag,6
03-02-2025,Skirt,35
03-02-2025,Slip Dress,24
03-02-2025,Sneakers,26
03-02-2025,Sneakers Anak,12
03-02-2025,Totebag,6
03-02-2025,Tunic,15
03-02-2025,Vintage Top,25
03-02-2025,Wedges,18
04-02-2025,A-Line Dress,24
04-02-2025,Athleisure Set,19
04-02-2025,Blouse,25
04-02-2025,Bodycon Dress,19
04-02-2025,Boots,8
04-02-2025,Cardigan,14
04-02-2025,Casual Top,22
04-02-2025,Celana Anak,55
04-02-2025,Celana Chino,39
04-02-2025,Celana Formal,38
04-02-2025,Celana Jeans,61
04-02-2025,Chic Top,22
04-02-2025,Clutch,9
04-02-2025,Crop Shirt,19
04-02-2025,Culottes,29
04-02-2025,Dress Anak,31
04-02-2025,Flat Shoes,13
04-02-2025,Handbag,11
04-02-2025,Heels,35
04-02-2025,High-Waist Pants,41
04-02-2025,Jaket,40
04-02-2025,Jogger Pants,31
04-02-2025,Kaos,56
04-02-2025,Kaos Anak,30
04-02-2025,Kaos Kaki,24
04-02-2025,Kemeja,35
04-02-2025,Kemeja Wanita,22
04-02-2025,Koper Besar,2
04-02-2025,Koper Sedang,1
04-02-2025,Loafers,11
04-02-2025,Maxi Dress,16
04-02-2025,Oversized Shirt,21
04-02-2025,Palazzo Pants,29
04-02-2025,Pleated Pants,17
04-02-2025,Polo Shirt,52
04-02-2025,Sandal Anak,18
04-02-2025,Sepatu Formal,12
04-02-2025,Sepatu Sekolah,10
04-02-2025,Setelan Anak,51
04-02-2025,Shoulder Bag,13
04-02-2025,Skirt,41
04-02-2025,Slip Dress,23
04-02-2025,Sneakers,22
04-02-2025,Sneakers Anak,11
04-02-2025,Totebag,6
04-02-2025,Tunic,15
04-02-2025,Vintage Top,20
04-02-2025,Wedges,11
05-02-2025,A-Line Dress,25
05-02-2025,Athleisure Set,25
05-02-2025,Blouse,13
05-02-2025,Bodycon Dress,26
05-02-2025,Boots,17
05-02-2025,Cardigan,27
05-02-2025,Casual Top,17
05-02-2025,Celana Anak,32
05-02-2025,Celana Chino,32
05-02-2025,Celana Formal,49
05-02-2025,Celana Jeans,61
05-02-2025,Chic Top,15
05-02-2025,Clutch,6
05-02-2025,Crop Shirt,19
05-02-2025,Culottes,19
05-02-2025,Dress Anak,55
05-02-2025,Flat Shoes,16
05-02-2025,Handbag,3
05-02-2025,Heels,22
05-02-2025,High-Waist Pants,27
05-02-2025,Jaket,41
05-02-2025,Jogger Pants,52
05-02-2025,Kaos,46
05-02-2025,Kaos Anak,27
05-02-2025,Kaos Kaki,35
05-02-2025,Kemeja,44
05-02-2025,Kemeja Wanita,25
05-02-2025,Koper Besar,2
05-02-2025,Koper Kecil,1
05-02-2025,Koper Sedang,1
05-02-2025,Loafers,15
05-02-2025,Maxi Dress,23
05-02-2025,Oversized Shirt,23
05-02-2025,Palazzo Pants,24
05-02-2025,Pleated Pants,18
05-02-2025,Polo Shirt,41
05-02-2025,Sandal Anak,13
05-02-2025,Sepatu Formal,20
05-02-2025,Sepatu Sekolah,10
05-02-2025,Setelan Anak,46
05-02-2025,Shoulder Bag,5
05-02-2025,Skirt,36
05-02-2025,Slip Dress,22
05-02-2025,Sneakers,31
05-02-2025,Sneakers Anak,16
05-02-2025,Tunic,23
05-02-2025,Vintage Top,15
05-02-2025,Wedges,16
06-02-2025,A-Line Dress,19
06-02-2025,Athleisure Set,16
06-02-2025,Blouse,14
06-02-2025,Bodycon Dress,21
06-02-2025,Boots,11
06-02-2025,Cardigan,14
06-02-2025,Casual Top,28
06-02-2025,Celana Anak,31
06-02-2025,Celana Chino,33
06-02-2025,Celana Formal,41
06-02-2025,Celana Jeans,52
06-02-2025,Chic Top,22
06-02-2025,Clutch,6
06-02-2025,Crop Shirt,24
06-02-2025,Culottes,22
06-02-2025,Dress Anak,26
06-02-2025,Flat Shoes,24
06-02-2025,Handbag,3
06-02-2025,Heels,18
06-02-2025,High-Waist Pants,28
06-02-2025,Jaket,41
06-02-2025,Jogger Pants,38
06-02-2025,Kaos,47
06-02-2025,Kaos Anak,35
06-02-2025,Kaos Kaki,18
06-02-2025,Kemeja,30
06-02-2025,Kemeja Wanita,21
06-02-2025,Koper Besar,2
06-02-2025,Koper Sedang,2
06-02-2025,Loafers,16
06-02-2025,Maxi Dress,21
06-02-2025,Oversized Shirt,21
06-02-2025,Palazzo Pants,19
06-02-2025,Pleated Pants,20
06-02-2025,Polo Shirt,34
06-02-2025,Sandal Anak,2
06-02-2025,Sepatu Formal,16
06-02-2025,Sepatu Sekolah,18
06-02-2025,Setelan Anak,37
06-02-2025,Shoulder Bag,8
06-02-2025,Skirt,17
06-02-2025,Slip Dress,25
06-02-2025,Sneakers,28
06-02-2025,Sneakers Anak,8
06-02-2025,Totebag,5
06-02-2025,Tunic,21
06-02-2025,Vintage Top,21
06-02-2025,Wedges,14
07-02-2025,A-Line Dress,24
07-02-2025,Athleisure Set,23
07-02-2025,Blouse,24
07-02-2025,Bodycon Dress,30
07-02-2025,Boots,15
07-02-2025,Cardigan,25
07-02-2025,Casual Top,27
07-02-2025,Celana Anak,54
07-02-2025,Celana Chino,43
07-02-2025,Celana Formal,67
07-02-2025,Celana Jeans,90
07-02-2025,Chic Top,29
07-02-2025,Clutch,3
07-02-2025,Crop Shirt,15
07-02-2025,Culottes,33
07-02-2025,Dress Anak,65
07-02-2025,Flat Shoes,15
07-02-2025,Handbag,8
07-02-2025,Heels,24
07-02-2025,High-Waist Pants,29
07-02-2025,Jaket,33
07-02-2025,Jogger Pants,50
07-02-2025,Kaos,32
07-02-2025,Kaos Anak,48
07-02-2025,Kaos Kaki,32
07-02-2025,Kemeja,48
07-02-2025,Kemeja Wanita,15
07-02-2025,Koper Besar,1
07-02-2025,Koper Kecil,1
07-02-2025,Loafers,17
07-02-2025,Maxi Dress,38
07-02-2025,Oversized Shirt,24
07-02-2025,Palazzo Pants,17
07-02-2025,Pleated Pants,19
07-02-2025,Polo Shirt,50
07-02-2025,Sandal Anak,8
07-02-2025,Sepatu Formal,12
07-02-2025,Sepatu Sekolah,12
07-02-2025,Setelan Anak,50
07-02-2025,Shoulder Bag,2
07-02-2025,Skirt,37
07-02-2025,Slip Dress,21
07-02-2025,Sneakers,38
07-02-2025,Sneakers Anak,13
07-02-2025,Totebag,10
07-02-2025,Tunic,31
07-02-2025,Vintage Top,30
07-02-2025,Wedges,8
08-02-2025,A-Line Dress,26
08-02-2025,Athleisure Set,31
08-02-2025,Blouse,15
08-02-2025,Bodycon Dress,34
08-02-2025,Boots,13
08-02-2025,Cardigan,29
08-02-2025,Casual Top,36
08-02-2025,Celana Anak,40
08-02-2025,Celana Chino,59
08-02-2025,Celana Formal,74
08-02-2025,Celana Jeans,58
08-02-2025,Chic Top,19
08-02-2025,Clutch,4
08-02-2025,Crop Shirt,25
08-02-2025,Culottes,31
08-02-2025,Dress Anak,58
08-02-2025,Flat Shoes,18
08-02-2025,Handbag,11
08-02-2025,Heels,35
08-02-2025,High-Waist Pants,28
08-02-2025,Jaket,53
08-02-2025,Jogger Pants,39
08-02-2025,Kaos,43
08-02-2025,Kaos Anak,59
08-02-2025,Kaos Kaki,40
08-02-2025,Kemeja,68
08-02-2025,Kemeja Wanita,25
08-02-2025,Koper Sedang,1
08-02-2025,Loafers,19
08-02-2025,Maxi Dress,28
08-02-2025,Oversized Shirt,38
08-02-2025,Palazzo Pants,41
08-02-2025,Pleated Pants,28
08-02-2025,Polo Shirt,69
08-02-2025,Sandal Anak,19
08-02-2025,Sepatu Formal,14
08-02-2025,Sepatu Sekolah,20
08-02-2025,Setelan Anak,38
08-02-2025,Shoulder Bag,6
08-02-2025,Skirt,20
08-02-2025,Slip Dress,33
08-02-2025,Sneakers,36
08-02-2025,Sneakers Anak,9
08-02-2025,Totebag,8
08-02-2025,Tunic,20
08-02-2025,Vintage Top,26
08-02-2025,Wedges,13
09-02-2025,A-Line Dress,26
09-02-2025,Athleisure Set,31
09-02-2025,Blouse,32
09-02-2025,Bodycon Dress,32
09-02-2025,Boots,19
09-02-2025,Cardigan,27
09-02-2025,Casual Top,33
09-02-2025,Celana Anak,56
09-02-2025,Celana Chino,79
09-02-2025,Celana Formal,86
09-02-2025,Celana Jeans,86
09-02-2025,Chic Top,26
09-02-2025,Clutch,19
09-02-2025,Crop Shirt,29
09-02-2025,Culottes,43
09-02-2025,Dress Anak,47
09-02-2025,Flat Shoes,43
09-02-2025,Handbag,5
09-02-2025,Heels,29
09-02-2025,High-Waist Pants,38
09-02-2025,Jaket,67
09-02-2025,Jogger Pants,56
09-02-2025,Kaos,66
09-02-2025,Kaos Anak,67
09-02-2025,Kaos Kaki,32
09-02-2025,Kemeja,57
09-02-2025,Kemeja Wanita,21
09-02-2025,Koper Besar,2
09-02-2025,Koper Kecil,1
09-02-2025,Koper Sedang,3
09-02-2025,Loafers,24
09-02-2025,Maxi Dress,34
09-02-2025,Oversized Shirt,39
09-02-2025,Palazzo Pants,36
09-02-2025,Pleated Pants,35
09-02-2025,Polo Shirt,64
09-02-2025,Sandal Anak,19
09-02-2025,Sepatu Formal,26
09-02-2025,Sepatu Sekolah,12
09-02-2025,Setelan Anak,58
09-02-2025,Shoulder Bag,10
09-02-2025,Skirt,37
09-02-2025,Slip Dress,28
09-02-2025,Sneakers,51
09-02-2025,Sneakers Anak,19
09-02-2025,Totebag,1
09-02-2025,Tunic,50
09-02-2025,Vintage Top,23
09-02-2025,Wedges,20
10-02-2025,A-Line Dress,35
10-02-2025,Athleisure Set,34
10-02-2025,Blouse,22
10-02-2025,Bodycon Dress,19
10-02-2025,Boots,9
10-02-2025,Cardigan,16
10-02-2025,Casual Top,23
10-02-2025,Celana Anak,46
10-02-2025,Celana Chino,37
10-02-2025,Celana Formal,59
10-02-2025,Celana Jeans,38
10-02-2025,Chic Top,15
10-02-2025,Clutch,9
10-02-2025,Crop Shirt,20
10-02-2025,Culottes,25
10-02-2025,Dress Anak,43
10-02-2025,Flat Shoes,18
10-02-2025,Handbag,5
10-02-2025,Heels,25
10-02-2025,High-Waist Pants,17
10-02-2025,Jaket,30
10-02-2025,Jogger Pants,36
10-02-2025,Kaos,52
10-02-2025,Kaos Anak,44
10-02-2025,Kaos Kaki,37
10-02-2025,Kemeja,54
10-02-2025,Kemeja Wanita,14
10-02-2025,Koper Besar,1
10-02-2025,Koper Kecil,1
10-02-2025,Koper Sedang,1
10-02-2025,Loafers,19
10-02-2025,Maxi Dress,18
10-02-2025,Oversized Shirt,18
10-02-2025,Palazzo Pants,12
10-02-2025,Pleated Pants,26
10-02-2025,Polo Shirt,44
10-02-2025,Sandal Anak,16
10-02-2025,Sepatu Formal,6
10-02-2025,Sepatu Sekolah,7
10-02-2025,Setelan Anak,34
10-02-2025,Shoulder Bag,8
10-02-2025,Skirt,32
10-02-2025,Slip Dress,13
10-02-2025,Sneakers,28
10-02-2025,Sneakers Anak,5
10-02-2025,Totebag,6
10-02-2025,Tunic,26
10-02-2025,Vintage Top,19
10-02-2025,Wedges,18
11-02-2025,A-Line Dress,14
11-02-2025,Athleisure Set,19
11-02-2025,Blouse,15
11-02-2025,Bodycon Dress,30
11-02-2025,Boots,15
11-02-2025,Cardigan,14
11-02-2025,Casual Top,29
11-02-2025,Celana Anak,26
11-02-2025,Celana Chino,26
11-02-2025,Celana Formal,61
11-02-2025,Celana Jeans,66
11-02-2025,Chic Top,20
11-02-2025,Clutch,11
11-02-2025,Crop Shirt,17
11-02-2025,Culottes,12
11-02-2025,Dress Anak,35
11-02-2025,Flat Shoes,14
11-02-2025,Handbag,5
11-02-2025,Heels,23
11-02-2025,High-Waist Pants,46
11-02-2025,Jaket,34
11-02-2025,Jogger Pants,34
11-02-2025,Kaos,33
11-02-2025,Kaos Anak,32
11-02-2025,Kaos Kaki,29
11-02-2025,Kemeja,38
11-02-2025,Kemeja Wanita,17
11-02-2025,Koper Kecil,1
11-02-2025,Loafers,16
11-02-2025,Maxi Dress,15
11-02-2025,Oversized Shirt,22
11-02-2025,Palazzo Pants,27
11-02-2025,Pleated Pants,20
11-02-2025,Polo Shirt,37
11-02-2025,Sandal Anak,12
11-02-2025,Sepatu Formal,12
11-02-2025,Sepatu Sekolah,14
11-02-2025,Setelan Anak,48
11-02-2025,Shoulder Bag,4
11-02-2025,Skirt,24
11-02-2025,Slip Dress,20
11-02-2025,Sneakers,27
11-02-2025,Sneakers Anak,12
11-02-2025,Totebag,4
11-02-2025,Tunic,17
11-02-2025,Vintage Top,14
11-02-2025,Wedges,9
12-02-2025,A-Line Dress,27
12-02-2025,Athleisure Set,17
12-02-2025,Blouse,27
12-02-2025,Bodycon Dress,14
12-02-2025,Boots,14
12-02-2025,Cardigan,16
12-02-2025,Casual Top,28
12-02-2025,Celana Anak,38
12-02-2025,Celana Chino,47
12-02-2025,Celana Formal,72
12-02-2025,Celana Jeans,59
12-02-2025,Chic Top,18
12-02-2025,Clutch,5
12-02-2025,Crop Shirt,38
12-02-2025,Culottes,33
12-02-2025,Dress Anak,41
12-02-2025,Flat Shoes,8
12-02-2025,Handbag,8
12-02-2025,Heels,39
12-02-2025,High-Waist Pants,22
12-02-2025,Jaket,39
12-02-2025,Jogger Pants,32
12-02-2025,Kaos,46
12-02-2025,Kaos Anak,40
12-02-2025,Kaos Kaki,28
12-02-2025,Kemeja,53
12-02-2025,Kemeja Wanita,20
12-02-2025,Koper Kecil,1
12-02-2025,Koper Sedang,3
12-02-2025,Loafers,10
12-02-2025,Maxi Dress,36
12-02-2025,Oversized Shirt,18
12-02-2025,Palazzo Pants,19
12-02-2025,Pleated Pants,26
12-02-2025,Polo Shirt,43
12-02-2025,Sandal Anak,12
12-02-2025,Sepatu Formal,21
12-02-2025,Sepatu Sekolah,6
12-02-2025,Setelan Anak,57
12-02-2025,Shoulder Bag,7
12-02-2025,Skirt,32
12-02-2025,Slip Dress,20
12-02-2025,Sneakers,31
12-02-2025,Sneakers Anak,8
12-02-2025,Totebag,5
12-02-2025,Tunic,19
12-02-2025,Vintage Top,23
12-02-2025,Wedges,18
13-02-2025,A-Line Dress,22
13-02-2025,Athleisure Set,28
13-02-2025,Blouse,29
13-02-2025,Bodycon Dress,19
13-02-2025,Boots,18
13-02-2025,Cardigan,35
13-02-2025,Casual Top,22
13-02-2025,Celana Anak,27
13-02-2025,Celana Chino,54
13-02-2025,Celana Formal,44
13-02-2025,Celana Jeans,50
13-02-2025,Chic Top,26
13-02-2025,Clutch,15
13-02-2025,Crop Shirt,28
13-02-2025,Culottes,35
13-02-2025,Dress Anak,56
13-02-2025,Flat Shoes,13
13-02-2025,Handbag,4
13-02-2025,Heels,42
13-02-2025,High-Waist Pants,31
13-02-2025,Jaket,46
13-02-2025,Jogger Pants,56
13-02-2025,Kaos,50
13-02-2025,Kaos Anak,47
13-02-2025,Kaos Kaki,20
13-02-2025,Kemeja,44
13-02-2025,Kemeja Wanita,16
13-02-2025,Koper Besar,1
13-02-2025,Koper Sedang,2
13-02-2025,Loafers,19
13-02-2025,Maxi Dress,24
13-02-2025,Oversized Shirt,27
13-02-2025,Palazzo Pants,20
13-02-2025,Pleated Pants,25
13-02-2025,Polo Shirt,41
13-02-2025,Sandal Anak,13
13-02-2025,Sepatu Formal,18
13-02-2025,Sepatu Sekolah,10
13-02-2025,Setelan Anak,43
13-02-2025,Shoulder Bag,4
13-02-2025,Skirt,42
13-02-2025,Slip Dress,30
13-02-2025,Sneakers,36
13-02-2025,Sneakers Anak,17
13-02-2025,Totebag,4
13-02-2025,Tunic,22
13-02-2025,Vintage Top,33
13-02-2025,Wedges,21
14-02-2025,A-Line Dress,17
14-02-2025,Athleisure Set,29
14-02-2025,Blouse,24
14-02-2025,Bodycon Dress,25
14-02-2025,Boots,14
14-02-2025,Cardigan,26
14-02-2025,Casual Top,23
14-02-2025,Celana Anak,46
14-02-2025,Celana Chino,47
14-02-2025,Celana Formal,57
14-02-2025,Celana Jeans,58
14-02-2025,Chic Top,21
14-02-2025,Clutch,11
14-02-2025,Crop Shirt,29
14-02-2025,Culottes,10
14-02-2025,Dress Anak,60
14-02-2025,Flat Shoes,26
14-02-2025,Handbag,9
14-02-2025,Heels,25
14-02-2025,High-Waist Pants,28
14-02-2025,Jaket,60
14-02-2025,Jogger Pants,31
14-02-2025,Kaos,56
14-02-2025,Kaos Anak,49
14-02-2025,Kaos Kaki,29
14-02-2025,Kemeja,43
14-02-2025,Kemeja Wanita,26
14-02-2025,Koper Besar,1
14-02-2025,Koper Sedang,3
14-02-2025,Loafers,13
14-02-2025,Maxi Dress,20
14-02-2025,Oversized Shirt,27
14-02-2025,Palazzo Pants,23
14-02-2025,Pleated Pants,32
14-02-2025,Polo Shirt,40
14-02-2025,Sandal Anak,13
14-02-2025,Sepatu Formal,17
14-02-2025,Sepatu Sekolah,12
14-02-2025,Setelan Anak,64
14-02-2025,Shoulder Bag,5
14-02-2025,Skirt,37
14-02-2025,Slip Dress,26
14-02-2025,Sneakers,31
14-02-2025,Sneakers Anak,5
14-02-2025,Totebag,7
14-02-2025,Tunic,18
14-02-2025,Vintage Top,26
14-02-2025,Wedges,8
15-02-2025,A-Line Dress,139
15-02-2025,Athleisure Set,152
15-02-2025,Blouse,138
15-02-2025,Bodycon Dress,109
15-02-2025,Boots,83
15-02-2025,Cardigan,111
15-02-2025,Casual Top,133
15-02-2025,Celana Anak,255
15-02-2025,Celana Chino,227
15-02-2025,Celana Formal,283
15-02-2025,Celana Jeans,286
15-02-2025,Chic Top,114
15-02-2025,Clutch,43
15-02-2025,Crop Shirt,135
15-02-2025,Culottes,158
15-02-2025,Dress Anak,293
15-02-2025,Flat Shoes,129
15-02-2025,Handbag,24
15-02-2025,Heels,168
15-02-2025,High-Waist Pants,178
15-02-2025,Jaket,230
15-02-2025,Jogger Pants,230
15-02-2025,Kaos,239
15-02-2025,Kaos Anak,234
15-02-2025,Kaos Kaki,113
15-02-2025,Kemeja,232
15-02-2025,Kemeja Wanita,160
15-02-2025,Koper Besar,3
15-02-2025,Koper Kecil,5
15-02-2025,Koper Sedang,3
15-02-2025,Loafers,54
15-02-2025,Maxi Dress,112
15-02-2025,Oversized Shirt,154
15-02-2025,Palazzo Pants,116
15-02-2025,Pleated Pants,130
15-02-2025,Polo Shirt,251
15-02-2025,Sandal Anak,67
15-02-2025,Sepatu Formal,66
15-02-2025,Sepatu Sekolah,63
15-02-2025,Setelan Anak,316
15-02-2025,Shoulder Bag,39
15-02-2025,Skirt,158
15-02-2025,Slip Dress,154
15-02-2025,Sneakers,177
15-02-2025,Sneakers Anak,77
15-02-2025,Totebag,47
15-02-2025,Tunic,88
15-02-2025,Vintage Top,151
15-02-2025,Wedges,101
16-02-2025,A-Line Dress,27
16-02-2025,Athleisure Set,27
16-02-2025,Blouse,37
16-02-2025,Bodycon Dress,15
16-02-2025,Boots,18
16-02-2025,Cardigan,26
16-02-2025,Casual Top,37
16-02-2025,Celana Anak,59
16-02-2025,Celana Chino,57
16-02-2025,Celana Formal,83
16-02-2025,Celana Jeans,90
16-02-2025,Chic Top,19
16-02-2025,Clutch,5
16-02-2025,Crop Shirt,30
16-02-2025,Culottes,35
16-02-2025,Dress Anak,63
16-02-2025,Flat Shoes,27
16-02-2025,Handbag,5
16-02-2025,Heels,24
16-02-2025,High-Waist Pants,43
16-02-2025,Jaket,73
16-02-2025,Jogger Pants,65
16-02-2025,Kaos,37
16-02-2025,Kaos Anak,60
16-02-2025,Kaos Kaki,26
16-02-2025,Kemeja,44
16-02-2025,Kemeja Wanita,20
16-02-2025,Koper Besar,3
16-02-2025,Koper Kecil,1
16-02-2025,Loafers,25
16-02-2025,Maxi Dress,39
16-02-2025,Oversized Shirt,32
16-02-2025,Palazzo Pants,29
16-02-2025,Pleated Pants,30
16-02-2025,Polo Shirt,52
16-02-2025,Sandal Anak,15
16-02-2025,Sepatu Formal,23
16-02-2025,Sepatu Sekolah,9
16-02-2025,Setelan Anak,71
16-02-2025,Shoulder Bag,12
16-02-2025,Skirt,34
16-02-2025,Slip Dress,23
16-02-2025,Sneakers,35
16-02-2025,Sneakers Anak,20
16-02-2025,Totebag,17
16-02-2025,Tunic,26
16-02-2025,Vintage Top,38
16-02-2025,Wedges,23
17-02-2025,A-Line Dress,18
17-02-2025,Athleisure Set,37
17-02-2025,Blouse,24
17-02-2025,Bodycon Dress,15
17-02-2025,Boots,22
17-02-2025,Cardigan,23
17-02-2025,Casual Top,30
17-02-2025,Celana Anak,40
17-02-2025,Celana Chino,74
17-02-2025,Celana Formal,60
17-02-2025,Celana Jeans,68
17-02-2025,Chic Top,29
17-02-2025,Clutch,3
17-02-2025,Crop Shirt,26
17-02-2025,Culottes,17
17-02-2025,Dress Anak,61
17-02-2025,Flat Shoes,9
17-02-2025,Handbag,5
17-02-2025,Heels,19
17-02-2025,High-Waist Pants,28
17-02-2025,Jaket,45
17-02-2025,Jogger Pants,47
17-02-2025,Kaos,41
17-02-2025,Kaos Anak,29
17-02-2025,Kaos Kaki,21
17-02-2025,Kemeja,53
17-02-2025,Kemeja Wanita,28
17-02-2025,Koper Kecil,3
17-02-2025,Koper Sedang,1
17-02-2025,Loafers,25
17-02-2025,Maxi Dress,17
17-02-2025,Oversized Shirt,33
17-02-2025,Palazzo Pants,25
17-02-2025,Pleated Pants,23
17-02-2025,Polo Shirt,35
17-02-2025,Sandal Anak,17
17-02-2025,Sepatu Formal,12
17-02-2025,Sepatu Sekolah,11
17-02-2025,Setelan Anak,49
17-02-2025,Shoulder Bag,10
17-02-2025,Skirt,18
17-02-2025,Slip Dress,25
17-02-2025,Sneakers,47
17-02-2025,Sneakers Anak,17
17-02-2025,Totebag,10
17-02-2025,Tunic,22
17-02-2025,Vintage Top,33
17-02-2025,Wedges,15
18-02-2025,A-Line Dress,23
18-02-2025,Athleisure Set,20
18-02-2025,Blouse,24
18-02-2025,Bodycon Dress,38
18-02-2025,Boots,7
18-02-2025,Cardigan,32
18-02-2025,Casual Top,26
18-02-2025,Celana Anak,55
18-02-2025,Celana Chino,67
18-02-2025,Celana Formal,75
18-02-2025,Celana Jeans,68
18-02-2025,Chic Top,27
18-02-2025,Clutch,7
18-02-2025,Crop Shirt,25
18-02-2025,Culottes,34
18-02-2025,Dress Anak,47
18-02-2025,Flat Shoes,14
18-02-2025,Handbag,3
18-02-2025,Heels,34
18-02-2025,High-Waist Pants,38
18-02-2025,Jaket,51
18-02-2025,Jogger Pants,54
18-02-2025,Kaos,56
18-02-2025,Kaos Anak,45
18-02-2025,Kaos Kaki,30
18-02-2025,Kemeja,53
18-02-2025,Kemeja Wanita,25
18-02-2025,Koper Besar,2
18-02-2025,Koper Kecil,3
18-02-2025,Loafers,17
18-02-2025,Maxi Dress,35
18-02-2025,Oversized Shirt,26
18-02-2025,Palazzo Pants,15
18-02-2025,Pleated Pants,15
18-02-2025,Polo Shirt,47
18-02-2025,Sandal Anak,13
18-02-2025,Sepatu Formal,17
18-02-2025,Sepatu Sekolah,5
18-02-2025,Setelan Anak,61
18-02-2025,Shoulder Bag,5
18-02-2025,Skirt,34
18-02-2025,Slip Dress,25
18-02-2025,Sneakers,30
18-02-2025,Sneakers Anak,16
18-02-2025,Totebag,9
18-02-2025,Tunic,32
18-02-2025,Vintage Top,21
18-02-2025,Wedges,26
19-02-2025,A-Line Dress,37
19-02-2025,Athleisure Set,29
19-02-2025,Blouse,34
19-02-2025,Bodycon Dress,29
19-02-2025,Boots,11
19-02-2025,Cardigan,30
19-02-2025,Casual Top,30
19-02-2025,Celana Anak,53
19-02-2025,Celana Chino,71
19-02-2025,Celana Formal,57
19-02-2025,Celana Jeans,77
19-02-2025,Chic Top,14
19-02-2025,Clutch,11
19-02-2025,Crop Shirt,21
19-02-2025,Culottes,32
19-02-2025,Dress Anak,54
19-02-2025,Flat Shoes,20
19-02-2025,Handbag,5
19-02-2025,Heels,33
19-02-2025,High-Waist Pants,45
19-02-2025,Jaket,44
19-02-2025,Jogger Pants,54
19-02-2025,Kaos,49
19-02-2025,Kaos Anak,43
19-02-2025,Kaos Kaki,48
19-02-2025,Kemeja,57
19-02-2025,Kemeja Wanita,30
19-02-2025,Koper Besar,2
19-02-2025,Koper Sedang,3
19-02-2025,Loafers,19
19-02-2025,Maxi Dress,32
19-02-2025,Oversized Shirt,16
19-02-2025,Palazzo Pants,28
19-02-2025,Pleated Pants,23
19-02-2025,Polo Shirt,58
19-02-2025,Sandal Anak,13
19-02-2025,Sepatu Formal,14
19-02-2025,Sepatu Sekolah,11
19-02-2025,Setelan Anak,45
19-02-2025,Shoulder Bag,5
19-02-2025,Skirt,53
19-02-2025,Slip Dress,26
19-02-2025,Sneakers,61
19-02-2025,Sneakers Anak,11
19-02-2025,Totebag,3
19-02-2025,Tunic,26
19-02-2025,Vintage Top,19
19-02-2025,Wedges,14
20-02-2025,A-Line Dress,22
20-02-2025,Athleisure Set,36
20-02-2025,Blouse,22
20-02-2025,Bodycon Dress,16
20-02-2025,Boots,7
20-02-2025,Cardigan,18
20-02-2025,Casual Top,24
20-02-2025,Celana Anak,42
20-02-2025,Celana Chino,21
20-02-2025,Celana Formal,60
20-02-2025,Celana Jeans,42
20-02-2025,Chic Top,16
20-02-2025,Clutch,2
20-02-2025,Crop Shirt,23
20-02-2025,Culottes,19
20-02-2025,Dress Anak,58
20-02-2025,Flat Shoes,20
20-02-2025,Handbag,2
20-02-2025,Heels,16
20-02-2025,High-Waist Pants,29
20-02-2025,Jaket,41
20-02-2025,Jogger Pants,38
20-02-2025,Kaos,36
20-02-2025,Kaos Anak,38
20-02-2025,Kaos Kaki,17
20-02-2025,Kemeja,41
20-02-2025,Kemeja Wanita,26
20-02-2025,Koper Sedang,2
20-02-2025,Loafers,22
20-02-2025,Maxi Dress,17
20-02-2025,Oversized Shirt,13
20-02-2025,Palazzo Pants,25
20-02-2025,Pleated Pants,25
20-02-2025,Polo Shirt,38
20-02-2025,Sandal Anak,7
20-02-2025,Sepatu Formal,9
20-02-2025,Sepatu Sekolah,10
20-02-2025,Setelan Anak,38
20-02-2025,Shoulder Bag,8
20-02-2025,Skirt,26
20-02-2025,Slip Dress,14
20-02-2025,Sneakers,37
20-02-2025,Sneakers Anak,7
20-02-2025,Totebag,6
20-02-2025,Tunic,23
20-02-2025,Vintage Top,22
20-02-2025,Wedges,9
21-02-2025,A-Line Dress,14
21-02-2025,Athleisure Set,25
21-02-2025,Blouse,24
21-02-2025,Bodycon Dress,18
21-02-2025,Boots,6
21-02-2025,Cardigan,23
21-02-2025,Casual Top,26
21-02-2025,Celana Anak,46
21-02-2025,Celana Chino,31
21-02-2025,Celana Formal,60
21-02-2025,Celana Jeans,57
21-02-2025,Chic Top,22
21-02-2025,Clutch,7
21-02-2025,Crop Shirt,21
21-02-2025,Culottes,15
21-02-2025,Dress Anak,38
21-02-2025,Flat Shoes,13
21-02-2025,Handbag,8
21-02-2025,Heels,13
21-02-2025,High-Waist Pants,27
21-02-2025,Jaket,40
21-02-2025,Jogger Pants,50
21-02-2025,Kaos,34
21-02-2025,Kaos Anak,30
21-02-2025,Kaos Kaki,26
21-02-2025,Kemeja,38
21-02-2025,Kemeja Wanita,27
21-02-2025,Koper Besar,1
21-02-2025,Koper Kecil,2
21-02-2025,Loafers,21
21-02-2025,Maxi Dress,25
21-02-2025,Oversized Shirt,18
21-02-2025,Palazzo Pants,20
21-02-2025,Pleated Pants,14
21-02-2025,Polo Shirt,43
21-02-2025,Sandal Anak,15
21-02-2025,Sepatu Formal,7
21-02-2025,Sepatu Sekolah,6
21-02-2025,Setelan Anak,36
21-02-2025,Shoulder Bag,7
21-02-2025,Skirt,23
21-02-2025,Slip Dress,25
21-02-2025,Sneakers,18
21-02-2025,Sneakers Anak,16
21-02-2025,Totebag,10
21-02-2025,Tunic,19
21-02-2025,Vintage Top,16
21-02-2025,Wedges,11
22-02-2025,A-Line Dress,27
22-02-2025,Athleisure Set,29
22-02-2025,Blouse,36
22-02-2025,Bodycon Dress,27
22-02-2025,Boots,21
22-02-2025,Cardigan,29
22-02-2025,Casual Top,22
22-02-2025,Celana Anak,45
22-02-2025,Celana Chino,57
22-02-2025,Celana Formal,95
22-02-2025,Celana Jeans,66
22-02-2025,Chic Top,30
22-02-2025,Clutch,4
22-02-2025,Crop Shirt,35
22-02-2025,Culottes,23
22-02-2025,Dress Anak,47
22-02-2025,Flat Shoes,20
22-02-2025,Handbag,9
22-02-2025,Heels,27
22-02-2025,High-Waist Pants,47
22-02-2025,Jaket,67
22-02-2025,Jogger Pants,59
22-02-2025,Kaos,51
22-02-2025,Kaos Anak,42
22-02-2025,Kaos Kaki,26
22-02-2025,Kemeja,76
22-02-2025,Kemeja Wanita,25
22-02-2025,Koper Besar,1
22-02-2025,Koper Kecil,3
22-02-2025,Koper Sedang,1
22-02-2025,Loafers,8
22-02-2025,Maxi Dress,29
22-02-2025,Oversized Shirt,30
22-02-2025,Palazzo Pants,35
22-02-2025,Pleated Pants,24
22-02-2025,Polo Shirt,45
22-02-2025,Sandal Anak,18
22-02-2025,Sepatu Formal,21
22-02-2025,Sepatu Sekolah,14
22-02-2025,Setelan Anak,63
22-02-2025,Shoulder Bag,9
22-02-2025,Skirt,31
22-02-2025,Slip Dress,27
22-02-2025,Sneakers,40
22-02-2025,Sneakers Anak,14
22-02-2025,Totebag,14
22-02-2025,Tunic,35
22-02-2025,Vintage Top,22
22-02-2025,Wedges,20
23-02-2025,A-Line Dress,22
23-02-2025,Athleisure Set,32
23-02-2025,Blouse,39
23-02-2025,Bodycon Dress,40
23-02-2025,Boots,14
23-02-2025,Cardigan,25
23-02-2025,Casual Top,35
23-02-2025,Celana Anak,48
23-02-2025,Celana Chino,42
23-02-2025,Celana Formal,65
23-02-2025,Celana Jeans,82
23-02-2025,Chic Top,28
23-02-2025,Clutch,9
23-02-2025,Crop Shirt,19
23-02-2025,Culottes,20
23-02-2025,Dress Anak,36
23-02-2025,Flat Shoes,27
23-02-2025,Handbag,5
23-02-2025,Heels,30
23-02-2025,High-Waist Pants,48
23-02-2025,Jaket,61
23-02-2025,Jogger Pants,50
23-02-2025,Kaos,53
23-02-2025,Kaos Anak,57
23-02-2025,Kaos Kaki,37
23-02-2025,Kemeja,53
23-02-2025,Kemeja Wanita,29
23-02-2025,Koper Besar,5
23-02-2025,Koper Kecil,1
23-02-2025,Koper Sedang,3
23-02-2025,Loafers,9
23-02-2025,Maxi Dress,18
23-02-2025,Oversized Shirt,31
23-02-2025,Palazzo Pants,33
23-02-2025,Pleated Pants,28
23-02-2025,Polo Shirt,51
23-02-2025,Sandal Anak,17
23-02-2025,Sepatu Formal,18
23-02-2025,Sepatu Sekolah,11
23-02-2025,Setelan Anak,52
23-02-2025,Shoulder Bag,14
23-02-2025,Skirt,19
23-02-2025,Slip Dress,31
23-02-2025,Sneakers,35
23-02-2025,Sneakers Anak,9
23-02-2025,Totebag,4
23-02-2025,Tunic,30
23-02-2025,Vintage Top,22
23-02-2025,Wedges,25
24-02-2025,A-Line Dress,16
24-02-2025,Athleisure Set,20
24-02-2025,Blouse,14
24-02-2025,Bodycon Dress,26
24-02-2025,Boots,14
24-02-2025,Cardigan,23
24-02-2025,Casual Top,25
24-02-2025,Celana Anak,47
24-02-2025,Celana Chino,44
24-02-2025,Celana Formal,70
24-02-2025,Celana Jeans,66
24-02-2025,Chic Top,20
24-02-2025,Clutch,11
24-02-2025,Crop Shirt,17
24-02-2025,Culottes,26
24-02-2025,Dress Anak,59
24-02-2025,Flat Shoes,22
24-02-2025,Handbag,4
24-02-2025,Heels,29
24-02-2025,High-Waist Pants,36
24-02-2025,Jaket,50
24-02-2025,Jogger Pants,39
24-02-2025,Kaos,65
24-02-2025,Kaos Anak,22
24-02-2025,Kaos Kaki,31
24-02-2025,Kemeja,25
24-02-2025,Kemeja Wanita,28
24-02-2025,Koper Besar,3
24-02-2025,Loafers,11
24-02-2025,Maxi Dress,21
24-02-2025,Oversized Shirt,24
24-02-2025,Palazzo Pants,28
24-02-2025,Pleated Pants,31
24-02-2025,Polo Shirt,39
24-02-2025,Sandal Anak,11
24-02-2025,Sepatu Formal,17
24-02-2025,Sepatu Sekolah,15
24-02-2025,Setelan Anak,57
24-02-2025,Skirt,17
24-02-2025,Slip Dress,19
24-02-2025,Sneakers,30
24-02-2025,Sneakers Anak,19
24-02-2025,Totebag,5
24-02-2025,Tunic,30
24-02-2025,Vintage Top,23
24-02-2025,Wedges,16
25-02-2025,A-Line Dress,8
25-02-2025,Athleisure Set,8
25-02-2025,Blouse,3
25-02-2025,Bodycon Dress,6
25-02-2025,Boots,3
25-02-2025,Cardigan,3
25-02-2025,Casual Top,8
25-02-2025,Celana Anak,15
25-02-2025,Celana Chino,12
25-02-2025,Celana Formal,20
25-02-2025,Celana Jeans,19
25-02-2025,Chic Top,9
25-02-2025,Clutch,2
25-02-2025,Crop Shirt,7
25-02-2025,Culottes,7
25-02-2025,Dress Anak,13
25-02-2025,Flat Shoes,2
25-02-2025,Handbag,2
25-02-2025,Heels,6
25-02-2025,High-Waist Pants,9
25-02-2025,Jaket,15
25-02-2025,Jogger Pants,9
25-02-2025,Kaos,12
25-02-2025,Kaos Anak,13
25-02-2025,Kaos Kaki,10
25-02-2025,Kemeja,20
25-02-2025,Kemeja Wanita,8
25-02-2025,Koper Besar,1
25-02-2025,Loafers,3
25-02-2025,Maxi Dress,13
25-02-2025,Oversized Shirt,5
25-02-2025,Palazzo Pants,8
25-02-2025,Pleated Pants,8
25-02-2025,Polo Shirt,8
25-02-2025,Sandal Anak,2
25-02-2025,Sepatu Formal,8
25-02-2025,Sepatu Sekolah,2
25-02-2025,Setelan Anak,14
25-02-2025,Shoulder Bag,1
25-02-2025,Skirt,7
25-02-2025,Slip Dress,2
25-02-2025,Sneakers,9
25-02-2025,Sneakers Anak,1
25-02-2025,Totebag,3
25-02-2025,Tunic,4
25-02-2025,Vintage Top,9
25-02-2025,Wedges,9
01-03-2025,A-Line Dress,103
01-03-2025,Athleisure Set,48
01-03-2025,Blouse,266
01-03-2025,Bodycon Dress,38
01-03-2025,Boots,21
01-03-2025,Bucket Bag,4
01-03-2025,Bustong,22
01-03-2025,Cardigan,107
01-03-2025,Casual,30
01-03-2025,Casual Top,155
01-03-2025,Celana Anak,86
01-03-2025,Celana Formal,292
01-03-2025,Celana Jeans,476
01-03-2025,Chic Top,91
01-03-2025,Clutch,59
01-03-2025,Crop Shirt,138
01-03-2025,Culottes,151
01-03-2025,Dress Anak,82
01-03-2025,Flat Shoes,19
01-03-2025,Gladiator,23
01-03-2025,Handbag,10
01-03-2025,Heels,15
01-03-2025,High-Waist Pants,136
01-03-2025,Hoodie,225
01-03-2025,Jaket,205
01-03-2025,Kaos,346
01-03-2025,Kaos Anak,103
01-03-2025,Kaos Kaki,63
01-03-2025,Kemeja,246
01-03-2025,Kemeja Wanita,173
01-03-2025,Koper Besar,2
01-03-2025,Koper Kecil,1
01-03-2025,Koper Sedang,1
01-03-2025,Loafers,15
01-03-2025,Maxi Dress,103
01-03-2025,Mocasin,21
01-03-2025,Moccasin,20
01-03-2025,Mules,14
01-03-2025,Oxford Shoes,18
01-03-2025,Palazzo Pants,218
01-03-2025,Pantofel,20
01-03-2025,Pleated Pants,173
01-03-2025,Polo Shirt,216
01-03-2025,Sandal,30
01-03-2025,Sandal Anak,52
01-03-2025,Sepatu Formal,8
01-03-2025,Sepatu Sekolah,16
01-03-2025,Setelan Anak,108
01-03-2025,Shoulder Bag,49
01-03-2025,Skirt,189
01-03-2025,Slip Dress,119
01-03-2025,Slip-On,18
01-03-2025,Sneakers,53
01-03-2025,Sneakers Anak,15
01-03-2025,Tas Ransel,6
01-03-2025,Totebag,56
01-03-2025,Tunic,96
01-03-2025,Vintage Top,99
01-03-2025,Wedges,27
02-03-2025,A-Line Dress,93
02-03-2025,Athleisure Set,39
02-03-2025,Blouse,230
02-03-2025,Bodycon Dress,34
02-03-2025,Boots,10
02-03-2025,Bucket Bag,5
02-03-2025,Bustong,12
02-03-2025,Cardigan,87
02-03-2025,Casual,31
02-03-2025,Casual Top,142
02-03-2025,Celana Anak,71
02-03-2025,Celana Formal,255
02-03-2025,Celana Jeans,383
02-03-2025,Chic Top,96
02-03-2025,Clutch,50
02-03-2025,Crop Shirt,156
02-03-2025,Culottes,144
02-03-2025,Dress Anak,110
02-03-2025,Flat Shoes,24
02-03-2025,Gladiator,16
02-03-2025,Handbag,2
02-03-2025,Heels,12
02-03-2025,High-Waist Pants,167
02-03-2025,Hoodie,171
02-03-2025,Jaket,193
02-03-2025,Kaos,287
02-03-2025,Kaos Anak,94
02-03-2025,Kaos Kaki,56
02-03-2025,Kemeja,263
02-03-2025,Kemeja Wanita,186
02-03-2025,Koper Kecil,1
02-03-2025,Koper Sedang,2
02-03-2025,Loafers,12
02-03-2025,Maxi Dress,90
02-03-2025,Mocasin,20
02-03-2025,Moccasin,7
02-03-2025,Mules,15
02-03-2025,Oxford Shoes,6
02-03-2025,Palazzo Pants,163
02-03-2025,Pantofel,10
02-03-2025,Pleated Pants,149
02-03-2025,Polo Shirt,184
02-03-2025,Sandal,28
02-03-2025,Sandal Anak,67
02-03-2025,Sepatu Formal,7
02-03-2025,Sepatu Sekolah,12
02-03-2025,Setelan Anak,81
02-03-2025,Shoulder Bag,30
02-03-2025,Skirt,157
02-03-2025,Sling Bag,4
02-03-2025,Slip Dress,87
02-03-2025,Slip-On,7
02-03-2025,Sneakers,23
02-03-2025,Sneakers Anak,21
02-03-2025,Tas Ransel,5
02-03-2025,Tas Selempang,6
02-03-2025,Totebag,46
02-03-2025,Tunic,97
02-03-2025,Vintage Top,92
02-03-2025,Wedges,18
03-03-2025,A-Line Dress,75
03-03-2025,Athleisure Set,35
03-03-2025,Blouse,176
03-03-2025,Bodycon Dress,38
03-03-2025,Boots,15
03-03-2025,Bucket Bag,2
03-03-2025,Bustong,9
03-03-2025,Cardigan,59
03-03-2025,Casual,23
03-03-2025,Casual Top,93
03-03-2025,Celana Anak,61
03-03-2025,Celana Formal,185
03-03-2025,Celana Jeans,309
03-03-2025,Chic Top,54
03-03-2025,Clutch,44
03-03-2025,Crop Shirt,86
03-03-2025,Culottes,123
03-03-2025,Dress Anak,55
03-03-2025,Flat Shoes,13
03-03-2025,Gladiator,12
03-03-2025,Handbag,6
03-03-2025,Heels,14
03-03-2025,High-Waist Pants,77
03-03-2025,Hoodie,155
03-03-2025,Jaket,135
03-03-2025,Kaos,234
03-03-2025,Kaos Anak,69
03-03-2025,Kaos Kaki,49
03-03-2025,Kemeja,185
03-03-2025,Kemeja Wanita,121
03-03-2025,Koper Kecil,1
03-03-2025,Loafers,11
03-03-2025,Maxi Dress,71
03-03-2025,Mocasin,14
03-03-2025,Moccasin,4
03-03-2025,Mules,11
03-03-2025,Oxford Shoes,11
03-03-2025,Palazzo Pants,147
03-03-2025,Pantofel,12
03-03-2025,Pleated Pants,97
03-03-2025,Polo Shirt,154
03-03-2025,Sandal,29
03-03-2025,Sandal Anak,26
03-03-2025,Sepatu Formal,9
03-03-2025,Sepatu Sekolah,15
03-03-2025,Setelan Anak,61
03-03-2025,Shoulder Bag,42
03-03-2025,Skirt,151
03-03-2025,Sling Bag,11
03-03-2025,Slip Dress,99
03-03-2025,Slip-On,2
03-03-2025,Sneakers,17
03-03-2025,Sneakers Anak,8
03-03-2025,Tas Ransel,5
03-03-2025,Tas Selempang,3
03-03-2025,Totebag,52
03-03-2025,Tunic,77
03-03-2025,Vintage Top,75
03-03-2025,Wedges,4
04-03-2025,A-Line Dress,73
04-03-2025,Athleisure Set,40
04-03-2025,Blouse,177
04-03-2025,Bodycon Dress,27
04-03-2025,Boots,8
04-03-2025,Bucket Bag,10
04-03-2025,Bustong,7
04-03-2025,Cardigan,86
04-03-2025,Casual,34
04-03-2025,Casual Top,141
04-03-2025,Celana Anak,95
04-03-2025,Celana Formal,217
04-03-2025,Celana Jeans,415
04-03-2025,Chic Top,94
04-03-2025,Clutch,53
04-03-2025,Crop Shirt,139
04-03-2025,Culottes,135
04-03-2025,Dress Anak,68
04-03-2025,Flat Shoes,23
04-03-2025,Gladiator,16
04-03-2025,Heels,14
04-03-2025,High-Waist Pants,137
04-03-2025,Hoodie,167
04-03-2025,Jaket,146
04-03-2025,Kaos,353
04-03-2025,Kaos Anak,62
04-03-2025,Kaos Kaki,51
04-03-2025,Kemeja,244
04-03-2025,Kemeja Wanita,130
04-03-2025,Koper Besar,1
04-03-2025,Koper Kecil,1
04-03-2025,Koper Sedang,3
04-03-2025,Loafers,11
04-03-2025,Maxi Dress,100
04-03-2025,Mocasin,25
04-03-2025,Moccasin,14
04-03-2025,Mules,15
04-03-2025,Oxford Shoes,9
04-03-2025,Palazzo Pants,170
04-03-2025,Pantofel,21
04-03-2025,Pleated Pants,129
04-03-2025,Polo Shirt,170
04-03-2025,Sandal,30
04-03-2025,Sandal Anak,40
04-03-2025,Sepatu Formal,10
04-03-2025,Sepatu Sekolah,17
04-03-2025,Setelan Anak,83
04-03-2025,Shoulder Bag,37
04-03-2025,Skirt,172
04-03-2025,Sling Bag,12
04-03-2025,Slip Dress,83
04-03-2025,Slip-On,10
04-03-2025,Sneakers,28
04-03-2025,Sneakers Anak,5
04-03-2025,Tas Ransel,13
04-03-2025,Tas Selempang,6
04-03-2025,Totebag,41
04-03-2025,Tunic,100
04-03-2025,Vintage Top,81
04-03-2025,Wedges,12
05-03-2025,A-Line Dress,72
05-03-2025,Athleisure Set,17
05-03-2025,Blouse,163
05-03-2025,Bodycon Dress,24
05-03-2025,Boots,5
05-03-2025,Bucket Bag,4
05-03-2025,Bustong,11
05-03-2025,Cardigan,80
05-03-2025,Casual,18
05-03-2025,Casual Top,95
05-03-2025,Celana Anak,66
05-03-2025,Celana Formal,187
05-03-2025,Celana Jeans,283
05-03-2025,Chic Top,83
05-03-2025,Clutch,36
05-03-2025,Crop Shirt,112
05-03-2025,Culottes,97
05-03-2025,Dress Anak,55
05-03-2025,Flat Shoes,11
05-03-2025,Gladiator,14
05-03-2025,Handbag,2
05-03-2025,Heels,7
05-03-2025,High-Waist Pants,111
05-03-2025,Hoodie,132
05-03-2025,Jaket,111
05-03-2025,Kaos,227
05-03-2025,Kaos Anak,50
05-03-2025,Kaos Kaki,34
05-03-2025,Kemeja,195
05-03-2025,Kemeja Wanita,112
05-03-2025,Koper Besar,1
05-03-2025,Loafers,5
05-03-2025,Maxi Dress,75
05-03-2025,Mocasin,8
05-03-2025,Moccasin,8
05-03-2025,Mules,16
05-03-2025,Oxford Shoes,15
05-03-2025,Palazzo Pants,145
05-03-2025,Pantofel,17
05-03-2025,Pleated Pants,112
05-03-2025,Polo Shirt,118
05-03-2025,Sandal,20
05-03-2025,Sandal Anak,39
05-03-2025,Sepatu Formal,9
05-03-2025,Sepatu Sekolah,21
05-03-2025,Setelan Anak,71
05-03-2025,Shoulder Bag,31
05-03-2025,Skirt,127
05-03-2025,Sling Bag,5
05-03-2025,Slip Dress,70
05-03-2025,Slip-On,9
05-03-2025,Sneakers,24
05-03-2025,Sneakers Anak,22
05-03-2025,Tas Ransel,3
05-03-2025,Tas Selempang,5
05-03-2025,Totebag,36
05-03-2025,Tunic,77
05-03-2025,Vintage Top,73
05-03-2025,Wedges,11
06-03-2025,A-Line Dress,67
06-03-2025,Athleisure Set,21
06-03-2025,Blouse,169
06-03-2025,Bodycon Dress,25
06-03-2025,Boots,4
06-03-2025,Bucket Bag,5
06-03-2025,Bustong,9
06-03-2025,Cardigan,80
06-03-2025,Casual,20
06-03-2025,Casual Top,94
06-03-2025,Celana Anak,67
06-03-2025,Celana Formal,178
06-03-2025,Celana Jeans,341
06-03-2025,Chic Top,80
06-03-2025,Clutch,43
06-03-2025,Crop Shirt,93
06-03-2025,Culottes,95
06-03-2025,Dress Anak,55
06-03-2025,Flat Shoes,23
06-03-2025,Gladiator,13
06-03-2025,Handbag,2
06-03-2025,Heels,7
06-03-2025,High-Waist Pants,98
06-03-2025,Hoodie,104
06-03-2025,Jaket,115
06-03-2025,Kaos,262
06-03-2025,Kaos Anak,62
06-03-2025,Kaos Kaki,38
06-03-2025,Kemeja,180
06-03-2025,Kemeja Wanita,131
06-03-2025,Koper Besar,1
06-03-2025,Koper Sedang,1
06-03-2025,Loafers,10
06-03-2025,Maxi Dress,60
06-03-2025,Mocasin,14
06-03-2025,Moccasin,3
06-03-2025,Mules,19
06-03-2025,Oxford Shoes,17
06-03-2025,Palazzo Pants,118
06-03-2025,Pantofel,17
06-03-2025,Pleated Pants,135
06-03-2025,Polo Shirt,151
06-03-2025,Sandal,15
06-03-2025,Sandal Anak,31
06-03-2025,Sepatu Formal,7
06-03-2025,Sepatu Sekolah,13
06-03-2025,Setelan Anak,69
06-03-2025,Shoulder Bag,32
06-03-2025,Skirt,112
06-03-2025,Sling Bag,4
06-03-2025,Slip Dress,68
06-03-2025,Slip-On,4
06-03-2025,Sneakers,19
06-03-2025,Sneakers Anak,11
06-03-2025,Tas Ransel,3
06-03-2025,Tas Selempang,4
06-03-2025,Totebag,58
06-03-2025,Tunic,63
06-03-2025,Vintage Top,89
06-03-2025,Wedges,9
07-03-2025,A-Line Dress,100
07-03-2025,Athleisure Set,45
07-03-2025,Blouse,230
07-03-2025,Bodycon Dress,39
07-03-2025,Boots,3
07-03-2025,Bucket Bag,7
07-03-2025,Bustong,21
07-03-2025,Cardigan,101
07-03-2025,Casual,20
07-03-2025,Casual Top,169
07-03-2025,Celana Anak,73
07-03-2025,Celana Formal,262
07-03-2025,Celana Jeans,377
07-03-2025,Chic Top,103
07-03-2025,Clutch,39
07-03-2025,Crop Shirt,148
07-03-2025,Culottes,160
07-03-2025,Dress Anak,112
07-03-2025,Flat Shoes,30
07-03-2025,Gladiator,11
07-03-2025,Handbag,2
07-03-2025,Heels,19
07-03-2025,High-Waist Pants,139
07-03-2025,Hoodie,213
07-03-2025,Jaket,151
07-03-2025,Kaos,296
07-03-2025,Kaos Anak,101
07-03-2025,Kaos Kaki,53
07-03-2025,Kemeja,226
07-03-2025,Kemeja Wanita,141
07-03-2025,Koper Kecil,1
07-03-2025,Koper Sedang,4
07-03-2025,Loafers,15
07-03-2025,Maxi Dress,102
07-03-2025,Mocasin,29
07-03-2025,Moccasin,14
07-03-2025,Mules,27
07-03-2025,Oxford Shoes,2
07-03-2025,Palazzo Pants,217
07-03-2025,Pantofel,14
07-03-2025,Pleated Pants,102
07-03-2025,Polo Shirt,174
07-03-2025,Sandal,37
07-03-2025,Sandal Anak,56
07-03-2025,Sepatu Formal,11
07-03-2025,Sepatu Sekolah,15
07-03-2025,Setelan Anak,95
07-03-2025,Shoulder Bag,51
07-03-2025,Skirt,174
07-03-2025,Sling Bag,4
07-03-2025,Slip Dress,72
07-03-2025,Slip-On,13
07-03-2025,Sneakers,22
07-03-2025,Sneakers Anak,20
07-03-2025,Tas Ransel,14
07-03-2025,Tas Selempang,10
07-03-2025,Totebag,58
07-03-2025,Tunic,82
07-03-2025,Vintage Top,102
07-03-2025,Wedges,17
08-03-2025,A-Line Dress,117
08-03-2025,Athleisure Set,41
08-03-2025,Blouse,251
08-03-2025,Bodycon Dress,36
08-03-2025,Boots,15
08-03-2025,Bucket Bag,13
08-03-2025,Bustong,18
08-03-2025,Cardigan,91
08-03-2025,Casual,50
08-03-2025,Casual Top,176
08-03-2025,Celana Anak,98
08-03-2025,Celana Formal,308
08-03-2025,Celana Jeans,463
08-03-2025,Chic Top,106
08-03-2025,Clutch,58
08-03-2025,Crop Shirt,142
08-03-2025,Culottes,154
08-03-2025,Dress Anak,69
08-03-2025,Flat Shoes,23
08-03-2025,Gladiator,18
08-03-2025,Heels,10
08-03-2025,High-Waist Pants,131
08-03-2025,Hoodie,227
08-03-2025,Jaket,169
08-03-2025,Kaos,360
08-03-2025,Kaos Anak,107
08-03-2025,Kaos Kaki,65
08-03-2025,Kemeja,278
08-03-2025,Kemeja Wanita,131
08-03-2025,Koper Besar,1
08-03-2025,Koper Kecil,1
08-03-2025,Koper Sedang,2
08-03-2025,Loafers,11
08-03-2025,Maxi Dress,106
08-03-2025,Mocasin,22
08-03-2025,Moccasin,14
08-03-2025,Mules,14
08-03-2025,Oxford Shoes,1
08-03-2025,Palazzo Pants,168
08-03-2025,Pantofel,24
08-03-2025,Pleated Pants,152
08-03-2025,Polo Shirt,183
08-03-2025,Sandal,28
08-03-2025,Sandal Anak,51
08-03-2025,Sepatu Formal,10
08-03-2025,Sepatu Sekolah,15
08-03-2025,Setelan Anak,104
08-03-2025,Shoulder Bag,62
08-03-2025,Skirt,255
08-03-2025,Sling Bag,5
08-03-2025,Slip Dress,97
08-03-2025,Slip-On,15
08-03-2025,Sneakers,37
08-03-2025,Sneakers Anak,30
08-03-2025,Tas Ransel,14
08-03-2025,Tas Selempang,1
08-03-2025,Totebag,69
08-03-2025,Tunic,82
08-03-2025,Vintage Top,99
08-03-2025,Wedges,14
09-03-2025,A-Line Dress,120
09-03-2025,Athleisure Set,34
09-03-2025,Blouse,298
09-03-2025,Bodycon Dress,49
09-03-2025,Boots,5
09-03-2025,Bucket Bag,10
09-03-2025,Bustong,24
09-03-2025,Cardigan,119
09-03-2025,Casual,19
09-03-2025,Casual Top,158
09-03-2025,Celana Anak,117
09-03-2025,Celana Formal,321
09-03-2025,Celana Jeans,536
09-03-2025,Chic Top,104
09-03-2025,Clutch,90
09-03-2025,Crop Shirt,176
09-03-2025,Culottes,163
09-03-2025,Dress Anak,110
09-03-2025,Flat Shoes,23
09-03-2025,Gladiator,15
09-03-2025,Handbag,5
09-03-2025,Heels,28
09-03-2025,High-Waist Pants,180
09-03-2025,Hoodie,232
09-03-2025,Jaket,199
09-03-2025,Kaos,390
09-03-2025,Kaos Anak,131
09-03-2025,Kaos Kaki,58
09-03-2025,Kemeja,291
09-03-2025,Kemeja Wanita,148
09-03-2025,Koper Sedang,3
09-03-2025,Loafers,13
09-03-2025,Maxi Dress,108
09-03-2025,Mocasin,21
09-03-2025,Moccasin,9
09-03-2025,Mules,31
09-03-2025,Oxford Shoes,9
09-03-2025,Palazzo Pants,223
09-03-2025,Pantofel,14
09-03-2025,Pleated Pants,164
09-03-2025,Polo Shirt,202
09-03-2025,Sandal,28
09-03-2025,Sandal Anak,75
09-03-2025,Sepatu Formal,10
09-03-2025,Sepatu Sekolah,18
09-03-2025,Setelan Anak,118
09-03-2025,Shoulder Bag,51
09-03-2025,Skirt,226
09-03-2025,Sling Bag,6
09-03-2025,Slip Dress,111
09-03-2025,Slip-On,10
09-03-2025,Sneakers,33
09-03-2025,Sneakers Anak,35
09-03-2025,Tas Ransel,8
09-03-2025,Tas Selempang,6
09-03-2025,Totebag,64
09-03-2025,Tunic,106
09-03-2025,Vintage Top,129
09-03-2025,Wedges,27
10-03-2025,A-Line Dress,92
10-03-2025,Athleisure Set,31
10-03-2025,Blouse,230
10-03-2025,Bodycon Dress,34
10-03-2025,Boots,8
10-03-2025,Bucket Bag,7
10-03-2025,Bustong,4
10-03-2025,Cardigan,109
10-03-2025,Casual,23
10-03-2025,Casual Top,136
10-03-2025,Celana Anak,90
10-03-2025,Celana Formal,244
10-03-2025,Celana Jeans,357
10-03-2025,Chic Top,89
10-03-2025,Clutch,61
10-03-2025,Crop Shirt,138
10-03-2025,Culottes,128
10-03-2025,Dress Anak,93
10-03-2025,Flat Shoes,20
10-03-2025,Gladiator,19
10-03-2025,Heels,12
10-03-2025,High-Waist Pants,123
10-03-2025,Hoodie,177
10-03-2025,Jaket,149
10-03-2025,Kaos,274
10-03-2025,Kaos Anak,73
10-03-2025,Kaos Kaki,43
10-03-2025,Kemeja,262
10-03-2025,Kemeja Wanita,118
10-03-2025,Koper Besar,2
10-03-2025,Koper Sedang,1
10-03-2025,Loafers,12
10-03-2025,Maxi Dress,109
10-03-2025,Mocasin,21
10-03-2025,Moccasin,7
10-03-2025,Mules,21
10-03-2025,Oxford Shoes,15
10-03-2025,Palazzo Pants,185
10-03-2025,Pantofel,12
10-03-2025,Pleated Pants,121
10-03-2025,Polo Shirt,157
10-03-2025,Sandal,20
10-03-2025,Sandal Anak,51
10-03-2025,Sepatu Formal,12
10-03-2025,Sepatu Sekolah,26
10-03-2025,Setelan Anak,85
10-03-2025,Shoulder Bag,45
10-03-2025,Skirt,165
10-03-2025,Sling Bag,1
10-03-2025,Slip Dress,114
10-03-2025,Slip-On,8
10-03-2025,Sneakers,28
10-03-2025,Sneakers Anak,19
10-03-2025,Tas Ransel,2
10-03-2025,Tas Selempang,2
10-03-2025,Totebag,56
10-03-2025,Tunic,91
10-03-2025,Vintage Top,121
10-03-2025,Wedges,10
11-03-2025,A-Line Dress,136
11-03-2025,Athleisure Set,39
11-03-2025,Blouse,328
11-03-2025,Bodycon Dress,38
11-03-2025,Boots,9
11-03-2025,Bucket Bag,4
11-03-2025,Bustong,19
11-03-2025,Cardigan,138
11-03-2025,Casual,24
11-03-2025,Casual Top,177
11-03-2025,Celana Anak,105
11-03-2025,Celana Formal,324
11-03-2025,Celana Jeans,583
11-03-2025,Chic Top,139
11-03-2025,Clutch,60
11-03-2025,Crop Shirt,198
11-03-2025,Culottes,154
11-03-2025,Dress Anak,137
11-03-2025,Flat Shoes,29
11-03-2025,Gladiator,26
11-03-2025,Handbag,4
11-03-2025,Heels,26
11-03-2025,High-Waist Pants,219
11-03-2025,Hoodie,264
11-03-2025,Jaket,230
11-03-2025,Kaos,492
11-03-2025,Kaos Anak,98
11-03-2025,Kaos Kaki,80
11-03-2025,Kemeja,333
11-03-2025,Kemeja Wanita,180
11-03-2025,Koper Besar,1
11-03-2025,Koper Kecil,2
11-03-2025,Koper Sedang,1
11-03-2025,Loafers,15
11-03-2025,Maxi Dress,130
11-03-2025,Mocasin,22
11-03-2025,Moccasin,17
11-03-2025,Mules,16
11-03-2025,Oxford Shoes,11
11-03-2025,Palazzo Pants,302
11-03-2025,Pantofel,34
11-03-2025,Pleated Pants,164
11-03-2025,Polo Shirt,225
11-03-2025,Sandal,58
11-03-2025,Sandal Anak,87
11-03-2025,Sepatu Formal,16
11-03-2025,Sepatu Sekolah,22
11-03-2025,Setelan Anak,92
11-03-2025,Shoulder Bag,61
11-03-2025,Skirt,236
11-03-2025,Sling Bag,8
11-03-2025,Slip Dress,118
11-03-2025,Slip-On,15
11-03-2025,Sneakers,39
11-03-2025,Sneakers Anak,27
11-03-2025,Tas Ransel,5
11-03-2025,Tas Selempang,8
11-03-2025,Totebag,85
11-03-2025,Tunic,134
11-03-2025,Vintage Top,123
11-03-2025,Wedges,34
12-03-2025,A-Line Dress,96
12-03-2025,Athleisure Set,39
12-03-2025,Blouse,220
12-03-2025,Bodycon Dress,31
12-03-2025,Boots,12
12-03-2025,Bucket Bag,16
12-03-2025,Bustong,5
12-03-2025,Cardigan,105
12-03-2025,Casual,21
12-03-2025,Casual Top,164
12-03-2025,Celana Anak,85
12-03-2025,Celana Formal,262
12-03-2025,Celana Jeans,401
12-03-2025,Chic Top,97
12-03-2025,Clutch,57
12-03-2025,Crop Shirt,157
12-03-2025,Culottes,147
12-03-2025,Dress Anak,81
12-03-2025,Flat Shoes,15
12-03-2025,Gladiator,12
12-03-2025,Heels,22
12-03-2025,High-Waist Pants,142
12-03-2025,Hoodie,178
12-03-2025,Jaket,174
12-03-2025,Kaos,301
12-03-2025,Kaos Anak,85
12-03-2025,Kaos Kaki,48
12-03-2025,Kemeja,261
12-03-2025,Kemeja Wanita,139
12-03-2025,Koper Besar,4
12-03-2025,Koper Kecil,1
12-03-2025,Loafers,8
12-03-2025,Maxi Dress,118
12-03-2025,Mocasin,22
12-03-2025,Moccasin,15
12-03-2025,Mules,17
12-03-2025,Oxford Shoes,10
12-03-2025,Palazzo Pants,190
12-03-2025,Pantofel,17
12-03-2025,Pleated Pants,134
12-03-2025,Polo Shirt,176
12-03-2025,Sandal,33
12-03-2025,Sandal Anak,35
12-03-2025,Sepatu Formal,10
12-03-2025,Sepatu Sekolah,13
12-03-2025,Setelan Anak,93
12-03-2025,Shoulder Bag,53
12-03-2025,Skirt,205
12-03-2025,Sling Bag,17
12-03-2025,Slip Dress,99
12-03-2025,Slip-On,12
12-03-2025,Sneakers,17
12-03-2025,Sneakers Anak,13
12-03-2025,Tas Ransel,8
12-03-2025,Tas Selempang,2
12-03-2025,Totebag,60
12-03-2025,Tunic,98
12-03-2025,Vintage Top,115
12-03-2025,Wedges,23
13-03-2025,A-Line Dress,115
13-03-2025,Athleisure Set,41
13-03-2025,Blouse,320
13-03-2025,Bodycon Dress,45
13-03-2025,Boots,18
13-03-2025,Bucket Bag,8
13-03-2025,Bustong,12
13-03-2025,Cardigan,150
13-03-2025,Casual,52
13-03-2025,Casual Top,170
13-03-2025,Celana Anak,101
13-03-2025,Celana Formal,329
13-03-2025,Celana Jeans,517
13-03-2025,Chic Top,109
13-03-2025,Clutch,55
13-03-2025,Crop Shirt,154
13-03-2025,Culottes,200
13-03-2025,Dress Anak,106
13-03-2025,Flat Shoes,42
13-03-2025,Gladiator,17
13-03-2025,Handbag,3
13-03-2025,Heels,16
13-03-2025,High-Waist Pants,146
13-03-2025,Hoodie,196
13-03-2025,Jaket,239
13-03-2025,Kaos,403
13-03-2025,Kaos Anak,128
13-03-2025,Kaos Kaki,83
13-03-2025,Kemeja,340
13-03-2025,Kemeja Wanita,192
13-03-2025,Koper Kecil,1
13-03-2025,Loafers,20
13-03-2025,Maxi Dress,151
13-03-2025,Mocasin,18
13-03-2025,Moccasin,23
13-03-2025,Mules,25
13-03-2025,Oxford Shoes,22
13-03-2025,Palazzo Pants,237
13-03-2025,Pantofel,20
13-03-2025,Pleated Pants,202
13-03-2025,Polo Shirt,240
13-03-2025,Sandal,36
13-03-2025,Sandal Anak,68
13-03-2025,Sepatu Formal,14
13-03-2025,Sepatu Sekolah,16
13-03-2025,Setelan Anak,119
13-03-2025,Shoulder Bag,63
13-03-2025,Skirt,244
13-03-2025,Sling Bag,3
13-03-2025,Slip Dress,115
13-03-2025,Slip-On,5
13-03-2025,Sneakers,38
13-03-2025,Sneakers Anak,30
13-03-2025,Tas Ransel,16
13-03-2025,Tas Selempang,8
13-03-2025,Totebag,116
13-03-2025,Tunic,142
13-03-2025,Vintage Top,144
13-03-2025,Wedges,32
14-03-2025,A-Line Dress,128
14-03-2025,Athleisure Set,40
14-03-2025,Blouse,295
14-03-2025,Bodycon Dress,42
14-03-2025,Boots,13
14-03-2025,Bucket Bag,3
14-03-2025,Bustong,18
14-03-2025,Cardigan,109
14-03-2025,Casual,45
14-03-2025,Casual Top,214
14-03-2025,Celana Anak,116
14-03-2025,Celana Formal,299
14-03-2025,Celana Jeans,553
14-03-2025,Chic Top,137
14-03-2025,Clutch,70
14-03-2025,Crop Shirt,180
14-03-2025,Culottes,228
14-03-2025,Dress Anak,100
14-03-2025,Flat Shoes,29
14-03-2025,Gladiator,31
14-03-2025,Heels,28
14-03-2025,High-Waist Pants,170
14-03-2025,Hoodie,235
14-03-2025,Jaket,237
14-03-2025,Kaos,436
14-03-2025,Kaos Anak,114
14-03-2025,Kaos Kaki,62
14-03-2025,Kemeja,334
14-03-2025,Kemeja Wanita,182
14-03-2025,Koper Besar,4
14-03-2025,Koper Sedang,1
14-03-2025,Loafers,19
14-03-2025,Maxi Dress,97
14-03-2025,Mocasin,23
14-03-2025,Moccasin,15
14-03-2025,Mules,28
14-03-2025,Oxford Shoes,21
14-03-2025,Palazzo Pants,268
14-03-2025,Pantofel,17
14-03-2025,Pleated Pants,152
14-03-2025,Polo Shirt,227
14-03-2025,Sandal,34
14-03-2025,Sandal Anak,59
14-03-2025,Sepatu Formal,12
14-03-2025,Sepatu Sekolah,12
14-03-2025,Setelan Anak,104
14-03-2025,Shoulder Bag,63
14-03-2025,Skirt,255
14-03-2025,Sling Bag,11
14-03-2025,Slip Dress,98
14-03-2025,Slip-On,12
14-03-2025,Sneakers,41
14-03-2025,Sneakers Anak,21
14-03-2025,Tas Ransel,3
14-03-2025,Tas Selempang,6
14-03-2025,Totebag,82
14-03-2025,Tunic,163
14-03-2025,Vintage Top,123
14-03-2025,Wedges,17
15-03-2025,A-Line Dress,158
15-03-2025,Athleisure Set,55
15-03-2025,Blouse,395
15-03-2025,Bodycon Dress,50
15-03-2025,Boots,16
15-03-2025,Bucket Bag,20
15-03-2025,Bustong,16
15-03-2025,Cardigan,149
15-03-2025,Casual,65
15-03-2025,Casual Top,209
15-03-2025,Celana Anak,137
15-03-2025,Celana Formal,476
15-03-2025,Celana Jeans,651
15-03-2025,Chic Top,158
15-03-2025,Clutch,110
15-03-2025,Crop Shirt,235
15-03-2025,Culottes,253
15-03-2025,Dress Anak,125
15-03-2025,Flat Shoes,36
15-03-2025,Gladiator,23
15-03-2025,Handbag,5
15-03-2025,Heels,32
15-03-2025,High-Waist Pants,215
15-03-2025,Hoodie,300
15-03-2025,Jaket,282
15-03-2025,Kaos,595
15-03-2025,Kaos Anak,155
15-03-2025,Kaos Kaki,108
15-03-2025,Kemeja,449
15-03-2025,Kemeja Wanita,256
15-03-2025,Koper Besar,1
15-03-2025,Koper Kecil,2
15-03-2025,Loafers,18
15-03-2025,Maxi Dress,147
15-03-2025,Mocasin,22
15-03-2025,Moccasin,23
15-03-2025,Mules,28
15-03-2025,Oxford Shoes,24
15-03-2025,Palazzo Pants,315
15-03-2025,Pantofel,27
15-03-2025,Pleated Pants,241
15-03-2025,Polo Shirt,267
15-03-2025,Sandal,36
15-03-2025,Sandal Anak,103
15-03-2025,Sepatu Formal,25
15-03-2025,Sepatu Sekolah,34
15-03-2025,Setelan Anak,145
15-03-2025,Shoulder Bag,74
15-03-2025,Skirt,326
15-03-2025,Sling Bag,10
15-03-2025,Slip Dress,154
15-03-2025,Slip-On,23
15-03-2025,Sneakers,52
15-03-2025,Sneakers Anak,30
15-03-2025,Tas Ransel,8
15-03-2025,Tas Selempang,9
15-03-2025,Totebag,93
15-03-2025,Tunic,165
15-03-2025,Vintage Top,163
15-03-2025,Wedges,28
16-03-2025,A-Line Dress,139
16-03-2025,Athleisure Set,49
16-03-2025,Blouse,331
16-03-2025,Bodycon Dress,49
16-03-2025,Boots,7
16-03-2025,Bucket Bag,6
16-03-2025,Bustong,20
16-03-2025,Cardigan,140
16-03-2025,Casual,37
16-03-2025,Casual Top,237
16-03-2025,Celana Anak,123
16-03-2025,Celana Formal,383
16-03-2025,Celana Jeans,604
16-03-2025,Chic Top,121
16-03-2025,Clutch,82
16-03-2025,Crop Shirt,192
16-03-2025,Culottes,219
16-03-2025,Dress Anak,105
16-03-2025,Flat Shoes,24
16-03-2025,Gladiator,25
16-03-2025,Handbag,4
16-03-2025,Heels,39
16-03-2025,High-Waist Pants,213
16-03-2025,Hoodie,255
16-03-2025,Jaket,302
16-03-2025,Kaos,470
16-03-2025,Kaos Anak,134
16-03-2025,Kaos Kaki,94
16-03-2025,Kemeja,402
16-03-2025,Kemeja Wanita,245
16-03-2025,Koper Besar,2
16-03-2025,Koper Kecil,1
16-03-2025,Loafers,16
16-03-2025,Maxi Dress,145
16-03-2025,Mocasin,38
16-03-2025,Moccasin,23
16-03-2025,Mules,22
16-03-2025,Oxford Shoes,17
16-03-2025,Palazzo Pants,265
16-03-2025,Pantofel,20
16-03-2025,Pleated Pants,244
16-03-2025,Polo Shirt,243
16-03-2025,Sandal,48
16-03-2025,Sandal Anak,63
16-03-2025,Sepatu Formal,17
16-03-2025,Sepatu Sekolah,20
16-03-2025,Setelan Anak,136
16-03-2025,Shoulder Bag,97
16-03-2025,Skirt,268
16-03-2025,Sling Bag,8
16-03-2025,Slip Dress,160
16-03-2025,Slip-On,16
16-03-2025,Sneakers,55
16-03-2025,Sneakers Anak,24
16-03-2025,Tas Ransel,13
16-03-2025,Tas Selempang,12
16-03-2025,Totebag,69
16-03-2025,Tunic,147
16-03-2025,Vintage Top,147
16-03-2025,Wedges,21
17-03-2025,A-Line Dress,116
17-03-2025,Athleisure Set,41
17-03-2025,Blouse,260
17-03-2025,Bodycon Dress,35
17-03-2025,Boots,10
17-03-2025,Bucket Bag,12
17-03-2025,Bustong,10
17-03-2025,Cardigan,127
17-03-2025,Casual,40
17-03-2025,Casual Top,194
17-03-2025,Celana Anak,134
17-03-2025,Celana Formal,314
17-03-2025,Celana Jeans,540
17-03-2025,Chic Top,113
17-03-2025,Clutch,78
17-03-2025,Crop Shirt,157
17-03-2025,Culottes,198
17-03-2025,Dress Anak,95
17-03-2025,Flat Shoes,16
17-03-2025,Gladiator,23
17-03-2025,Handbag,1
17-03-2025,Heels,26
17-03-2025,High-Waist Pants,150
17-03-2025,Hoodie,206
17-03-2025,Jaket,272
17-03-2025,Kaos,470
17-03-2025,Kaos Anak,129
17-03-2025,Kaos Kaki,102
17-03-2025,Kemeja,312
17-03-2025,Kemeja Wanita,172
17-03-2025,Koper Besar,2
17-03-2025,Koper Sedang,1
17-03-2025,Loafers,12
17-03-2025,Maxi Dress,118
17-03-2025,Mocasin,40
17-03-2025,Moccasin,10
17-03-2025,Mules,15
17-03-2025,Oxford Shoes,17
17-03-2025,Palazzo Pants,192
17-03-2025,Pantofel,20
17-03-2025,Pleated Pants,136
17-03-2025,Polo Shirt,233
17-03-2025,Sandal,38
17-03-2025,Sandal Anak,66
17-03-2025,Sepatu Formal,22
17-03-2025,Sepatu Sekolah,22
17-03-2025,Setelan Anak,106
17-03-2025,Shoulder Bag,49
17-03-2025,Skirt,221
17-03-2025,Sling Bag,7
17-03-2025,Slip Dress,112
17-03-2025,Slip-On,20
17-03-2025,Sneakers,34
17-03-2025,Sneakers Anak,11
17-03-2025,Tas Ransel,6
17-03-2025,Tas Selempang,7
17-03-2025,Totebag,73
17-03-2025,Tunic,127
17-03-2025,Vintage Top,116
17-03-2025,Wedges,23
18-03-2025,A-Line Dress,144
18-03-2025,Athleisure Set,38
18-03-2025,Blouse,339
18-03-2025,Bodycon Dress,57
18-03-2025,Boots,15
18-03-2025,Bucket Bag,7
18-03-2025,Bustong,23
18-03-2025,Cardigan,133
18-03-2025,Casual,30
18-03-2025,Casual Top,166
18-03-2025,Celana Anak,121
18-03-2025,Celana Formal,328
18-03-2025,Celana Jeans,499
18-03-2025,Chic Top,124
18-03-2025,Clutch,50
18-03-2025,Crop Shirt,174
18-03-2025,Culottes,178
18-03-2025,Dress Anak,107
18-03-2025,Flat Shoes,21
18-03-2025,Gladiator,34
18-03-2025,Handbag,5
18-03-2025,Heels,15
18-03-2025,High-Waist Pants,162
18-03-2025,Hoodie,213
18-03-2025,Jaket,219
18-03-2025,Kaos,421
18-03-2025,Kaos Anak,88
18-03-2025,Kaos Kaki,80
18-03-2025,Kemeja,286
18-03-2025,Kemeja Wanita,206
18-03-2025,Koper Kecil,2
18-03-2025,Koper Sedang,1
18-03-2025,Loafers,12
18-03-2025,Maxi Dress,129
18-03-2025,Mocasin,29
18-03-2025,Moccasin,10
18-03-2025,Mules,15
18-03-2025,Oxford Shoes,5
18-03-2025,Palazzo Pants,242
18-03-2025,Pantofel,19
18-03-2025,Pleated Pants,239
18-03-2025,Polo Shirt,216
18-03-2025,Sandal,48
18-03-2025,Sandal Anak,76
18-03-2025,Sepatu Formal,13
18-03-2025,Sepatu Sekolah,16
18-03-2025,Setelan Anak,141
18-03-2025,Shoulder Bag,69
18-03-2025,Skirt,262
18-03-2025,Sling Bag,10
18-03-2025,Slip Dress,91
18-03-2025,Slip-On,10
18-03-2025,Sneakers,31
18-03-2025,Sneakers Anak,17
18-03-2025,Tas Ransel,6
18-03-2025,Tas Selempang,5
18-03-2025,Totebag,74
18-03-2025,Tunic,117
18-03-2025,Vintage Top,124
18-03-2025,Wedges,18
19-03-2025,A-Line Dress,140
19-03-2025,Athleisure Set,42
19-03-2025,Blouse,324
19-03-2025,Bodycon Dress,69
19-03-2025,Boots,15
19-03-2025,Bucket Bag,13
19-03-2025,Bustong,21
19-03-2025,Cardigan,114
19-03-2025,Casual,41
19-03-2025,Casual Top,199
19-03-2025,Celana Anak,123
19-03-2025,Celana Formal,312
19-03-2025,Celana Jeans,554
19-03-2025,Chic Top,137
19-03-2025,Clutch,87
19-03-2025,Crop Shirt,194
19-03-2025,Culottes,208
19-03-2025,Dress Anak,96
19-03-2025,Flat Shoes,34
19-03-2025,Gladiator,27
19-03-2025,Handbag,3
19-03-2025,Heels,34
19-03-2025,High-Waist Pants,190
19-03-2025,Hoodie,253
19-03-2025,Jaket,290
19-03-2025,Kaos,452
19-03-2025,Kaos Anak,119
19-03-2025,Kaos Kaki,81
19-03-2025,Kemeja,351
19-03-2025,Kemeja Wanita,159
19-03-2025,Koper Kecil,2
19-03-2025,Loafers,17
19-03-2025,Maxi Dress,117
19-03-2025,Mocasin,31
19-03-2025,Moccasin,18
19-03-2025,Mules,34
19-03-2025,Oxford Shoes,22
19-03-2025,Palazzo Pants,245
19-03-2025,Pantofel,26
19-03-2025,Pleated Pants,166
19-03-2025,Polo Shirt,242
19-03-2025,Sandal,41
19-03-2025,Sandal Anak,81
19-03-2025,Sepatu Formal,13
19-03-2025,Sepatu Sekolah,31
19-03-2025,Setelan Anak,142
19-03-2025,Shoulder Bag,72
19-03-2025,Skirt,272
19-03-2025,Sling Bag,7
19-03-2025,Slip Dress,149
19-03-2025,Slip-On,14
19-03-2025,Sneakers,39
19-03-2025,Sneakers Anak,32
19-03-2025,Tas Ransel,2
19-03-2025,Tas Selempang,15
19-03-2025,Totebag,74
19-03-2025,Tunic,156
19-03-2025,Vintage Top,128
19-03-2025,Wedges,23
20-03-2025,A-Line Dress,109
20-03-2025,Athleisure Set,49
20-03-2025,Blouse,248
20-03-2025,Bodycon Dress,41
20-03-2025,Boots,4
20-03-2025,Bucket Bag,5
20-03-2025,Bustong,12
20-03-2025,Cardigan,101
20-03-2025,Casual,27
20-03-2025,Casual Top,121
20-03-2025,Celana Anak,86
20-03-2025,Celana Formal,261
20-03-2025,Celana Jeans,471
20-03-2025,Chic Top,111
20-03-2025,Clutch,75
20-03-2025,Crop Shirt,145
20-03-2025,Culottes,98
20-03-2025,Dress Anak,84
20-03-2025,Flat Shoes,20
20-03-2025,Gladiator,28
20-03-2025,Handbag,3
20-03-2025,Heels,24
20-03-2025,High-Waist Pants,145
20-03-2025,Hoodie,206
20-03-2025,Jaket,153
20-03-2025,Kaos,318
20-03-2025,Kaos Anak,108
20-03-2025,Kaos Kaki,83
20-03-2025,Kemeja,273
20-03-2025,Kemeja Wanita,150
20-03-2025,Koper Kecil,1
20-03-2025,Koper Sedang,1
20-03-2025,Loafers,16
20-03-2025,Maxi Dress,126
20-03-2025,Mocasin,16
20-03-2025,Moccasin,16
20-03-2025,Mules,14
20-03-2025,Oxford Shoes,14
20-03-2025,Palazzo Pants,188
20-03-2025,Pantofel,18
20-03-2025,Pleated Pants,136
20-03-2025,Polo Shirt,179
20-03-2025,Sandal,29
20-03-2025,Sandal Anak,40
20-03-2025,Sepatu Formal,12
20-03-2025,Sepatu Sekolah,26
20-03-2025,Setelan Anak,120
20-03-2025,Shoulder Bag,59
20-03-2025,Skirt,205
20-03-2025,Sling Bag,12
20-03-2025,Slip Dress,85
20-03-2025,Slip-On,12
20-03-2025,Sneakers,39
20-03-2025,Sneakers Anak,22
20-03-2025,Tas Ransel,6
20-03-2025,Tas Selempang,7
20-03-2025,Totebag,68
20-03-2025,Tunic,110
20-03-2025,Vintage Top,113
20-03-2025,Wedges,17
21-03-2025,A-Line Dress,155
21-03-2025,Athleisure Set,54
21-03-2025,Blouse,321
21-03-2025,Bodycon Dress,51
21-03-2025,Boots,18
21-03-2025,Bucket Bag,7
21-03-2025,Bustong,15
21-03-2025,Cardigan,130
21-03-2025,Casual,49
21-03-2025,Casual Top,186
21-03-2025,Celana Anak,122
21-03-2025,Celana Formal,335
21-03-2025,Celana Jeans,525
21-03-2025,Chic Top,144
21-03-2025,Clutch,75
21-03-2025,Crop Shirt,175
21-03-2025,Culottes,180
21-03-2025,Dress Anak,120
21-03-2025,Flat Shoes,30
21-03-2025,Gladiator,32
21-03-2025,Handbag,2
21-03-2025,Heels,29
21-03-2025,High-Waist Pants,215
21-03-2025,Hoodie,242
21-03-2025,Jaket,230
21-03-2025,Kaos,443
21-03-2025,Kaos Anak,142
21-03-2025,Kaos Kaki,95
21-03-2025,Kemeja,360
21-03-2025,Kemeja Wanita,213
21-03-2025,Koper Kecil,2
21-03-2025,Koper Sedang,1
21-03-2025,Loafers,11
21-03-2025,Maxi Dress,128
21-03-2025,Mocasin,14
21-03-2025,Moccasin,24
21-03-2025,Mules,28
21-03-2025,Oxford Shoes,20
21-03-2025,Palazzo Pants,241
21-03-2025,Pantofel,28
21-03-2025,Pleated Pants,179
21-03-2025,Polo Shirt,192
21-03-2025,Sandal,45
21-03-2025,Sandal Anak,82
21-03-2025,Sepatu Formal,15
21-03-2025,Sepatu Sekolah,26
21-03-2025,Setelan Anak,134
21-03-2025,Shoulder Bag,61
21-03-2025,Skirt,260
21-03-2025,Sling Bag,7
21-03-2025,Slip Dress,124
21-03-2025,Slip-On,15
21-03-2025,Sneakers,55
21-03-2025,Sneakers Anak,34
21-03-2025,Tas Ransel,8
21-03-2025,Tas Selempang,13
21-03-2025,Totebag,84
21-03-2025,Tunic,146
21-03-2025,Vintage Top,111
21-03-2025,Wedges,24
22-03-2025,A-Line Dress,188
22-03-2025,Athleisure Set,75
22-03-2025,Blouse,436
22-03-2025,Bodycon Dress,62
22-03-2025,Boots,25
22-03-2025,Bucket Bag,11
22-03-2025,Bustong,19
22-03-2025,Cardigan,177
22-03-2025,Casual,56
22-03-2025,Casual Top,296
22-03-2025,Celana Anak,194
22-03-2025,Celana Formal,482
22-03-2025,Celana Jeans,821
22-03-2025,Chic Top,173
22-03-2025,Clutch,135
22-03-2025,Crop Shirt,320
22-03-2025,Culottes,253
22-03-2025,Dress Anak,162
22-03-2025,Flat Shoes,35
22-03-2025,Gladiator,30
22-03-2025,Handbag,1
22-03-2025,Heels,41
22-03-2025,High-Waist Pants,305
22-03-2025,Hoodie,359
22-03-2025,Jaket,382
22-03-2025,Kaos,665
22-03-2025,Kaos Anak,179
22-03-2025,Kaos Kaki,122
22-03-2025,Kemeja,487
22-03-2025,Kemeja Wanita,262
22-03-2025,Koper Besar,5
22-03-2025,Koper Kecil,1
22-03-2025,Koper Sedang,1
22-03-2025,Loafers,10
22-03-2025,Maxi Dress,159
22-03-2025,Mocasin,40
22-03-2025,Moccasin,17
22-03-2025,Mules,42
22-03-2025,Oxford Shoes,19
22-03-2025,Palazzo Pants,326
22-03-2025,Pantofel,41
22-03-2025,Pleated Pants,276
22-03-2025,Polo Shirt,335
22-03-2025,Sandal,51
22-03-2025,Sandal Anak,126
22-03-2025,Sepatu Formal,16
22-03-2025,Sepatu Sekolah,43
22-03-2025,Setelan Anak,196
22-03-2025,Shoulder Bag,95
22-03-2025,Skirt,338
22-03-2025,Sling Bag,4
22-03-2025,Slip Dress,218
22-03-2025,Slip-On,16
22-03-2025,Sneakers,50
22-03-2025,Sneakers Anak,34
22-03-2025,Tas Ransel,7
22-03-2025,Tas Selempang,20
22-03-2025,Totebag,108
22-03-2025,Tunic,220
22-03-2025,Vintage Top,189
22-03-2025,Wedges,38
23-03-2025,A-Line Dress,208
23-03-2025,Athleisure Set,68
23-03-2025,Blouse,448
23-03-2025,Bodycon Dress,61
23-03-2025,Boots,15
23-03-2025,Bucket Bag,16
23-03-2025,Bustong,21
23-03-2025,Cardigan,162
23-03-2025,Casual,51
23-03-2025,Casual Top,232
23-03-2025,Celana Anak,141
23-03-2025,Celana Formal,478
23-03-2025,Celana Jeans,746
23-03-2025,Chic Top,199
23-03-2025,Clutch,96
23-03-2025,Crop Shirt,228
23-03-2025,Culottes,218
23-03-2025,Dress Anak,161
23-03-2025,Flat Shoes,24
23-03-2025,Gladiator,29
23-03-2025,Handbag,3
23-03-2025,Heels,36
23-03-2025,High-Waist Pants,252
23-03-2025,Hoodie,349
23-03-2025,Jaket,310
23-03-2025,Kaos,550
23-03-2025,Kaos Anak,161
23-03-2025,Kaos Kaki,136
23-03-2025,Kemeja,447
23-03-2025,Kemeja Wanita,283
23-03-2025,Koper Besar,5
23-03-2025,Koper Sedang,3
23-03-2025,Loafers,14
23-03-2025,Maxi Dress,189
23-03-2025,Mocasin,26
23-03-2025,Moccasin,27
23-03-2025,Mules,45
23-03-2025,Oxford Shoes,27
23-03-2025,Palazzo Pants,390
23-03-2025,Pantofel,30
23-03-2025,Pleated Pants,280
23-03-2025,Polo Shirt,323
23-03-2025,Sandal,46
23-03-2025,Sandal Anak,95
23-03-2025,Sepatu Formal,17
23-03-2025,Sepatu Sekolah,30
23-03-2025,Setelan Anak,213
23-03-2025,Shoulder Bag,97
23-03-2025,Skirt,338
23-03-2025,Sling Bag,16
23-03-2025,Slip Dress,196
23-03-2025,Slip-On,24
23-03-2025,Sneakers,66
23-03-2025,Sneakers Anak,39
23-03-2025,Tas Ransel,18
23-03-2025,Tas Selempang,12
23-03-2025,Totebag,120
23-03-2025,Tunic,186
23-03-2025,Vintage Top,187
23-03-2025,Wedges,29
24-03-2025,A-Line Dress,166
24-03-2025,Athleisure Set,69
24-03-2025,Blouse,376
24-03-2025,Bodycon Dress,85
24-03-2025,Boots,21
24-03-2025,Bucket Bag,4
24-03-2025,Bustong,20
24-03-2025,Cardigan,158
24-03-2025,Casual,41
24-03-2025,Casual Top,289
24-03-2025,Celana Anak,139
24-03-2025,Celana Formal,441
24-03-2025,Celana Jeans,652
24-03-2025,Chic Top,207
24-03-2025,Clutch,94
24-03-2025,Crop Shirt,245
24-03-2025,Culottes,243
24-03-2025,Dress Anak,152
24-03-2025,Flat Shoes,26
24-03-2025,Gladiator,31
24-03-2025,Handbag,5
24-03-2025,Heels,33
24-03-2025,High-Waist Pants,248
24-03-2025,Hoodie,309
24-03-2025,Jaket,271
24-03-2025,Kaos,501
24-03-2025,Kaos Anak,156
24-03-2025,Kaos Kaki,104
24-03-2025,Kemeja,446
24-03-2025,Kemeja Wanita,271
24-03-2025,Koper Besar,1
24-03-2025,Koper Kecil,2
24-03-2025,Koper Sedang,1
24-03-2025,Loafers,24
24-03-2025,Maxi Dress,187
24-03-2025,Mocasin,26
24-03-2025,Moccasin,16
24-03-2025,Mules,35
24-03-2025,Oxford Shoes,17
24-03-2025,Palazzo Pants,272
24-03-2025,Pantofel,36
24-03-2025,Pleated Pants,240
24-03-2025,Polo Shirt,286
24-03-2025,Sandal,54
24-03-2025,Sandal Anak,83
24-03-2025,Sepatu Formal,11
24-03-2025,Sepatu Sekolah,27
24-03-2025,Setelan Anak,160
24-03-2025,Shoulder Bag,61
24-03-2025,Skirt,324
24-03-2025,Sling Bag,18
24-03-2025,Slip Dress,155
24-03-2025,Slip-On,13
24-03-2025,Sneakers,40
24-03-2025,Sneakers Anak,34
24-03-2025,Tas Ransel,9
24-03-2025,Tas Selempang,13
24-03-2025,Totebag,113
24-03-2025,Tunic,182
24-03-2025,Vintage Top,151
24-03-2025,Wedges,28
25-03-2025,A-Line Dress,161
25-03-2025,Athleisure Set,66
25-03-2025,Blouse,415
25-03-2025,Bodycon Dress,73
25-03-2025,Boots,21
25-03-2025,Bucket Bag,11
25-03-2025,Bustong,15
25-03-2025,Cardigan,157
25-03-2025,Casual,52
25-03-2025,Casual Top,186
25-03-2025,Celana Anak,139
25-03-2025,Celana Formal,423
25-03-2025,Celana Jeans,706
25-03-2025,Chic Top,147
25-03-2025,Clutch,102
25-03-2025,Crop Shirt,219
25-03-2025,Culottes,236
25-03-2025,Dress Anak,154
25-03-2025,Flat Shoes,30
25-03-2025,Gladiator,31
25-03-2025,Handbag,2
25-03-2025,Heels,34
25-03-2025,High-Waist Pants,217
25-03-2025,Hoodie,316
25-03-2025,Jaket,300
25-03-2025,Kaos,577
25-03-2025,Kaos Anak,149
25-03-2025,Kaos Kaki,127
25-03-2025,Kemeja,428
25-03-2025,Kemeja Wanita,254
25-03-2025,Koper Besar,4
25-03-2025,Koper Kecil,1
25-03-2025,Koper Sedang,1
25-03-2025,Loafers,7
25-03-2025,Maxi Dress,146
25-03-2025,Mocasin,34
25-03-2025,Moccasin,20
25-03-2025,Mules,34
25-03-2025,Oxford Shoes,16
25-03-2025,Palazzo Pants,290
25-03-2025,Pantofel,29
25-03-2025,Pleated Pants,230
25-03-2025,Polo Shirt,314
25-03-2025,Sandal,40
25-03-2025,Sandal Anak,92
25-03-2025,Sepatu Formal,15
25-03-2025,Sepatu Sekolah,23
25-03-2025,Setelan Anak,121
25-03-2025,Shoulder Bag,84
25-03-2025,Skirt,314
25-03-2025,Sling Bag,15
25-03-2025,Slip Dress,178
25-03-2025,Slip-On,26
25-03-2025,Sneakers,59
25-03-2025,Sneakers Anak,23
25-03-2025,Tas Ransel,5
25-03-2025,Tas Selempang,25
25-03-2025,Totebag,81
25-03-2025,Tunic,165
25-03-2025,Vintage Top,133
25-03-2025,Wedges,42
26-03-2025,A-Line Dress,116
26-03-2025,Athleisure Set,44
26-03-2025,Blouse,342
26-03-2025,Bodycon Dress,56
26-03-2025,Boots,6
26-03-2025,Bucket Bag,6
26-03-2025,Bustong,17
26-03-2025,Cardigan,112
26-03-2025,Casual,52
26-03-2025,Casual Top,209
26-03-2025,Celana Anak,121
26-03-2025,Celana Formal,341
26-03-2025,Celana Jeans,517
26-03-2025,Chic Top,153
26-03-2025,Clutch,86
26-03-2025,Crop Shirt,185
26-03-2025,Culottes,207
26-03-2025,Dress Anak,125
26-03-2025,Flat Shoes,31
26-03-2025,Gladiator,24
26-03-2025,Handbag,5
26-03-2025,Heels,35
26-03-2025,High-Waist Pants,202
26-03-2025,Hoodie,240
26-03-2025,Jaket,271
26-03-2025,Kaos,467
26-03-2025,Kaos Anak,114
26-03-2025,Kaos Kaki,89
26-03-2025,Kemeja,348
26-03-2025,Kemeja Wanita,182
26-03-2025,Koper Kecil,1
26-03-2025,Koper Sedang,1
26-03-2025,Loafers,12
26-03-2025,Maxi Dress,139
26-03-2025,Mocasin,18
26-03-2025,Moccasin,20
26-03-2025,Mules,40
26-03-2025,Oxford Shoes,24
26-03-2025,Palazzo Pants,226
26-03-2025,Pantofel,16
26-03-2025,Pleated Pants,170
26-03-2025,Polo Shirt,250
26-03-2025,Sandal,43
26-03-2025,Sandal Anak,74
26-03-2025,Sepatu Formal,24
26-03-2025,Sepatu Sekolah,28
26-03-2025,Setelan Anak,125
26-03-2025,Shoulder Bag,60
26-03-2025,Skirt,290
26-03-2025,Sling Bag,2
26-03-2025,Slip Dress,160
26-03-2025,Slip-On,12
26-03-2025,Sneakers,45
26-03-2025,Sneakers Anak,25
26-03-2025,Tas Ransel,4
26-03-2025,Tas Selempang,1
26-03-2025,Totebag,71
26-03-2025,Tunic,120
26-03-2025,Vintage Top,174
26-03-2025,Wedges,21
27-03-2025,A-Line Dress,152
27-03-2025,Athleisure Set,49
27-03-2025,Blouse,395
27-03-2025,Bodycon Dress,45
27-03-2025,Boots,10
27-03-2025,Bucket Bag,5
27-03-2025,Bustong,14
27-03-2025,Cardigan,160
27-03-2025,Casual,56
27-03-2025,Casual Top,252
27-03-2025,Celana Anak,115
27-03-2025,Celana Formal,414
27-03-2025,Celana Jeans,569
27-03-2025,Chic Top,180
27-03-2025,Clutch,95
27-03-2025,Crop Shirt,240
27-03-2025,Culottes,226
27-03-2025,Dress Anak,126
27-03-2025,Flat Shoes,26
27-03-2025,Gladiator,30
27-03-2025,Handbag,8
27-03-2025,Heels,33
27-03-2025,High-Waist Pants,227
27-03-2025,Hoodie,257
27-03-2025,Jaket,265
27-03-2025,Kaos,483
27-03-2025,Kaos Anak,136
27-03-2025,Kaos Kaki,88
27-03-2025,Kemeja,439
27-03-2025,Kemeja Wanita,193
27-03-2025,Koper Kecil,1
27-03-2025,Koper Sedang,2
27-03-2025,Loafers,14
27-03-2025,Maxi Dress,154
27-03-2025,Mocasin,20
27-03-2025,Moccasin,11
27-03-2025,Mules,35
27-03-2025,Oxford Shoes,35
27-03-2025,Palazzo Pants,281
27-03-2025,Pantofel,41
27-03-2025,Pleated Pants,233
27-03-2025,Polo Shirt,275
27-03-2025,Sandal,54
27-03-2025,Sandal Anak,63
27-03-2025,Sepatu Formal,18
27-03-2025,Sepatu Sekolah,21
27-03-2025,Setelan Anak,120
27-03-2025,Shoulder Bag,78
27-03-2025,Skirt,329
27-03-2025,Sling Bag,4
27-03-2025,Slip Dress,158
27-03-2025,Slip-On,16
27-03-2025,Sneakers,39
27-03-2025,Sneakers Anak,40
27-03-2025,Tas Ransel,13
27-03-2025,Tas Selempang,15
27-03-2025,Totebag,105
27-03-2025,Tunic,140
27-03-2025,Vintage Top,178
27-03-2025,Wedges,36
28-03-2025,A-Line Dress,129
28-03-2025,Athleisure Set,40
28-03-2025,Blouse,268
28-03-2025,Bodycon Dress,63
28-03-2025,Boots,11
28-03-2025,Bucket Bag,7
28-03-2025,Bustong,17
28-03-2025,Cardigan,127
28-03-2025,Casual,46
28-03-2025,Casual Top,173
28-03-2025,Celana Anak,115
28-03-2025,Celana Formal,369
28-03-2025,Celana Jeans,493
28-03-2025,Chic Top,144
28-03-2025,Clutch,82
28-03-2025,Crop Shirt,191
28-03-2025,Culottes,180
28-03-2025,Dress Anak,107
28-03-2025,Flat Shoes,21
28-03-2025,Gladiator,18
28-03-2025,Heels,22
28-03-2025,High-Waist Pants,187
28-03-2025,Hoodie,208
28-03-2025,Jaket,274
28-03-2025,Kaos,452
28-03-2025,Kaos Anak,138
28-03-2025,Kaos Kaki,112
28-03-2025,Kemeja,355
28-03-2025,Kemeja Wanita,198
28-03-2025,Koper Besar,2
28-03-2025,Koper Sedang,2
28-03-2025,Loafers,20
28-03-2025,Maxi Dress,138
28-03-2025,Mocasin,29
28-03-2025,Moccasin,21
28-03-2025,Mules,20
28-03-2025,Oxford Shoes,16
28-03-2025,Palazzo Pants,251
28-03-2025,Pantofel,9
28-03-2025,Pleated Pants,207
28-03-2025,Polo Shirt,255
28-03-2025,Sandal,48
28-03-2025,Sandal Anak,78
28-03-2025,Sepatu Formal,8
28-03-2025,Sepatu Sekolah,20
28-03-2025,Setelan Anak,131
28-03-2025,Shoulder Bag,62
28-03-2025,Skirt,232
28-03-2025,Sling Bag,1
28-03-2025,Slip Dress,119
28-03-2025,Slip-On,15
28-03-2025,Sneakers,51
28-03-2025,Sneakers Anak,19
28-03-2025,Tas Ransel,2
28-03-2025,Tas Selempang,9
28-03-2025,Totebag,78
28-03-2025,Tunic,162
28-03-2025,Vintage Top,127
28-03-2025,Wedges,31
29-03-2025,A-Line Dress,188
29-03-2025,Athleisure Set,84
29-03-2025,Blouse,495
29-03-2025,Bodycon Dress,77
29-03-2025,Boots,33
29-03-2025,Bucket Bag,11
29-03-2025,Bustong,23
29-03-2025,Cardigan,199
29-03-2025,Casual,66
29-03-2025,Casual Top,333
29-03-2025,Celana Anak,191
29-03-2025,Celana Formal,535
29-03-2025,Celana Jeans,892
29-03-2025,Chic Top,212
29-03-2025,Clutch,119
29-03-2025,Crop Shirt,296
29-03-2025,Culottes,342
29-03-2025,Dress Anak,189
29-03-2025,Flat Shoes,46
29-03-2025,Gladiator,27
29-03-2025,Handbag,10
29-03-2025,Heels,25
29-03-2025,High-Waist Pants,321
29-03-2025,Hoodie,366
29-03-2025,Jaket,407
29-03-2025,Kaos,715
29-03-2025,Kaos Anak,227
29-03-2025,Kaos Kaki,135
29-03-2025,Kemeja,509
29-03-2025,Kemeja Wanita,313
29-03-2025,Koper Kecil,2
29-03-2025,Koper Sedang,2
29-03-2025,Loafers,19
29-03-2025,Maxi Dress,185
29-03-2025,Mocasin,47
29-03-2025,Moccasin,28
29-03-2025,Mules,49
29-03-2025,Oxford Shoes,17
29-03-2025,Palazzo Pants,418
29-03-2025,Pantofel,55
29-03-2025,Pleated Pants,316
29-03-2025,Polo Shirt,390
29-03-2025,Sandal,77
29-03-2025,Sandal Anak,125
29-03-2025,Sepatu Formal,33
29-03-2025,Sepatu Sekolah,51
29-03-2025,Setelan Anak,188
29-03-2025,Shoulder Bag,93
29-03-2025,Skirt,429
29-03-2025,Sling Bag,18
29-03-2025,Slip Dress,188
29-03-2025,Slip-On,18
29-03-2025,Sneakers,74
29-03-2025,Sneakers Anak,49
29-03-2025,Tas Ransel,17
29-03-2025,Tas Selempang,12
29-03-2025,Totebag,114
29-03-2025,Tunic,194
29-03-2025,Vintage Top,184
29-03-2025,Wedges,67
30-03-2025,A-Line Dress,177
30-03-2025,Athleisure Set,76
30-03-2025,Blouse,409
30-03-2025,Bodycon Dress,71
30-03-2025,Boots,26
30-03-2025,Bucket Bag,12
30-03-2025,Bustong,16
30-03-2025,Cardigan,194
30-03-2025,Casual,66
30-03-2025,Casual Top,281
30-03-2025,Celana Anak,146
30-03-2025,Celana Formal,488
30-03-2025,Celana Jeans,816
30-03-2025,Chic Top,173
30-03-2025,Clutch,140
30-03-2025,Crop Shirt,264
30-03-2025,Culottes,300
30-03-2025,Dress Anak,154
30-03-2025,Flat Shoes,42
30-03-2025,Gladiator,47
30-03-2025,Handbag,2
30-03-2025,Heels,42
30-03-2025,High-Waist Pants,274
30-03-2025,Hoodie,369
30-03-2025,Jaket,376
30-03-2025,Kaos,685
30-03-2025,Kaos Anak,166
30-03-2025,Kaos Kaki,101
30-03-2025,Kemeja,523
30-03-2025,Kemeja Wanita,296
30-03-2025,Koper Besar,1
30-03-2025,Koper Kecil,4
30-03-2025,Koper Sedang,4
30-03-2025,Loafers,12
30-03-2025,Maxi Dress,166
30-03-2025,Mocasin,39
30-03-2025,Moccasin,39
30-03-2025,Mules,34
30-03-2025,Oxford Shoes,36
30-03-2025,Palazzo Pants,362
30-03-2025,Pantofel,39
30-03-2025,Pleated Pants,301
30-03-2025,Polo Shirt,369
30-03-2025,Sandal,58
30-03-2025,Sandal Anak,110
30-03-2025,Sepatu Formal,20
30-03-2025,Sepatu Sekolah,23
30-03-2025,Setelan Anak,149
30-03-2025,Shoulder Bag,90
30-03-2025,Skirt,374
30-03-2025,Sling Bag,9
30-03-2025,Slip Dress,210
30-03-2025,Slip-On,19
30-03-2025,Sneakers,41
30-03-2025,Sneakers Anak,43
30-03-2025,Tas Ransel,8
30-03-2025,Tas Selempang,10
30-03-2025,Totebag,96
30-03-2025,Tunic,194
30-03-2025,Vintage Top,218
30-03-2025,Wedges,28
31-03-2025,A-Line Dress,201
31-03-2025,Athleisure Set,66
31-03-2025,Blouse,465
31-03-2025,Bodycon Dress,67
31-03-2025,Boots,27
31-03-2025,Bucket Bag,22
31-03-2025,Bustong,10
31-03-2025,Cardigan,183
31-03-2025,Casual,71
31-03-2025,Casual Top,270
31-03-2025,Celana Anak,181
31-03-2025,Celana Formal,456
31-03-2025,Celana Jeans,815
31-03-2025,Chic Top,188
31-03-2025,Clutch,112
31-03-2025,Crop Shirt,294
31-03-2025,Culottes,276
31-03-2025,Dress Anak,168
31-03-2025,Flat Shoes,42
31-03-2025,Gladiator,24
31-03-2025,Handbag,1
31-03-2025,Heels,34
31-03-2025,High-Waist Pants,243
31-03-2025,Hoodie,338
31-03-2025,Jaket,321
31-03-2025,Kaos,623
31-03-2025,Kaos Anak,162
31-03-2025,Kaos Kaki,129
31-03-2025,Kemeja,474
31-03-2025,Kemeja Wanita,242
31-03-2025,Koper Besar,2
31-03-2025,Koper Kecil,3
31-03-2025,Loafers,31
31-03-2025,Maxi Dress,174
31-03-2025,Mocasin,30
31-03-2025,Moccasin,24
31-03-2025,Mules,37
31-03-2025,Oxford Shoes,15
31-03-2025,Palazzo Pants,310
31-03-2025,Pantofel,37
31-03-2025,Pleated Pants,234
31-03-2025,Polo Shirt,327
31-03-2025,Sandal,62
31-03-2025,Sandal Anak,98
31-03-2025,Sepatu Formal,14
31-03-2025,Sepatu Sekolah,44
31-03-2025,Setelan Anak,159
31-03-2025,Shoulder Bag,89
31-03-2025,Skirt,355
31-03-2025,Sling Bag,14
31-03-2025,Slip Dress,187
31-03-2025,Slip-On,19
31-03-2025,Sneakers,53
31-03-2025,Sneakers Anak,29
31-03-2025,Tas Ransel,5
31-03-2025,Tas Selempang,1
31-03-2025,Totebag,105
31-03-2025,Tunic,204
31-03-2025,Vintage Top,162
31-03-2025,Wedges,35
01-04-2025,A-Line Dress,38
01-04-2025,Athleisure Set,10
01-04-2025,Blouse,26
01-04-2025,Bodycon Dress,16
01-04-2025,Boots,2
01-04-2025,Bucket Bag,3
01-04-2025,Bustong,1
01-04-2025,Cardigan,22
01-04-2025,Casual,14
01-04-2025,Casual Top,26
01-04-2025,Celana Anak,38
01-04-2025,Celana Formal,79
01-04-2025,Celana Jeans,125
01-04-2025,Chic Top,49
01-04-2025,Clutch,5
01-04-2025,Crop Shirt,34
01-04-2025,Culottes,37
01-04-2025,Dress Anak,31
01-04-2025,Flat Shoes,5
01-04-2025,Gladiator,8
01-04-2025,Heels,9
01-04-2025,High-Waist Pants,43
01-04-2025,Hoodie,63
01-04-2025,Jaket,58
01-04-2025,Kaos,74
01-04-2025,Kaos Anak,17
01-04-2025,Kaos Kaki,31
01-04-2025,Kemeja,41
01-04-2025,Kemeja Wanita,26
01-04-2025,Loafers,1
01-04-2025,Maxi Dress,18
01-04-2025,Mocasin,13
01-04-2025,Moccasin,3
01-04-2025,Mules,9
01-04-2025,Oxford Shoes,1
01-04-2025,Palazzo Pants,37
01-04-2025,Pantofel,1
01-04-2025,Pleated Pants,41
01-04-2025,Polo Shirt,58
01-04-2025,Sandal,5
01-04-2025,Sandal Anak,11
01-04-2025,Sepatu Formal,8
01-04-2025,Sepatu Sekolah,9
01-04-2025,Setelan Anak,26
01-04-2025,Shoulder Bag,17
01-04-2025,Skirt,39
01-04-2025,Sling Bag,8
01-04-2025,Slip Dress,33
01-04-2025,Slip-On,3
01-04-2025,Sneakers,9
01-04-2025,Sneakers Anak,9
01-04-2025,Tas Ransel,5
01-04-2025,Tas Selempang,2
01-04-2025,Totebag,10
01-04-2025,Tunic,25
01-04-2025,Vintage Top,33
02-04-2025,A-Line Dress,26
02-04-2025,Athleisure Set,9
02-04-2025,Blouse,38
02-04-2025,Bodycon Dress,7
02-04-2025,Boots,2
02-04-2025,Bustong,4
02-04-2025,Cardigan,22
02-04-2025,Casual,15
02-04-2025,Casual Top,34
02-04-2025,Celana Anak,21
02-04-2025,Celana Formal,81
02-04-2025,Celana Jeans,115
02-04-2025,Chic Top,35
02-04-2025,Clutch,28
02-04-2025,Crop Shirt,42
02-04-2025,Culottes,53
02-04-2025,Dress Anak,30
02-04-2025,Flat Shoes,8
02-04-2025,Gladiator,2
02-04-2025,Handbag,3
02-04-2025,Heels,8
02-04-2025,High-Waist Pants,69
02-04-2025,Hoodie,58
02-04-2025,Jaket,55
02-04-2025,Kaos,96
02-04-2025,Kaos Anak,39
02-04-2025,Kaos Kaki,21
02-04-2025,Kemeja,65
02-04-2025,Kemeja Wanita,31
02-04-2025,Loafers,3
02-04-2025,Maxi Dress,42
02-04-2025,Mocasin,4
02-04-2025,Moccasin,1
02-04-2025,Mules,5
02-04-2025,Oxford Shoes,5
02-04-2025,Palazzo Pants,37
02-04-2025,Pantofel,5
02-04-2025,Pleated Pants,35
02-04-2025,Polo Shirt,44
02-04-2025,Sandal,10
02-04-2025,Sandal Anak,1
02-04-2025,Sepatu Formal,8
02-04-2025,Sepatu Sekolah,7
02-04-2025,Setelan Anak,39
02-04-2025,Shoulder Bag,14
02-04-2025,Skirt,54
02-04-2025,Slip Dress,46
02-04-2025,Slip-On,6
02-04-2025,Sneakers,9
02-04-2025,Sneakers Anak,5
02-04-2025,Tas Ransel,2
02-04-2025,Tas Selempang,4
02-04-2025,Totebag,17
02-04-2025,Tunic,42
02-04-2025,Vintage Top,34
02-04-2025,Wedges,4
03-04-2025,A-Line Dress,33
03-04-2025,Athleisure Set,2
03-04-2025,Blouse,25
03-04-2025,Bodycon Dress,13
03-04-2025,Boots,6
03-04-2025,Bucket Bag,3
03-04-2025,Cardigan,19
03-04-2025,Casual,7
03-04-2025,Casual Top,39
03-04-2025,Celana Anak,41
03-04-2025,Celana Formal,84
03-04-2025,Celana Jeans,122
03-04-2025,Chic Top,28
03-04-2025,Clutch,17
03-04-2025,Crop Shirt,33
03-04-2025,Culottes,25
03-04-2025,Dress Anak,19
03-04-2025,Flat Shoes,8
03-04-2025,Gladiator,13
03-04-2025,Heels,5
03-04-2025,High-Waist Pants,34
03-04-2025,Hoodie,45
03-04-2025,Jaket,61
03-04-2025,Kaos,54
03-04-2025,Kaos Anak,34
03-04-2025,Kaos Kaki,31
03-04-2025,Kemeja,46
03-04-2025,Kemeja Wanita,33
03-04-2025,Loafers,12
03-04-2025,Maxi Dress,35
03-04-2025,Mocasin,5
03-04-2025,Moccasin,1
03-04-2025,Mules,5
03-04-2025,Oxford Shoes,2
03-04-2025,Palazzo Pants,48
03-04-2025,Pantofel,7
03-04-2025,Pleated Pants,31
03-04-2025,Polo Shirt,64
03-04-2025,Sandal,5
03-04-2025,Sandal Anak,3
03-04-2025,Sepatu Formal,6
03-04-2025,Sepatu Sekolah,4
03-04-2025,Setelan Anak,25
03-04-2025,Shoulder Bag,9
03-04-2025,Skirt,40
03-04-2025,Slip Dress,31
03-04-2025,Slip-On,9
03-04-2025,Sneakers,13
03-04-2025,Sneakers Anak,7
03-04-2025,Tas Ransel,1
03-04-2025,Tas Selempang,2
03-04-2025,Totebag,24
03-04-2025,Tunic,28
03-04-2025,Vintage Top,26
03-04-2025,Wedges,10
04-04-2025,A-Line Dress,45
04-04-2025,Athleisure Set,21
04-04-2025,Blouse,52
04-04-2025,Bodycon Dress,12
04-04-2025,Boots,8
04-04-2025,Bucket Bag,4
04-04-2025,Bustong,5
04-04-2025,Cardigan,44
04-04-2025,Casual,11
04-04-2025,Casual Top,45
04-04-2025,Celana Anak,32
04-04-2025,Celana Formal,68
04-04-2025,Celana Jeans,156
04-04-2025,Chic Top,37
04-04-2025,Clutch,26
04-04-2025,Crop Shirt,49
04-04-2025,Culottes,51
04-04-2025,Dress Anak,30
04-04-2025,Flat Shoes,6
04-04-2025,Gladiator,3
04-04-2025,Handbag,2
04-04-2025,Heels,12
04-04-2025,High-Waist Pants,51
04-04-2025,Hoodie,63
04-04-2025,Jaket,73
04-04-2025,Kaos,87
04-04-2025,Kaos Anak,55
04-04-2025,Kaos Kaki,15
04-04-2025,Kemeja,71
04-04-2025,Kemeja Wanita,40
04-04-2025,Koper Sedang,1
04-04-2025,Loafers,7
04-04-2025,Maxi Dress,58
04-04-2025,Mocasin,7
04-04-2025,Moccasin,6
04-04-2025,Mules,8
04-04-2025,Oxford Shoes,1
04-04-2025,Palazzo Pants,43
04-04-2025,Pantofel,3
04-04-2025,Pleated Pants,39
04-04-2025,Polo Shirt,70
04-04-2025,Sandal,18
04-04-2025,Sandal Anak,9
04-04-2025,Sepatu Formal,4
04-04-2025,Sepatu Sekolah,7
04-04-2025,Setelan Anak,46
04-04-2025,Shoulder Bag,35
04-04-2025,Skirt,63
04-04-2025,Slip Dress,46
04-04-2025,Slip-On,4
04-04-2025,Sneakers,9
04-04-2025,Sneakers Anak,8
04-04-2025,Tas Ransel,8
04-04-2025,Totebag,30
04-04-2025,Tunic,30
04-04-2025,Vintage Top,27
04-04-2025,Wedges,14
05-04-2025,A-Line Dress,45
05-04-2025,Athleisure Set,23
05-04-2025,Blouse,69
05-04-2025,Bodycon Dress,3
05-04-2025,Boots,2
05-04-2025,Bucket Bag,2
05-04-2025,Bustong,2
05-04-2025,Cardigan,47
05-04-2025,Casual,21
05-04-2025,Casual Top,37
05-04-2025,Celana Anak,46
05-04-2025,Celana Formal,139
05-04-2025,Celana Jeans,185
05-04-2025,Chic Top,61
05-04-2025,Clutch,24
05-04-2025,Crop Shirt,42
05-04-2025,Culottes,48
05-04-2025,Dress Anak,45
05-04-2025,Flat Shoes,9
05-04-2025,Gladiator,12
05-04-2025,Heels,7
05-04-2025,High-Waist Pants,60
05-04-2025,Hoodie,91
05-04-2025,Jaket,93
05-04-2025,Kaos,123
05-04-2025,Kaos Anak,44
05-04-2025,Kaos Kaki,41
05-04-2025,Kemeja,111
05-04-2025,Kemeja Wanita,49
05-04-2025,Koper Kecil,2
05-04-2025,Loafers,7
05-04-2025,Maxi Dress,53
05-04-2025,Mocasin,8
05-04-2025,Moccasin,5
05-04-2025,Mules,14
05-04-2025,Oxford Shoes,5
05-04-2025,Palazzo Pants,79
05-04-2025,Pantofel,17
05-04-2025,Pleated Pants,35
05-04-2025,Polo Shirt,107
05-04-2025,Sandal,19
05-04-2025,Sandal Anak,12
05-04-2025,Sepatu Formal,5
05-04-2025,Sepatu Sekolah,15
05-04-2025,Setelan Anak,64
05-04-2025,Shoulder Bag,18
05-04-2025,Skirt,72
05-04-2025,Sling Bag,2
05-04-2025,Slip Dress,66
05-04-2025,Slip-On,7
05-04-2025,Sneakers,18
05-04-2025,Sneakers Anak,4
05-04-2025,Tas Ransel,6
05-04-2025,Tas Selempang,2
05-04-2025,Totebag,18
05-04-2025,Tunic,34
05-04-2025,Vintage Top,42
05-04-2025,Wedges,3
06-04-2025,A-Line Dress,37
06-04-2025,Athleisure Set,14
06-04-2025,Blouse,45
06-04-2025,Bodycon Dress,18
06-04-2025,Boots,2
06-04-2025,Bustong,8
06-04-2025,Cardigan,24
06-04-2025,Casual,17
06-04-2025,Casual Top,59
06-04-2025,Celana Anak,48
06-04-2025,Celana Formal,102
06-04-2025,Celana Jeans,186
06-04-2025,Chic Top,69
06-04-2025,Clutch,17
06-04-2025,Crop Shirt,44
06-04-2025,Culottes,34
06-04-2025,Dress Anak,36
06-04-2025,Flat Shoes,8
06-04-2025,Gladiator,7
06-04-2025,Heels,6
06-04-2025,High-Waist Pants,54
06-04-2025,Hoodie,103
06-04-2025,Jaket,81
06-04-2025,Kaos,93
06-04-2025,Kaos Anak,40
06-04-2025,Kaos Kaki,26
06-04-2025,Kemeja,66
06-04-2025,Kemeja Wanita,45
06-04-2025,Koper Besar,1
06-04-2025,Koper Sedang,2
06-04-2025,Loafers,1
06-04-2025,Maxi Dress,53
06-04-2025,Mocasin,11
06-04-2025,Moccasin,8
06-04-2025,Mules,14
06-04-2025,Oxford Shoes,6
06-04-2025,Palazzo Pants,57
06-04-2025,Pantofel,3
06-04-2025,Pleated Pants,41
06-04-2025,Polo Shirt,84
06-04-2025,Sandal,6
06-04-2025,Sandal Anak,9
06-04-2025,Sepatu Formal,4
06-04-2025,Sepatu Sekolah,11
06-04-2025,Setelan Anak,57
06-04-2025,Shoulder Bag,15
06-04-2025,Skirt,82
06-04-2025,Sling Bag,2
06-04-2025,Slip Dress,42
06-04-2025,Slip-On,4
06-04-2025,Sneakers,16
06-04-2025,Sneakers Anak,7
06-04-2025,Tas Ransel,7
06-04-2025,Tas Selempang,5
06-04-2025,Totebag,18
06-04-2025,Tunic,38
06-04-2025,Vintage Top,42
06-04-2025,Wedges,8
07-04-2025,A-Line Dress,42
07-04-2025,Athleisure Set,18
07-04-2025,Blouse,39
07-04-2025,Bodycon Dress,19
07-04-2025,Boots,9
07-04-2025,Bucket Bag,2
07-04-2025,Bustong,6
07-04-2025,Cardigan,42
07-04-2025,Casual,13
07-04-2025,Casual Top,22
07-04-2025,Celana Anak,40
07-04-2025,Celana Formal,86
07-04-2025,Celana Jeans,128
07-04-2025,Chic Top,44
07-04-2025,Clutch,29
07-04-2025,Crop Shirt,47
07-04-2025,Culottes,47
07-04-2025,Dress Anak,40
07-04-2025,Flat Shoes,10
07-04-2025,Gladiator,9
07-04-2025,Heels,8
07-04-2025,High-Waist Pants,57
07-04-2025,Hoodie,77
07-04-2025,Jaket,71
07-04-2025,Kaos,105
07-04-2025,Kaos Anak,32
07-04-2025,Kaos Kaki,25
07-04-2025,Kemeja,68
07-04-2025,Kemeja Wanita,30
07-04-2025,Koper Besar,1
07-04-2025,Koper Kecil,1
07-04-2025,Koper Sedang,2
07-04-2025,Loafers,4
07-04-2025,Maxi Dress,45
07-04-2025,Mocasin,8
07-04-2025,Moccasin,3
07-04-2025,Mules,6
07-04-2025,Oxford Shoes,5
07-04-2025,Palazzo Pants,66
07-04-2025,Pantofel,3
07-04-2025,Pleated Pants,35
07-04-2025,Polo Shirt,91
07-04-2025,Sandal,13
07-04-2025,Sandal Anak,7
07-04-2025,Sepatu Formal,6
07-04-2025,Sepatu Sekolah,4
07-04-2025,Setelan Anak,25
07-04-2025,Shoulder Bag,17
07-04-2025,Skirt,60
07-04-2025,Slip Dress,38
07-04-2025,Slip-On,2
07-04-2025,Sneakers,11
07-04-2025,Sneakers Anak,10
07-04-2025,Tas Ransel,6
07-04-2025,Tas Selempang,2
07-04-2025,Totebag,19
07-04-2025,Tunic,28
07-04-2025,Vintage Top,36
07-04-2025,Wedges,3
08-04-2025,A-Line Dress,23
08-04-2025,Athleisure Set,4
08-04-2025,Blouse,37
08-04-2025,Bodycon Dress,10
08-04-2025,Boots,4
08-04-2025,Bucket Bag,2
08-04-2025,Bustong,1
08-04-2025,Cardigan,22
08-04-2025,Casual,7
08-04-2025,Casual Top,23
08-04-2025,Celana Anak,18
08-04-2025,Celana Formal,69
08-04-2025,Celana Jeans,80
08-04-2025,Chic Top,26
08-04-2025,Clutch,8
08-04-2025,Crop Shirt,21
08-04-2025,Culottes,18
08-04-2025,Dress Anak,25
08-04-2025,Flat Shoes,4
08-04-2025,Gladiator,3
08-04-2025,Handbag,1
08-04-2025,Heels,7
08-04-2025,High-Waist Pants,32
08-04-2025,Hoodie,31
08-04-2025,Jaket,48
08-04-2025,Kaos,65
08-04-2025,Kaos Anak,30
08-04-2025,Kaos Kaki,13
08-04-2025,Kemeja,51
08-04-2025,Kemeja Wanita,26
08-04-2025,Koper Besar,1
08-04-2025,Koper Kecil,1
08-04-2025,Koper Sedang,2
08-04-2025,Loafers,5
08-04-2025,Maxi Dress,24
08-04-2025,Mocasin,7
08-04-2025,Mules,6
08-04-2025,Oxford Shoes,2
08-04-2025,Palazzo Pants,29
08-04-2025,Pleated Pants,22
08-04-2025,Polo Shirt,50
08-04-2025,Sandal,11
08-04-2025,Sandal Anak,9
08-04-2025,Sepatu Formal,1
08-04-2025,Sepatu Sekolah,9
08-04-2025,Setelan Anak,30
08-04-2025,Shoulder Bag,10
08-04-2025,Skirt,39
08-04-2025,Slip Dress,12
08-04-2025,Sneakers,7
08-04-2025,Sneakers Anak,1
08-04-2025,Tas Ransel,1
08-04-2025,Totebag,12
08-04-2025,Tunic,16
08-04-2025,Vintage Top,15
09-04-2025,A-Line Dress,39
09-04-2025,Athleisure Set,3
09-04-2025,Blouse,22
09-04-2025,Bodycon Dress,8
09-04-2025,Boots,1
09-04-2025,Bucket Bag,2
09-04-2025,Bustong,3
09-04-2025,Cardigan,14
09-04-2025,Casual,6
09-04-2025,Casual Top,24
09-04-2025,Celana Anak,30
09-04-2025,Celana Formal,65
09-04-2025,Celana Jeans,90
09-04-2025,Chic Top,23
09-04-2025,Clutch,13
09-04-2025,Crop Shirt,14
09-04-2025,Culottes,33
09-04-2025,Dress Anak,26
09-04-2025,Flat Shoes,6
09-04-2025,Gladiator,6
09-04-2025,Heels,4
09-04-2025,High-Waist Pants,27
09-04-2025,Hoodie,34
09-04-2025,Jaket,29
09-04-2025,Kaos,55
09-04-2025,Kaos Anak,23
09-04-2025,Kaos Kaki,14
09-04-2025,Kemeja,41
09-04-2025,Kemeja Wanita,29
09-04-2025,Koper Besar,2
09-04-2025,Loafers,2
09-04-2025,Maxi Dress,16
09-04-2025,Mocasin,3
09-04-2025,Moccasin,1
09-04-2025,Mules,6
09-04-2025,Oxford Shoes,1
09-04-2025,Palazzo Pants,27
09-04-2025,Pantofel,1
09-04-2025,Pleated Pants,29
09-04-2025,Polo Shirt,53
09-04-2025,Sandal,3
09-04-2025,Sandal Anak,4
09-04-2025,Sepatu Formal,1
09-04-2025,Sepatu Sekolah,4
09-04-2025,Setelan Anak,29
09-04-2025,Shoulder Bag,19
09-04-2025,Skirt,34
09-04-2025,Sling Bag,3
09-04-2025,Slip Dress,24
09-04-2025,Slip-On,2
09-04-2025,Sneakers,9
09-04-2025,Sneakers Anak,2
09-04-2025,Tas Selempang,2
09-04-2025,Totebag,13
09-04-2025,Tunic,21
09-04-2025,Vintage Top,20
09-04-2025,Wedges,1
10-04-2025,A-Line Dress,27
10-04-2025,Athleisure Set,8
10-04-2025,Blouse,24
10-04-2025,Bodycon Dress,11
10-04-2025,Bucket Bag,1
10-04-2025,Bustong,6
10-04-2025,Cardigan,36
10-04-2025,Casual,9
10-04-2025,Casual Top,27
10-04-2025,Celana Anak,35
10-04-2025,Celana Formal,69
10-04-2025,Celana Jeans,107
10-04-2025,Chic Top,38
10-04-2025,Clutch,26
10-04-2025,Crop Shirt,25
10-04-2025,Culottes,29
10-04-2025,Dress Anak,33
10-04-2025,Flat Shoes,11
10-04-2025,Gladiator,9
10-04-2025,Heels,3
10-04-2025,High-Waist Pants,51
10-04-2025,Hoodie,53
10-04-2025,Jaket,54
10-04-2025,Kaos,67
10-04-2025,Kaos Anak,21
10-04-2025,Kaos Kaki,15
10-04-2025,Kemeja,46
10-04-2025,Kemeja Wanita,40
10-04-2025,Koper Besar,1
10-04-2025,Koper Sedang,1
10-04-2025,Loafers,3
10-04-2025,Maxi Dress,26
10-04-2025,Mocasin,5
10-04-2025,Moccasin,3
10-04-2025,Mules,11
10-04-2025,Oxford Shoes,2
10-04-2025,Palazzo Pants,56
10-04-2025,Pantofel,3
10-04-2025,Pleated Pants,29
10-04-2025,Polo Shirt,59
10-04-2025,Sandal,11
10-04-2025,Sandal Anak,6
10-04-2025,Sepatu Sekolah,7
10-04-2025,Setelan Anak,34
10-04-2025,Shoulder Bag,15
10-04-2025,Skirt,29
10-04-2025,Slip Dress,41
10-04-2025,Slip-On,4
10-04-2025,Sneakers,4
10-04-2025,Sneakers Anak,5
10-04-2025,Totebag,16
10-04-2025,Tunic,37
10-04-2025,Vintage Top,43
10-04-2025,Wedges,6
11-04-2025,A-Line Dress,37
11-04-2025,Athleisure Set,10
11-04-2025,Blouse,24
11-04-2025,Bodycon Dress,11
11-04-2025,Boots,2
11-04-2025,Bucket Bag,5
11-04-2025,Bustong,3
11-04-2025,Cardigan,24
11-04-2025,Casual,7
11-04-2025,Casual Top,37
11-04-2025,Celana Anak,26
11-04-2025,Celana Formal,79
11-04-2025,Celana Jeans,87
11-04-2025,Chic Top,37
11-04-2025,Clutch,9
11-04-2025,Crop Shirt,24
11-04-2025,Culottes,30
11-04-2025,Dress Anak,37
11-04-2025,Flat Shoes,4
11-04-2025,Gladiator,7
11-04-2025,Heels,6
11-04-2025,High-Waist Pants,52
11-04-2025,Hoodie,62
11-04-2025,Jaket,43
11-04-2025,Kaos,65
11-04-2025,Kaos Anak,41
11-04-2025,Kaos Kaki,30
11-04-2025,Kemeja,58
11-04-2025,Kemeja Wanita,36
11-04-2025,Koper Sedang,1
11-04-2025,Loafers,3
11-04-2025,Maxi Dress,27
11-04-2025,Mocasin,8
11-04-2025,Moccasin,4
11-04-2025,Mules,10
11-04-2025,Oxford Shoes,1
11-04-2025,Palazzo Pants,42
11-04-2025,Pantofel,1
11-04-2025,Pleated Pants,35
11-04-2025,Polo Shirt,38
11-04-2025,Sandal,8
11-04-2025,Sandal Anak,9
11-04-2025,Sepatu Formal,3
11-04-2025,Sepatu Sekolah,15
11-04-2025,Setelan Anak,32
11-04-2025,Shoulder Bag,19
11-04-2025,Skirt,41
11-04-2025,Sling Bag,6
11-04-2025,Slip Dress,32
11-04-2025,Sneakers,12
11-04-2025,Sneakers Anak,2
11-04-2025,Tas Ransel,3
11-04-2025,Tas Selempang,3
11-04-2025,Totebag,16
11-04-2025,Tunic,34
11-04-2025,Vintage Top,31
11-04-2025,Wedges,5
12-04-2025,A-Line Dress,45
12-04-2025,Athleisure Set,9
12-04-2025,Blouse,43
12-04-2025,Bodycon Dress,22
12-04-2025,Boots,4
12-04-2025,Bucket Bag,2
12-04-2025,Bustong,1
12-04-2025,Cardigan,61
12-04-2025,Casual,10
12-04-2025,Casual Top,33
12-04-2025,Celana Anak,32
12-04-2025,Celana Formal,119
12-04-2025,Celana Jeans,145
12-04-2025,Chic Top,38
12-04-2025,Clutch,21
12-04-2025,Crop Shirt,48
12-04-2025,Culottes,29
12-04-2025,Dress Anak,38
12-04-2025,Flat Shoes,11
12-04-2025,Gladiator,12
12-04-2025,Handbag,2
12-04-2025,Heels,4
12-04-2025,High-Waist Pants,50
12-04-2025,Hoodie,67
12-04-2025,Jaket,73
12-04-2025,Kaos,89
12-04-2025,Kaos Anak,36
12-04-2025,Kaos Kaki,23
12-04-2025,Kemeja,75
12-04-2025,Kemeja Wanita,39
12-04-2025,Koper Sedang,1
12-04-2025,Loafers,4
12-04-2025,Maxi Dress,32
12-04-2025,Mocasin,7
12-04-2025,Moccasin,10
12-04-2025,Mules,6
12-04-2025,Oxford Shoes,12
12-04-2025,Palazzo Pants,57
12-04-2025,Pantofel,10
12-04-2025,Pleated Pants,47
12-04-2025,Polo Shirt,64
12-04-2025,Sandal,11
12-04-2025,Sandal Anak,7
12-04-2025,Sepatu Formal,7
12-04-2025,Sepatu Sekolah,8
12-04-2025,Setelan Anak,46
12-04-2025,Shoulder Bag,27
12-04-2025,Skirt,65
12-04-2025,Sling Bag,2
12-04-2025,Slip Dress,42
12-04-2025,Slip-On,5
12-04-2025,Sneakers,2
12-04-2025,Sneakers Anak,8
12-04-2025,Tas Ransel,5
12-04-2025,Totebag,17
12-04-2025,Tunic,38
12-04-2025,Vintage Top,44
12-04-2025,Wedges,9
13-04-2025,A-Line Dress,26
13-04-2025,Athleisure Set,7
13-04-2025,Blouse,48
13-04-2025,Bodycon Dress,13
13-04-2025,Boots,1
13-04-2025,Bucket Bag,5
13-04-2025,Bustong,2
13-04-2025,Cardigan,13
13-04-2025,Casual,7
13-04-2025,Casual Top,38
13-04-2025,Celana Anak,23
13-04-2025,Celana Formal,76
13-04-2025,Celana Jeans,140
13-04-2025,Chic Top,23
13-04-2025,Clutch,13
13-04-2025,Crop Shirt,47
13-04-2025,Culottes,26
13-04-2025,Dress Anak,30
13-04-2025,Flat Shoes,4
13-04-2025,Gladiator,5
13-04-2025,Heels,4
13-04-2025,High-Waist Pants,41
13-04-2025,Hoodie,65
13-04-2025,Jaket,74
13-04-2025,Kaos,81
13-04-2025,Kaos Anak,21
13-04-2025,Kaos Kaki,31
13-04-2025,Kemeja,64
13-04-2025,Kemeja Wanita,33
13-04-2025,Koper Kecil,1
13-04-2025,Koper Sedang,1
13-04-2025,Loafers,2
13-04-2025,Maxi Dress,30
13-04-2025,Mocasin,3
13-04-2025,Moccasin,10
13-04-2025,Mules,12
13-04-2025,Oxford Shoes,4
13-04-2025,Palazzo Pants,34
13-04-2025,Pantofel,8
13-04-2025,Pleated Pants,39
13-04-2025,Polo Shirt,70
13-04-2025,Sandal,5
13-04-2025,Sandal Anak,8
13-04-2025,Sepatu Formal,4
13-04-2025,Sepatu Sekolah,5
13-04-2025,Setelan Anak,32
13-04-2025,Shoulder Bag,4
13-04-2025,Skirt,43
13-04-2025,Sling Bag,1
13-04-2025,Slip Dress,37
13-04-2025,Slip-On,3
13-04-2025,Sneakers,6
13-04-2025,Sneakers Anak,7
13-04-2025,Totebag,10
13-04-2025,Tunic,20
13-04-2025,Vintage Top,36
13-04-2025,Wedges,6
14-04-2025,A-Line Dress,40
14-04-2025,Athleisure Set,5
14-04-2025,Blouse,27
14-04-2025,Bodycon Dress,6
14-04-2025,Bucket Bag,2
14-04-2025,Bustong,4
14-04-2025,Cardigan,20
14-04-2025,Casual,5
14-04-2025,Casual Top,27
14-04-2025,Celana Anak,18
14-04-2025,Celana Formal,52
14-04-2025,Celana Jeans,104
14-04-2025,Chic Top,24
14-04-2025,Clutch,17
14-04-2025,Crop Shirt,16
14-04-2025,Culottes,21
14-04-2025,Dress Anak,22
14-04-2025,Flat Shoes,4
14-04-2025,Gladiator,5
14-04-2025,Heels,7
14-04-2025,High-Waist Pants,23
14-04-2025,Hoodie,25
14-04-2025,Jaket,36
14-04-2025,Kaos,58
14-04-2025,Kaos Anak,30
14-04-2025,Kaos Kaki,17
14-04-2025,Kemeja,44
14-04-2025,Kemeja Wanita,17
14-04-2025,Loafers,1
14-04-2025,Maxi Dress,16
14-04-2025,Mocasin,2
14-04-2025,Moccasin,1
14-04-2025,Mules,5
14-04-2025,Oxford Shoes,1
14-04-2025,Palazzo Pants,39
14-04-2025,Pantofel,5
14-04-2025,Pleated Pants,30
14-04-2025,Polo Shirt,51
14-04-2025,Sandal,6
14-04-2025,Sandal Anak,6
14-04-2025,Sepatu Formal,1
14-04-2025,Sepatu Sekolah,6
14-04-2025,Setelan Anak,32
14-04-2025,Shoulder Bag,8
14-04-2025,Skirt,36
14-04-2025,Sling Bag,2
14-04-2025,Slip Dress,26
14-04-2025,Slip-On,1
14-04-2025,Sneakers,11
14-04-2025,Sneakers Anak,8
14-04-2025,Tas Ransel,2
14-04-2025,Tas Selempang,4
14-04-2025,Totebag,9
14-04-2025,Tunic,15
14-04-2025,Vintage Top,15
14-04-2025,Wedges,4
15-04-2025,A-Line Dress,22
15-04-2025,Athleisure Set,9
15-04-2025,Blouse,35
15-04-2025,Bodycon Dress,9
15-04-2025,Boots,8
15-04-2025,Bucket Bag,2
15-04-2025,Bustong,4
15-04-2025,Cardigan,19
15-04-2025,Casual,9
15-04-2025,Casual Top,31
15-04-2025,Celana Anak,26
15-04-2025,Celana Formal,57
15-04-2025,Celana Jeans,89
15-04-2025,Chic Top,18
15-04-2025,Clutch,20
15-04-2025,Crop Shirt,37
15-04-2025,Culottes,32
15-04-2025,Dress Anak,29
15-04-2025,Flat Shoes,8
15-04-2025,Gladiator,6
15-04-2025,Heels,3
15-04-2025,High-Waist Pants,49
15-04-2025,Hoodie,47
15-04-2025,Jaket,44
15-04-2025,Kaos,73
15-04-2025,Kaos Anak,26
15-04-2025,Kaos Kaki,23
15-04-2025,Kemeja,58
15-04-2025,Kemeja Wanita,30
15-04-2025,Loafers,2
15-04-2025,Maxi Dress,25
15-04-2025,Mocasin,8
15-04-2025,Moccasin,3
15-04-2025,Mules,8
15-04-2025,Oxford Shoes,3
15-04-2025,Palazzo Pants,40
15-04-2025,Pantofel,13
15-04-2025,Pleated Pants,22
15-04-2025,Polo Shirt,37
15-04-2025,Sandal,13
15-04-2025,Sandal Anak,4
15-04-2025,Sepatu Formal,10
15-04-2025,Sepatu Sekolah,14
15-04-2025,Setelan Anak,32
15-04-2025,Shoulder Bag,9
15-04-2025,Skirt,47
15-04-2025,Slip Dress,26
15-04-2025,Slip-On,3
15-04-2025,Sneakers,5
15-04-2025,Sneakers Anak,16
15-04-2025,Tas Ransel,3
15-04-2025,Tas Selempang,2
15-04-2025,Totebag,6
15-04-2025,Tunic,24
15-04-2025,Vintage Top,39
15-04-2025,Wedges,4
16-04-2025,A-Line Dress,24
16-04-2025,Athleisure Set,12
16-04-2025,Blouse,28
16-04-2025,Bodycon Dress,7
16-04-2025,Boots,3
16-04-2025,Bucket Bag,3
16-04-2025,Bustong,2
16-04-2025,Cardigan,42
16-04-2025,Casual,8
16-04-2025,Casual Top,34
16-04-2025,Celana Anak,25
16-04-2025,Celana Formal,87
16-04-2025,Celana Jeans,100
16-04-2025,Chic Top,40
16-04-2025,Clutch,17
16-04-2025,Crop Shirt,32
16-04-2025,Culottes,39
16-04-2025,Dress Anak,36
16-04-2025,Flat Shoes,5
16-04-2025,Gladiator,2
16-04-2025,Heels,3
16-04-2025,High-Waist Pants,35
16-04-2025,Hoodie,47
16-04-2025,Jaket,58
16-04-2025,Kaos,86
16-04-2025,Kaos Anak,31
16-04-2025,Kaos Kaki,13
16-04-2025,Kemeja,79
16-04-2025,Kemeja Wanita,33
16-04-2025,Koper Besar,1
16-04-2025,Koper Kecil,2
16-04-2025,Loafers,3
16-04-2025,Maxi Dress,30
16-04-2025,Mocasin,6
16-04-2025,Moccasin,2
16-04-2025,Mules,5
16-04-2025,Oxford Shoes,4
16-04-2025,Palazzo Pants,38
16-04-2025,Pantofel,2
16-04-2025,Pleated Pants,46
16-04-2025,Polo Shirt,53
16-04-2025,Sandal,2
16-04-2025,Sandal Anak,4
16-04-2025,Sepatu Formal,3
16-04-2025,Sepatu Sekolah,5
16-04-2025,Setelan Anak,28
16-04-2025,Shoulder Bag,13
16-04-2025,Skirt,54
16-04-2025,Slip Dress,27
16-04-2025,Slip-On,2
16-04-2025,Sneakers,13
16-04-2025,Sneakers Anak,5
16-04-2025,Tas Selempang,4
16-04-2025,Totebag,10
16-04-2025,Tunic,22
16-04-2025,Vintage Top,33
16-04-2025,Wedges,10
17-04-2025,A-Line Dress,32
17-04-2025,Athleisure Set,18
17-04-2025,Blouse,23
17-04-2025,Bodycon Dress,7
17-04-2025,Boots,1
17-04-2025,Bustong,1
17-04-2025,Cardigan,47
17-04-2025,Casual,3
17-04-2025,Casual Top,29
17-04-2025,Celana Anak,24
17-04-2025,Celana Formal,58
17-04-2025,Celana Jeans,111
17-04-2025,Chic Top,30
17-04-2025,Clutch,9
17-04-2025,Crop Shirt,21
17-04-2025,Culottes,27
17-04-2025,Dress Anak,21
17-04-2025,Flat Shoes,6
17-04-2025,Gladiator,6
17-04-2025,Handbag,2
17-04-2025,Heels,5
17-04-2025,High-Waist Pants,24
17-04-2025,Hoodie,69
17-04-2025,Jaket,35
17-04-2025,Kaos,50
17-04-2025,Kaos Anak,40
17-04-2025,Kaos Kaki,15
17-04-2025,Kemeja,36
17-04-2025,Kemeja Wanita,31
17-04-2025,Loafers,2
17-04-2025,Maxi Dress,33
17-04-2025,Mocasin,8
17-04-2025,Moccasin,1
17-04-2025,Mules,2
17-04-2025,Palazzo Pants,21
17-04-2025,Pantofel,5
17-04-2025,Pleated Pants,28
17-04-2025,Polo Shirt,36
17-04-2025,Sandal,14
17-04-2025,Sandal Anak,1
17-04-2025,Sepatu Formal,3
17-04-2025,Sepatu Sekolah,10
17-04-2025,Setelan Anak,31
17-04-2025,Shoulder Bag,14
17-04-2025,Skirt,41
17-04-2025,Sling Bag,3
17-04-2025,Slip Dress,19
17-04-2025,Slip-On,3
17-04-2025,Sneakers,12
17-04-2025,Sneakers Anak,5
17-04-2025,Tas Ransel,2
17-04-2025,Tas Selempang,5
17-04-2025,Totebag,14
17-04-2025,Tunic,17
17-04-2025,Vintage Top,24
17-04-2025,Wedges,2
18-04-2025,A-Line Dress,24
18-04-2025,Athleisure Set,4
18-04-2025,Blouse,22
18-04-2025,Bodycon Dress,6
18-04-2025,Boots,2
18-04-2025,Bucket Bag,2
18-04-2025,Cardigan,24
18-04-2025,Casual,13
18-04-2025,Casual Top,25
18-04-2025,Celana Anak,20
18-04-2025,Celana Formal,68
18-04-2025,Celana Jeans,113
18-04-2025,Chic Top,27
18-04-2025,Clutch,14
18-04-2025,Crop Shirt,34
18-04-2025,Culottes,25
18-04-2025,Dress Anak,23
18-04-2025,Flat Shoes,1
18-04-2025,Gladiator,7
18-04-2025,Heels,7
18-04-2025,High-Waist Pants,40
18-04-2025,Hoodie,51
18-04-2025,Jaket,46
18-04-2025,Kaos,79
18-04-2025,Kaos Anak,33
18-04-2025,Kaos Kaki,14
18-04-2025,Kemeja,46
18-04-2025,Kemeja Wanita,23
18-04-2025,Maxi Dress,21
18-04-2025,Mocasin,6
18-04-2025,Mules,8
18-04-2025,Oxford Shoes,4
18-04-2025,Palazzo Pants,34
18-04-2025,Pantofel,3
18-04-2025,Pleated Pants,26
18-04-2025,Polo Shirt,52
18-04-2025,Sandal,8
18-04-2025,Sandal Anak,2
18-04-2025,Sepatu Formal,3
18-04-2025,Sepatu Sekolah,15
18-04-2025,Setelan Anak,32
18-04-2025,Shoulder Bag,9
18-04-2025,Skirt,40
18-04-2025,Sling Bag,2
18-04-2025,Slip Dress,35
18-04-2025,Sneakers,2
18-04-2025,Sneakers Anak,12
18-04-2025,Tas Ransel,5
18-04-2025,Tas Selempang,1
18-04-2025,Totebag,7
18-04-2025,Tunic,26
18-04-2025,Vintage Top,18
18-04-2025,Wedges,5
19-04-2025,A-Line Dress,38
19-04-2025,Athleisure Set,15
19-04-2025,Blouse,40
19-04-2025,Bodycon Dress,10
19-04-2025,Boots,4
19-04-2025,Bucket Bag,3
19-04-2025,Bustong,2
19-04-2025,Cardigan,30
19-04-2025,Casual,14
19-04-2025,Casual Top,41
19-04-2025,Celana Anak,43
19-04-2025,Celana Formal,112
19-04-2025,Celana Jeans,166
19-04-2025,Chic Top,35
19-04-2025,Clutch,21
19-04-2025,Crop Shirt,53
19-04-2025,Culottes,38
19-04-2025,Dress Anak,44
19-04-2025,Flat Shoes,6
19-04-2025,Gladiator,17
19-04-2025,Handbag,1
19-04-2025,Heels,3
19-04-2025,High-Waist Pants,63
19-04-2025,Hoodie,68
19-04-2025,Jaket,86
19-04-2025,Kaos,122
19-04-2025,Kaos Anak,50
19-04-2025,Kaos Kaki,31
19-04-2025,Kemeja,82
19-04-2025,Kemeja Wanita,38
19-04-2025,Koper Sedang,1
19-04-2025,Loafers,7
19-04-2025,Maxi Dress,24
19-04-2025,Mocasin,13
19-04-2025,Moccasin,4
19-04-2025,Mules,5
19-04-2025,Oxford Shoes,5
19-04-2025,Palazzo Pants,62
19-04-2025,Pantofel,12
19-04-2025,Pleated Pants,45
19-04-2025,Polo Shirt,88
19-04-2025,Sandal,18
19-04-2025,Sandal Anak,11
19-04-2025,Sepatu Formal,3
19-04-2025,Sepatu Sekolah,11
19-04-2025,Setelan Anak,31
19-04-2025,Shoulder Bag,6
19-04-2025,Skirt,62
19-04-2025,Sling Bag,1
19-04-2025,Slip Dress,26
19-04-2025,Slip-On,2
19-04-2025,Sneakers,23
19-04-2025,Sneakers Anak,11
19-04-2025,Tas Ransel,1
19-04-2025,Tas Selempang,4
19-04-2025,Totebag,11
19-04-2025,Tunic,36
19-04-2025,Vintage Top,54
19-04-2025,Wedges,8
20-04-2025,A-Line Dress,29
20-04-2025,Athleisure Set,12
20-04-2025,Blouse,35
20-04-2025,Bodycon Dress,10
20-04-2025,Boots,6
20-04-2025,Bucket Bag,2
20-04-2025,Bustong,2
20-04-2025,Cardigan,55
20-04-2025,Casual,9
20-04-2025,Casual Top,35
20-04-2025,Celana Anak,43
20-04-2025,Celana Formal,103
20-04-2025,Celana Jeans,147
20-04-2025,Chic Top,45
20-04-2025,Clutch,12
20-04-2025,Crop Shirt,50
20-04-2025,Culottes,39
20-04-2025,Dress Anak,36
20-04-2025,Flat Shoes,4
20-04-2025,Gladiator,6
20-04-2025,Handbag,1
20-04-2025,Heels,6
20-04-2025,High-Waist Pants,54
20-04-2025,Hoodie,69
20-04-2025,Jaket,59
20-04-2025,Kaos,87
20-04-2025,Kaos Anak,46
20-04-2025,Kaos Kaki,22
20-04-2025,Kemeja,63
20-04-2025,Kemeja Wanita,40
20-04-2025,Koper Kecil,1
20-04-2025,Loafers,4
20-04-2025,Maxi Dress,36
20-04-2025,Mocasin,8
20-04-2025,Moccasin,3
20-04-2025,Mules,6
20-04-2025,Oxford Shoes,1
20-04-2025,Palazzo Pants,45
20-04-2025,Pantofel,2
20-04-2025,Pleated Pants,49
20-04-2025,Polo Shirt,79
20-04-2025,Sandal,9
20-04-2025,Sandal Anak,3
20-04-2025,Sepatu Formal,4
20-04-2025,Sepatu Sekolah,9
20-04-2025,Setelan Anak,34
20-04-2025,Shoulder Bag,15
20-04-2025,Skirt,62
20-04-2025,Slip Dress,48
20-04-2025,Slip-On,6
20-04-2025,Sneakers,7
20-04-2025,Sneakers Anak,8
20-04-2025,Tas Ransel,6
20-04-2025,Tas Selempang,2
20-04-2025,Totebag,15
20-04-2025,Tunic,53
20-04-2025,Vintage Top,35
20-04-2025,Wedges,10
21-04-2025,A-Line Dress,29
21-04-2025,Athleisure Set,7
21-04-2025,Blouse,24
21-04-2025,Bodycon Dress,16
21-04-2025,Boots,1
21-04-2025,Cardigan,20
21-04-2025,Casual,10
21-04-2025,Casual Top,21
21-04-2025,Celana Anak,27
21-04-2025,Celana Formal,66
21-04-2025,Celana Jeans,122
21-04-2025,Chic Top,23
21-04-2025,Clutch,17
21-04-2025,Crop Shirt,42
21-04-2025,Culottes,36
21-04-2025,Dress Anak,28
21-04-2025,Flat Shoes,3
21-04-2025,Gladiator,3
21-04-2025,Heels,5
21-04-2025,High-Waist Pants,42
21-04-2025,Hoodie,69
21-04-2025,Jaket,46
21-04-2025,Kaos,74
21-04-2025,Kaos Anak,29
21-04-2025,Kaos Kaki,15
21-04-2025,Kemeja,50
21-04-2025,Kemeja Wanita,46
21-04-2025,Koper Besar,1
21-04-2025,Loafers,3
21-04-2025,Maxi Dress,29
21-04-2025,Mocasin,3
21-04-2025,Moccasin,4
21-04-2025,Mules,6
21-04-2025,Oxford Shoes,2
21-04-2025,Palazzo Pants,41
21-04-2025,Pantofel,5
21-04-2025,Pleated Pants,30
21-04-2025,Polo Shirt,40
21-04-2025,Sandal,7
21-04-2025,Sandal Anak,6
21-04-2025,Sepatu Formal,2
21-04-2025,Sepatu Sekolah,9
21-04-2025,Setelan Anak,22
21-04-2025,Shoulder Bag,12
21-04-2025,Skirt,28
21-04-2025,Slip Dress,29
21-04-2025,Slip-On,7
21-04-2025,Sneakers,12
21-04-2025,Sneakers Anak,9
21-04-2025,Tas Ransel,1
21-04-2025,Tas Selempang,2
21-04-2025,Totebag,9
21-04-2025,Tunic,40
21-04-2025,Vintage Top,37
21-04-2025,Wedges,5
22-04-2025,A-Line Dress,21
22-04-2025,Athleisure Set,7
22-04-2025,Blouse,16
22-04-2025,Bodycon Dress,4
22-04-2025,Boots,1
22-04-2025,Bucket Bag,2
22-04-2025,Bustong,2
22-04-2025,Cardigan,27
22-04-2025,Casual,11
22-04-2025,Casual Top,28
22-04-2025,Celana Anak,14
22-04-2025,Celana Formal,60
22-04-2025,Celana Jeans,87
22-04-2025,Chic Top,19
22-04-2025,Clutch,13
22-04-2025,Crop Shirt,18
22-04-2025,Culottes,25
22-04-2025,Dress Anak,18
22-04-2025,Flat Shoes,1
22-04-2025,Gladiator,2
22-04-2025,Handbag,2
22-04-2025,High-Waist Pants,27
22-04-2025,Hoodie,31
22-04-2025,Jaket,25
22-04-2025,Kaos,60
22-04-2025,Kaos Anak,15
22-04-2025,Kaos Kaki,12
22-04-2025,Kemeja,41
22-04-2025,Kemeja Wanita,19
22-04-2025,Koper Besar,1
22-04-2025,Koper Kecil,1
22-04-2025,Loafers,6
22-04-2025,Maxi Dress,33
22-04-2025,Mocasin,6
22-04-2025,Moccasin,3
22-04-2025,Mules,5
22-04-2025,Oxford Shoes,1
22-04-2025,Palazzo Pants,28
22-04-2025,Pantofel,3
22-04-2025,Pleated Pants,25
22-04-2025,Polo Shirt,34
22-04-2025,Sandal,3
22-04-2025,Sandal Anak,2
22-04-2025,Sepatu Formal,1
22-04-2025,Sepatu Sekolah,6
22-04-2025,Setelan Anak,32
22-04-2025,Shoulder Bag,4
22-04-2025,Skirt,19
22-04-2025,Sling Bag,1
22-04-2025,Slip Dress,25
22-04-2025,Slip-On,2
22-04-2025,Sneakers,3
22-04-2025,Sneakers Anak,3
22-04-2025,Tas Selempang,2
22-04-2025,Totebag,12
22-04-2025,Tunic,19
22-04-2025,Vintage Top,30
22-04-2025,Wedges,7
23-04-2025,A-Line Dress,23
23-04-2025,Athleisure Set,8
23-04-2025,Blouse,18
23-04-2025,Bodycon Dress,13
23-04-2025,Boots,1
23-04-2025,Bucket Bag,2
23-04-2025,Cardigan,15
23-04-2025,Casual,1
23-04-2025,Casual Top,13
23-04-2025,Celana Anak,23
23-04-2025,Celana Formal,40
23-04-2025,Celana Jeans,92
23-04-2025,Chic Top,22
23-04-2025,Clutch,8
23-04-2025,Crop Shirt,15
23-04-2025,Culottes,20
23-04-2025,Dress Anak,19
23-04-2025,Flat Shoes,4
23-04-2025,Gladiator,2
23-04-2025,Heels,5
23-04-2025,High-Waist Pants,21
23-04-2025,Hoodie,30
23-04-2025,Jaket,25
23-04-2025,Kaos,41
23-04-2025,Kaos Anak,22
23-04-2025,Kaos Kaki,16
23-04-2025,Kemeja,44
23-04-2025,Kemeja Wanita,10
23-04-2025,Koper Besar,1
23-04-2025,Loafers,3
23-04-2025,Maxi Dress,15
23-04-2025,Mocasin,4
23-04-2025,Moccasin,3
23-04-2025,Mules,3
23-04-2025,Oxford Shoes,4
23-04-2025,Palazzo Pants,35
23-04-2025,Pantofel,1
23-04-2025,Pleated Pants,20
23-04-2025,Polo Shirt,45
23-04-2025,Sandal,10
23-04-2025,Sandal Anak,5
23-04-2025,Sepatu Sekolah,4
23-04-2025,Setelan Anak,26
23-04-2025,Shoulder Bag,16
23-04-2025,Skirt,33
23-04-2025,Slip Dress,15
23-04-2025,Slip-On,2
23-04-2025,Sneakers,7
23-04-2025,Sneakers Anak,4
23-04-2025,Totebag,6
23-04-2025,Tunic,24
23-04-2025,Vintage Top,16
23-04-2025,Wedges,3
24-04-2025,A-Line Dress,26
24-04-2025,Athleisure Set,4
24-04-2025,Blouse,17
24-04-2025,Bodycon Dress,9
24-04-2025,Boots,4
24-04-2025,Bucket Bag,3
24-04-2025,Bustong,1
24-04-2025,Cardigan,17
24-04-2025,Casual,8
24-04-2025,Casual Top,17
24-04-2025,Celana Anak,18
24-04-2025,Celana Formal,61
24-04-2025,Celana Jeans,81
24-04-2025,Chic Top,22
24-04-2025,Clutch,15
24-04-2025,Crop Shirt,25
24-04-2025,Culottes,19
24-04-2025,Dress Anak,16
24-04-2025,Gladiator,2
24-04-2025,Handbag,2
24-04-2025,Heels,6
24-04-2025,High-Waist Pants,20
24-04-2025,Hoodie,38
24-04-2025,Jaket,42
24-04-2025,Kaos,51
24-04-2025,Kaos Anak,18
24-04-2025,Kaos Kaki,16
24-04-2025,Kemeja,41
24-04-2025,Kemeja Wanita,15
24-04-2025,Loafers,1
24-04-2025,Maxi Dress,31
24-04-2025,Mocasin,4
24-04-2025,Moccasin,1
24-04-2025,Mules,1
24-04-2025,Oxford Shoes,4
24-04-2025,Palazzo Pants,29
24-04-2025,Pantofel,2
24-04-2025,Pleated Pants,21
24-04-2025,Polo Shirt,38
24-04-2025,Sandal,5
24-04-2025,Sandal Anak,5
24-04-2025,Sepatu Formal,1
24-04-2025,Sepatu Sekolah,3
24-04-2025,Setelan Anak,21
24-04-2025,Shoulder Bag,12
24-04-2025,Skirt,22
24-04-2025,Slip Dress,28
24-04-2025,Slip-On,2
24-04-2025,Sneakers,8
24-04-2025,Sneakers Anak,4
24-04-2025,Tas Ransel,1
24-04-2025,Tas Selempang,1
24-04-2025,Totebag,13
24-04-2025,Tunic,35
24-04-2025,Vintage Top,12
25-04-2025,A-Line Dress,26
25-04-2025,Athleisure Set,12
25-04-2025,Blouse,38
25-04-2025,Bodycon Dress,5
25-04-2025,Bucket Bag,1
25-04-2025,Bustong,1
25-04-2025,Cardigan,22
25-04-2025,Casual,8
25-04-2025,Casual Top,26
25-04-2025,Celana Anak,27
25-04-2025,Celana Formal,71
25-04-2025,Celana Jeans,81
25-04-2025,Chic Top,18
25-04-2025,Clutch,10
25-04-2025,Crop Shirt,34
25-04-2025,Culottes,20
25-04-2025,Dress Anak,28
25-04-2025,Flat Shoes,7
25-04-2025,Gladiator,4
25-04-2025,Heels,2
25-04-2025,High-Waist Pants,37
25-04-2025,Hoodie,38
25-04-2025,Jaket,47
25-04-2025,Kaos,53
25-04-2025,Kaos Anak,28
25-04-2025,Kaos Kaki,18
25-04-2025,Kemeja,46
25-04-2025,Kemeja Wanita,30
25-04-2025,Koper Besar,1
25-04-2025,Loafers,11
25-04-2025,Maxi Dress,24
25-04-2025,Mocasin,2
25-04-2025,Moccasin,2
25-04-2025,Mules,6
25-04-2025,Oxford Shoes,1
25-04-2025,Palazzo Pants,39
25-04-2025,Pantofel,7
25-04-2025,Pleated Pants,35
25-04-2025,Polo Shirt,49
25-04-2025,Sandal,10
25-04-2025,Sandal Anak,4
25-04-2025,Sepatu Formal,4
25-04-2025,Sepatu Sekolah,8
25-04-2025,Setelan Anak,25
25-04-2025,Shoulder Bag,15
25-04-2025,Skirt,41
25-04-2025,Sling Bag,1
25-04-2025,Slip Dress,28
25-04-2025,Slip-On,2
25-04-2025,Sneakers,4
25-04-2025,Sneakers Anak,4
25-04-2025,Tas Selempang,2
25-04-2025,Totebag,8
25-04-2025,Tunic,27
25-04-2025,Vintage Top,31
25-04-2025,Wedges,5
26-04-2025,A-Line Dress,43
26-04-2025,Athleisure Set,12
26-04-2025,Blouse,40
26-04-2025,Bodycon Dress,9
26-04-2025,Boots,3
26-04-2025,Bustong,6
26-04-2025,Cardigan,34
26-04-2025,Casual,13
26-04-2025,Casual Top,42
26-04-2025,Celana Anak,29
26-04-2025,Celana Formal,66
26-04-2025,Celana Jeans,137
26-04-2025,Chic Top,32
26-04-2025,Clutch,10
26-04-2025,Crop Shirt,25
26-04-2025,Culottes,48
26-04-2025,Dress Anak,36
26-04-2025,Flat Shoes,8
26-04-2025,Gladiator,4
26-04-2025,Heels,2
26-04-2025,High-Waist Pants,45
26-04-2025,Hoodie,57
26-04-2025,Jaket,72
26-04-2025,Kaos,94
26-04-2025,Kaos Anak,26
26-04-2025,Kaos Kaki,29
26-04-2025,Kemeja,34
26-04-2025,Kemeja Wanita,32
26-04-2025,Loafers,2
26-04-2025,Maxi Dress,33
26-04-2025,Mocasin,10
26-04-2025,Moccasin,2
26-04-2025,Mules,1
26-04-2025,Oxford Shoes,2
26-04-2025,Palazzo Pants,65
26-04-2025,Pantofel,5
26-04-2025,Pleated Pants,34
26-04-2025,Polo Shirt,53
26-04-2025,Sandal,3
26-04-2025,Sandal Anak,5
26-04-2025,Sepatu Sekolah,8
26-04-2025,Setelan Anak,26
26-04-2025,Shoulder Bag,26
26-04-2025,Skirt,40
26-04-2025,Sling Bag,3
26-04-2025,Slip Dress,34
26-04-2025,Slip-On,8
26-04-2025,Sneakers,11
26-04-2025,Sneakers Anak,12
26-04-2025,Tas Ransel,2
26-04-2025,Tas Selempang,2
26-04-2025,Totebag,17
26-04-2025,Tunic,38
26-04-2025,Vintage Top,27
26-04-2025,Wedges,2
27-04-2025,A-Line Dress,37
27-04-2025,Athleisure Set,7
27-04-2025,Blouse,35
27-04-2025,Bodycon Dress,20
27-04-2025,Boots,6
27-04-2025,Bustong,4
27-04-2025,Cardigan,34
27-04-2025,Casual,10
27-04-2025,Casual Top,36
27-04-2025,Celana Anak,22
27-04-2025,Celana Formal,104
27-04-2025,Celana Jeans,134
27-04-2025,Chic Top,50
27-04-2025,Clutch,22
27-04-2025,Crop Shirt,54
27-04-2025,Culottes,53
27-04-2025,Dress Anak,40
27-04-2025,Flat Shoes,3
27-04-2025,Gladiator,5
27-04-2025,Handbag,2
27-04-2025,Heels,5
27-04-2025,High-Waist Pants,63
27-04-2025,Hoodie,68
27-04-2025,Jaket,68
27-04-2025,Kaos,87
27-04-2025,Kaos Anak,30
27-04-2025,Kaos Kaki,23
27-04-2025,Kemeja,71
27-04-2025,Kemeja Wanita,35
27-04-2025,Koper Kecil,1
27-04-2025,Loafers,2
27-04-2025,Maxi Dress,35
27-04-2025,Mocasin,6
27-04-2025,Moccasin,9
27-04-2025,Mules,3
27-04-2025,Oxford Shoes,6
27-04-2025,Palazzo Pants,52
27-04-2025,Pantofel,5
27-04-2025,Pleated Pants,43
27-04-2025,Polo Shirt,73
27-04-2025,Sandal,11
27-04-2025,Sandal Anak,11
27-04-2025,Sepatu Formal,3
27-04-2025,Sepatu Sekolah,5
27-04-2025,Setelan Anak,33
27-04-2025,Shoulder Bag,18
27-04-2025,Skirt,53
27-04-2025,Sling Bag,5
27-04-2025,Slip Dress,47
27-04-2025,Sneakers,5
27-04-2025,Sneakers Anak,4
27-04-2025,Tas Selempang,2
27-04-2025,Totebag,27
27-04-2025,Tunic,39
27-04-2025,Vintage Top,37
27-04-2025,Wedges,9
28-04-2025,A-Line Dress,23
28-04-2025,Athleisure Set,15
28-04-2025,Blouse,21
28-04-2025,Bodycon Dress,7
28-04-2025,Boots,1
28-04-2025,Bucket Bag,1
28-04-2025,Bustong,3
28-04-2025,Cardigan,20
28-04-2025,Casual,2
28-04-2025,Casual Top,23
28-04-2025,Celana Anak,20
28-04-2025,Celana Formal,64
28-04-2025,Celana Jeans,118
28-04-2025,Chic Top,34
28-04-2025,Clutch,18
28-04-2025,Crop Shirt,27
28-04-2025,Culottes,25
28-04-2025,Dress Anak,24
28-04-2025,Flat Shoes,4
28-04-2025,Gladiator,2
28-04-2025,Handbag,1
28-04-2025,Heels,9
28-04-2025,High-Waist Pants,36
28-04-2025,Hoodie,52
28-04-2025,Jaket,43
28-04-2025,Kaos,51
28-04-2025,Kaos Anak,35
28-04-2025,Kaos Kaki,12
28-04-2025,Kemeja,55
28-04-2025,Kemeja Wanita,25
28-04-2025,Loafers,4
28-04-2025,Maxi Dress,29
28-04-2025,Mocasin,4
28-04-2025,Moccasin,3
28-04-2025,Mules,3
28-04-2025,Oxford Shoes,2
28-04-2025,Palazzo Pants,46
28-04-2025,Pantofel,5
28-04-2025,Pleated Pants,30
28-04-2025,Polo Shirt,54
28-04-2025,Sandal,13
28-04-2025,Sandal Anak,6
28-04-2025,Sepatu Formal,1
28-04-2025,Sepatu Sekolah,7
28-04-2025,Setelan Anak,34
28-04-2025,Shoulder Bag,15
28-04-2025,Skirt,34
28-04-2025,Sling Bag,2
28-04-2025,Slip Dress,31
28-04-2025,Slip-On,2
28-04-2025,Sneakers,3
28-04-2025,Sneakers Anak,5
28-04-2025,Tas Ransel,1
28-04-2025,Tas Selempang,3
28-04-2025,Totebag,15
28-04-2025,Tunic,28
28-04-2025,Vintage Top,20
28-04-2025,Wedges,7
29-04-2025,A-Line Dress,14
29-04-2025,Athleisure Set,3
29-04-2025,Blouse,19
29-04-2025,Bodycon Dress,7
29-04-2025,Boots,6
29-04-2025,Bucket Bag,3
29-04-2025,Bustong,2
29-04-2025,Cardigan,33
29-04-2025,Casual,6
29-04-2025,Casual Top,16
29-04-2025,Celana Anak,15
29-04-2025,Celana Formal,45
29-04-2025,Celana Jeans,93
29-04-2025,Chic Top,18
29-04-2025,Clutch,18
29-04-2025,Crop Shirt,19
29-04-2025,Culottes,18
29-04-2025,Dress Anak,13
29-04-2025,Flat Shoes,1
29-04-2025,Heels,2
29-04-2025,High-Waist Pants,23
29-04-2025,Hoodie,40
29-04-2025,Jaket,32
29-04-2025,Kaos,77
29-04-2025,Kaos Anak,24
29-04-2025,Kaos Kaki,13
29-04-2025,Kemeja,21
29-04-2025,Kemeja Wanita,14
29-04-2025,Loafers,2
29-04-2025,Maxi Dress,22
29-04-2025,Mocasin,5
29-04-2025,Mules,4
29-04-2025,Oxford Shoes,3
29-04-2025,Palazzo Pants,36
29-04-2025,Pantofel,3
29-04-2025,Pleated Pants,15
29-04-2025,Polo Shirt,36
29-04-2025,Sandal,2
29-04-2025,Sandal Anak,3
29-04-2025,Sepatu Formal,2
29-04-2025,Sepatu Sekolah,1
29-04-2025,Setelan Anak,12
29-04-2025,Shoulder Bag,6
29-04-2025,Skirt,33
29-04-2025,Sling Bag,2
29-04-2025,Slip Dress,19
29-04-2025,Slip-On,2
29-04-2025,Sneakers,7
29-04-2025,Sneakers Anak,2
29-04-2025,Tas Ransel,1
29-04-2025,Tas Selempang,3
29-04-2025,Totebag,5
29-04-2025,Tunic,23
29-04-2025,Vintage Top,18
29-04-2025,Wedges,4
30-04-2025,A-Line Dress,49
30-04-2025,Athleisure Set,14
30-04-2025,Blouse,44
30-04-2025,Bodycon Dress,15
30-04-2025,Boots,11
30-04-2025,Bustong,6
30-04-2025,Cardigan,48
30-04-2025,Casual,13
30-04-2025,Casual Top,58
30-04-2025,Celana Anak,42
30-04-2025,Celana Formal,99
30-04-2025,Celana Jeans,173
30-04-2025,Chic Top,51
30-04-2025,Clutch,27
30-04-2025,Crop Shirt,36
30-04-2025,Culottes,49
30-04-2025,Dress Anak,33
30-04-2025,Flat Shoes,4
30-04-2025,Gladiator,2
30-04-2025,Heels,3
30-04-2025,High-Waist Pants,64
30-04-2025,Hoodie,80
30-04-2025,Jaket,83
30-04-2025,Kaos,91
30-04-2025,Kaos Anak,42
30-04-2025,Kaos Kaki,39
30-04-2025,Kemeja,56
30-04-2025,Kemeja Wanita,53
30-04-2025,Koper Besar,3
30-04-2025,Koper Kecil,1
30-04-2025,Koper Sedang,2
30-04-2025,Loafers,3
30-04-2025,Maxi Dress,26
30-04-2025,Mocasin,7
30-04-2025,Moccasin,3
30-04-2025,Mules,11
30-04-2025,Oxford Shoes,9
30-04-2025,Palazzo Pants,71
30-04-2025,Pantofel,20
30-04-2025,Pleated Pants,42
30-04-2025,Polo Shirt,75
30-04-2025,Sandal,23
30-04-2025,Sandal Anak,7
30-04-2025,Sepatu Formal,6
30-04-2025,Sepatu Sekolah,4
30-04-2025,Setelan Anak,40
30-04-2025,Shoulder Bag,26
30-04-2025,Skirt,62
30-04-2025,Sling Bag,5
30-04-2025,Slip Dress,47
30-04-2025,Slip-On,6
30-04-2025,Sneakers,6
30-04-2025,Sneakers Anak,7
30-04-2025,Tas Ransel,8
30-04-2025,Totebag,8
30-04-2025,Tunic,54
30-04-2025,Vintage Top,56
30-04-2025,Wedges,10
01-01-2026,A-Line Dress,28
01-01-2026,Athleisure Set,30
01-01-2026,Blouse,29
01-01-2026,Bodycon Dress,29
01-01-2026,Boots,16
01-01-2026,Cardigan,18
01-01-2026,Casual Top,26
01-01-2026,Celana Anak,40
01-01-2026,Celana Chino,57
01-01-2026,Celana Formal,60
01-01-2026,Celana Jeans,59
01-01-2026,Chic Top,20
01-01-2026,Clutch,9
01-01-2026,Crop Shirt,19
01-01-2026,Culottes,33
01-01-2026,Dress Anak,35
01-01-2026,Flat Shoes,28
01-01-2026,Handbag,20
01-01-2026,Heels,15
01-01-2026,High-Waist Pants,32
01-01-2026,Jaket,55
01-01-2026,Jogger Pants,80
01-01-2026,Kaos,67
01-01-2026,Kaos Anak,36
01-01-2026,Kaos Kaki,47
01-01-2026,Kemeja,40
01-01-2026,Kemeja Wanita,31
01-01-2026,Koper Kecil,3
01-01-2026,Loafers,12
01-01-2026,Maxi Dress,33
01-01-2026,Oversized Shirt,35
01-01-2026,Palazzo Pants,45
01-01-2026,Pleated Pants,16
01-01-2026,Polo Shirt,41
01-01-2026,Sandal Anak,11
01-01-2026,Sepatu Formal,18
01-01-2026,Sepatu Sekolah,17
01-01-2026,Setelan Anak,66
01-01-2026,Shoulder Bag,5
01-01-2026,Skirt,35
01-01-2026,Slip Dress,37
01-01-2026,Sneakers,46
01-01-2026,Sneakers Anak,14
01-01-2026,Totebag,7
01-01-2026,Tunic,36
01-01-2026,Vintage Top,28
01-01-2026,Wedges,21
02-01-2026,A-Line Dress,18
02-01-2026,Athleisure Set,23
02-01-2026,Blouse,17
02-01-2026,Bodycon Dress,16
02-01-2026,Boots,17
02-01-2026,Cardigan,20
02-01-2026,Casual Top,32
02-01-2026,Celana Anak,39
02-01-2026,Celana Chino,51
02-01-2026,Celana Formal,52
02-01-2026,Celana Jeans,48
02-01-2026,Chic Top,12
02-01-2026,Clutch,1
02-01-2026,Crop Shirt,18
02-01-2026,Culottes,31
02-01-2026,Dress Anak,31
02-01-2026,Flat Shoes,14
02-01-2026,Handbag,12
02-01-2026,Heels,14
02-01-2026,High-Waist Pants,18
02-01-2026,Jaket,48
02-01-2026,Jogger Pants,44
02-01-2026,Kaos,25
02-01-2026,Kaos Anak,35
02-01-2026,Kaos Kaki,39
02-01-2026,Kemeja,41
02-01-2026,Kemeja Wanita,19
02-01-2026,Koper Besar,3
02-01-2026,Koper Kecil,1
02-01-2026,Koper Sedang,4
02-01-2026,Loafers,13
02-01-2026,Maxi Dress,30
02-01-2026,Oversized Shirt,13
02-01-2026,Palazzo Pants,19
02-01-2026,Pleated Pants,23
02-01-2026,Polo Shirt,39
02-01-2026,Sandal Anak,7
02-01-2026,Sepatu Formal,8
02-01-2026,Sepatu Sekolah,10
02-01-2026,Setelan Anak,55
02-01-2026,Shoulder Bag,6
02-01-2026,Skirt,9
02-01-2026,Slip Dress,20
02-01-2026,Sneakers,36
02-01-2026,Sneakers Anak,7
02-01-2026,Totebag,1
02-01-2026,Tunic,23
02-01-2026,Vintage Top,25
02-01-2026,Wedges,14
03-01-2026,A-Line Dress,120
03-01-2026,Athleisure Set,129
03-01-2026,Blouse,132
03-01-2026,Bodycon Dress,109
03-01-2026,Boots,56
03-01-2026,Cardigan,143
03-01-2026,Casual Top,84
03-01-2026,Celana Anak,196
03-01-2026,Celana Chino,294
03-01-2026,Celana Formal,338
03-01-2026,Celana Jeans,214
03-01-2026,Chic Top,111
03-01-2026,Clutch,44
03-01-2026,Crop Shirt,164
03-01-2026,Culottes,185
03-01-2026,Dress Anak,229
03-01-2026,Flat Shoes,81
03-01-2026,Handbag,49
03-01-2026,Heels,88
03-01-2026,High-Waist Pants,133
03-01-2026,Jaket,216
03-01-2026,Jogger Pants,328
03-01-2026,Kaos,252
03-01-2026,Kaos Anak,215
03-01-2026,Kaos Kaki,103
03-01-2026,Kemeja,253
03-01-2026,Kemeja Wanita,106
03-01-2026,Koper Besar,2
03-01-2026,Koper Kecil,3
03-01-2026,Koper Sedang,5
03-01-2026,Loafers,87
03-01-2026,Maxi Dress,145
03-01-2026,Oversized Shirt,148
03-01-2026,Palazzo Pants,165
03-01-2026,Pleated Pants,129
03-01-2026,Polo Shirt,244
03-01-2026,Sandal Anak,47
03-01-2026,Sepatu Formal,73
03-01-2026,Sepatu Sekolah,61
03-01-2026,Setelan Anak,194
03-01-2026,Shoulder Bag,26
03-01-2026,Skirt,121
03-01-2026,Slip Dress,105
03-01-2026,Sneakers,179
03-01-2026,Sneakers Anak,75
03-01-2026,Totebag,55
03-01-2026,Tunic,133
03-01-2026,Vintage Top,132
03-01-2026,Wedges,130
04-01-2026,A-Line Dress,31
04-01-2026,Athleisure Set,30
04-01-2026,Blouse,26
04-01-2026,Bodycon Dress,24
04-01-2026,Boots,24
04-01-2026,Cardigan,29
04-01-2026,Casual Top,31
04-01-2026,Celana Anak,54
04-01-2026,Celana Chino,82
04-01-2026,Celana Formal,54
04-01-2026,Celana Jeans,73
04-01-2026,Chic Top,31
04-01-2026,Clutch,8
04-01-2026,Crop Shirt,37
04-01-2026,Culottes,43
04-01-2026,Dress Anak,40
04-01-2026,Flat Shoes,20
04-01-2026,Handbag,23
04-01-2026,Heels,18
04-01-2026,High-Waist Pants,37
04-01-2026,Jaket,63
04-01-2026,Jogger Pants,97
04-01-2026,Kaos,50
04-01-2026,Kaos Anak,51
04-01-2026,Kaos Kaki,29
04-01-2026,Kemeja,62
04-01-2026,Kemeja Wanita,24
04-01-2026,Koper Besar,3
04-01-2026,Koper Kecil,2
04-01-2026,Koper Sedang,1
04-01-2026,Loafers,18
04-01-2026,Maxi Dress,24
04-01-2026,Oversized Shirt,27
04-01-2026,Palazzo Pants,52
04-01-2026,Pleated Pants,22
04-01-2026,Polo Shirt,68
04-01-2026,Sandal Anak,22
04-01-2026,Sepatu Formal,18
04-01-2026,Sepatu Sekolah,15
04-01-2026,Setelan Anak,39
04-01-2026,Shoulder Bag,3
04-01-2026,Skirt,25
04-01-2026,Slip Dress,30
04-01-2026,Sneakers,43
04-01-2026,Sneakers Anak,8
04-01-2026,Totebag,5
04-01-2026,Tunic,28
04-01-2026,Vintage Top,29
04-01-2026,Wedges,19
05-01-2026,A-Line Dress,22
05-01-2026,Athleisure Set,19
05-01-2026,Blouse,17
05-01-2026,Bodycon Dress,27
05-01-2026,Boots,23
05-01-2026,Cardigan,14
05-01-2026,Casual Top,19
05-01-2026,Celana Anak,46
05-01-2026,Celana Chino,68
05-01-2026,Celana Formal,71
05-01-2026,Celana Jeans,54
05-01-2026,Chic Top,24
05-01-2026,Clutch,9
05-01-2026,Crop Shirt,25
05-01-2026,Culottes,34
05-01-2026,Dress Anak,43
05-01-2026,Flat Shoes,28
05-01-2026,Handbag,18
05-01-2026,Heels,25
05-01-2026,High-Waist Pants,19
05-01-2026,Jaket,44
05-01-2026,Jogger Pants,73
05-01-2026,Kaos,48
05-01-2026,Kaos Anak,47
05-01-2026,Kaos Kaki,28
05-01-2026,Kemeja,63
05-01-2026,Kemeja Wanita,35
05-01-2026,Koper Besar,1
05-01-2026,Koper Kecil,1
05-01-2026,Koper Sedang,1
05-01-2026,Loafers,10
05-01-2026,Maxi Dress,20
05-01-2026,Oversized Shirt,12
05-01-2026,Palazzo Pants,33
05-01-2026,Pleated Pants,17
05-01-2026,Polo Shirt,55
05-01-2026,Sandal Anak,19
05-01-2026,Sepatu Formal,10
05-01-2026,Sepatu Sekolah,16
05-01-2026,Setelan Anak,36
05-01-2026,Shoulder Bag,7
05-01-2026,Skirt,39
05-01-2026,Slip Dress,22
05-01-2026,Sneakers,30
05-01-2026,Sneakers Anak,15
05-01-2026,Totebag,15
05-01-2026,Tunic,23
05-01-2026,Vintage Top,19
05-01-2026,Wedges,12
06-01-2026,A-Line Dress,27
06-01-2026,Athleisure Set,20
06-01-2026,Blouse,44
06-01-2026,Bodycon Dress,20
06-01-2026,Boots,14
06-01-2026,Cardigan,19
06-01-2026,Casual Top,24
06-01-2026,Celana Anak,49
06-01-2026,Celana Chino,67
06-01-2026,Celana Formal,68
06-01-2026,Celana Jeans,40
06-01-2026,Chic Top,26
06-01-2026,Clutch,5
06-01-2026,Crop Shirt,24
06-01-2026,Culottes,28
06-01-2026,Dress Anak,49
06-01-2026,Flat Shoes,23
06-01-2026,Handbag,15
06-01-2026,Heels,15
06-01-2026,High-Waist Pants,25
06-01-2026,Jaket,45
06-01-2026,Jogger Pants,73
06-01-2026,Kaos,42
06-01-2026,Kaos Anak,52
06-01-2026,Kaos Kaki,27
06-01-2026,Kemeja,71
06-01-2026,Kemeja Wanita,29
06-01-2026,Koper Sedang,2
06-01-2026,Loafers,23
06-01-2026,Maxi Dress,19
06-01-2026,Oversized Shirt,28
06-01-2026,Palazzo Pants,41
06-01-2026,Pleated Pants,25
06-01-2026,Polo Shirt,63
06-01-2026,Sandal Anak,18
06-01-2026,Sepatu Formal,17
06-01-2026,Sepatu Sekolah,15
06-01-2026,Setelan Anak,41
06-01-2026,Shoulder Bag,8
06-01-2026,Skirt,30
06-01-2026,Slip Dress,26
06-01-2026,Sneakers,28
06-01-2026,Sneakers Anak,7
06-01-2026,Totebag,6
06-01-2026,Tunic,24
06-01-2026,Vintage Top,37
06-01-2026,Wedges,15
07-01-2026,A-Line Dress,21
07-01-2026,Athleisure Set,28
07-01-2026,Blouse,19
07-01-2026,Bodycon Dress,28
07-01-2026,Boots,14
07-01-2026,Cardigan,18
07-01-2026,Casual Top,14
07-01-2026,Celana Anak,51
07-01-2026,Celana Chino,71
07-01-2026,Celana Formal,56
07-01-2026,Celana Jeans,40
07-01-2026,Chic Top,22
07-01-2026,Clutch,5
07-01-2026,Crop Shirt,20
07-01-2026,Culottes,31
07-01-2026,Dress Anak,35
07-01-2026,Flat Shoes,15
07-01-2026,Handbag,24
07-01-2026,Heels,20
07-01-2026,High-Waist Pants,22
07-01-2026,Jaket,38
07-01-2026,Jogger Pants,60
07-01-2026,Kaos,32
07-01-2026,Kaos Anak,41
07-01-2026,Kaos Kaki,32
07-01-2026,Kemeja,56
07-01-2026,Kemeja Wanita,26
07-01-2026,Koper Kecil,1
07-01-2026,Koper Sedang,2
07-01-2026,Loafers,11
07-01-2026,Maxi Dress,27
07-01-2026,Oversized Shirt,21
07-01-2026,Palazzo Pants,23
07-01-2026,Pleated Pants,22
07-01-2026,Polo Shirt,71
07-01-2026,Sandal Anak,10
07-01-2026,Sepatu Formal,10
07-01-2026,Sepatu Sekolah,8
07-01-2026,Setelan Anak,53
07-01-2026,Shoulder Bag,7
07-01-2026,Skirt,37
07-01-2026,Slip Dress,20
07-01-2026,Sneakers,30
07-01-2026,Sneakers Anak,11
07-01-2026,Totebag,9
07-01-2026,Tunic,20
07-01-2026,Vintage Top,15
07-01-2026,Wedges,20
08-01-2026,A-Line Dress,31
08-01-2026,Athleisure Set,18
08-01-2026,Blouse,33
08-01-2026,Bodycon Dress,29
08-01-2026,Boots,31
08-01-2026,Cardigan,26
08-01-2026,Casual Top,22
08-01-2026,Celana Anak,60
08-01-2026,Celana Chino,80
08-01-2026,Celana Formal,57
08-01-2026,Celana Jeans,39
08-01-2026,Chic Top,28
08-01-2026,Clutch,3
08-01-2026,Crop Shirt,32
08-01-2026,Culottes,34
08-01-2026,Dress Anak,35
08-01-2026,Flat Shoes,10
08-01-2026,Handbag,29
08-01-2026,Heels,8
08-01-2026,High-Waist Pants,17
08-01-2026,Jaket,37
08-01-2026,Jogger Pants,79
08-01-2026,Kaos,65
08-01-2026,Kaos Anak,64
08-01-2026,Kaos Kaki,33
08-01-2026,Kemeja,48
08-01-2026,Kemeja Wanita,26
08-01-2026,Koper Besar,2
08-01-2026,Koper Kecil,1
08-01-2026,Koper Sedang,5
08-01-2026,Loafers,19
08-01-2026,Maxi Dress,15
08-01-2026,Oversized Shirt,27
08-01-2026,Palazzo Pants,43
08-01-2026,Pleated Pants,29
08-01-2026,Polo Shirt,63
08-01-2026,Sandal Anak,11
08-01-2026,Sepatu Formal,8
08-01-2026,Sepatu Sekolah,9
08-01-2026,Setelan Anak,70
08-01-2026,Shoulder Bag,7
08-01-2026,Skirt,31
08-01-2026,Slip Dress,29
08-01-2026,Sneakers,38
08-01-2026,Sneakers Anak,14
08-01-2026,Totebag,8
08-01-2026,Tunic,21
08-01-2026,Vintage Top,23
08-01-2026,Wedges,15
09-01-2026,A-Line Dress,21
09-01-2026,Athleisure Set,23
09-01-2026,Blouse,17
09-01-2026,Bodycon Dress,31
09-01-2026,Boots,18
09-01-2026,Cardigan,16
09-01-2026,Casual Top,28
09-01-2026,Celana Anak,48
09-01-2026,Celana Chino,73
09-01-2026,Celana Formal,74
09-01-2026,Celana Jeans,37
09-01-2026,Chic Top,20
09-01-2026,Clutch,7
09-01-2026,Crop Shirt,15
09-01-2026,Culottes,32
09-01-2026,Dress Anak,22
09-01-2026,Flat Shoes,21
09-01-2026,Handbag,10
09-01-2026,Heels,23
09-01-2026,High-Waist Pants,23
09-01-2026,Jaket,43
09-01-2026,Jogger Pants,58
09-01-2026,Kaos,42
09-01-2026,Kaos Anak,37
09-01-2026,Kaos Kaki,25
09-01-2026,Kemeja,45
09-01-2026,Kemeja Wanita,26
09-01-2026,Koper Kecil,1
09-01-2026,Loafers,17
09-01-2026,Maxi Dress,29
09-01-2026,Oversized Shirt,22
09-01-2026,Palazzo Pants,34
09-01-2026,Pleated Pants,18
09-01-2026,Polo Shirt,42
09-01-2026,Sandal Anak,15
09-01-2026,Sepatu Formal,8
09-01-2026,Sepatu Sekolah,14
09-01-2026,Setelan Anak,32
09-01-2026,Shoulder Bag,12
09-01-2026,Skirt,33
09-01-2026,Slip Dress,32
09-01-2026,Sneakers,25
09-01-2026,Sneakers Anak,13
09-01-2026,Totebag,5
09-01-2026,Tunic,24
09-01-2026,Vintage Top,17
09-01-2026,Wedges,19
10-01-2026,A-Line Dress,25
10-01-2026,Athleisure Set,30
10-01-2026,Blouse,15
10-01-2026,Bodycon Dress,24
10-01-2026,Boots,13
10-01-2026,Cardigan,30
10-01-2026,Casual Top,28
10-01-2026,Celana Anak,47
10-01-2026,Celana Chino,70
10-01-2026,Celana Formal,96
10-01-2026,Celana Jeans,58
10-01-2026,Chic Top,34
10-01-2026,Clutch,10
10-01-2026,Crop Shirt,30
10-01-2026,Culottes,42
10-01-2026,Dress Anak,52
10-01-2026,Flat Shoes,16
10-01-2026,Handbag,25
10-01-2026,Heels,14
10-01-2026,High-Waist Pants,30
10-01-2026,Jaket,57
10-01-2026,Jogger Pants,105
10-01-2026,Kaos,69
10-01-2026,Kaos Anak,43
10-01-2026,Kaos Kaki,47
10-01-2026,Kemeja,84
10-01-2026,Kemeja Wanita,28
10-01-2026,Koper Besar,2
10-01-2026,Koper Kecil,1
10-01-2026,Loafers,22
10-01-2026,Maxi Dress,20
10-01-2026,Oversized Shirt,40
10-01-2026,Palazzo Pants,35
10-01-2026,Pleated Pants,22
10-01-2026,Polo Shirt,72
10-01-2026,Sandal Anak,10
10-01-2026,Sepatu Formal,18
10-01-2026,Sepatu Sekolah,10
10-01-2026,Setelan Anak,57
10-01-2026,Shoulder Bag,6
10-01-2026,Skirt,23
10-01-2026,Slip Dress,31
10-01-2026,Sneakers,50
10-01-2026,Sneakers Anak,32
10-01-2026,Totebag,5
10-01-2026,Tunic,30
10-01-2026,Vintage Top,20
10-01-2026,Wedges,18
11-01-2026,A-Line Dress,33
11-01-2026,Athleisure Set,41
11-01-2026,Blouse,40
11-01-2026,Bodycon Dress,45
11-01-2026,Boots,25
11-01-2026,Cardigan,35
11-01-2026,Casual Top,28
11-01-2026,Celana Anak,42
11-01-2026,Celana Chino,76
11-01-2026,Celana Formal,74
11-01-2026,Celana Jeans,62
11-01-2026,Chic Top,17
11-01-2026,Clutch,7
11-01-2026,Crop Shirt,32
11-01-2026,Culottes,47
11-01-2026,Dress Anak,64
11-01-2026,Flat Shoes,32
11-01-2026,Handbag,19
11-01-2026,Heels,18
11-01-2026,High-Waist Pants,33
11-01-2026,Jaket,49
11-01-2026,Jogger Pants,76
11-01-2026,Kaos,58
11-01-2026,Kaos Anak,50
11-01-2026,Kaos Kaki,42
11-01-2026,Kemeja,56
11-01-2026,Kemeja Wanita,60
11-01-2026,Koper Besar,3
11-01-2026,Koper Kecil,4
11-01-2026,Loafers,22
11-01-2026,Maxi Dress,33
11-01-2026,Oversized Shirt,30
11-01-2026,Palazzo Pants,40
11-01-2026,Pleated Pants,53
11-01-2026,Polo Shirt,52
11-01-2026,Sandal Anak,14
11-01-2026,Sepatu Formal,12
11-01-2026,Sepatu Sekolah,16
11-01-2026,Setelan Anak,82
11-01-2026,Shoulder Bag,14
11-01-2026,Skirt,12
11-01-2026,Slip Dress,41
11-01-2026,Sneakers,41
11-01-2026,Sneakers Anak,21
11-01-2026,Totebag,10
11-01-2026,Tunic,19
11-01-2026,Vintage Top,34
11-01-2026,Wedges,25
12-01-2026,A-Line Dress,29
12-01-2026,Athleisure Set,14
12-01-2026,Blouse,25
12-01-2026,Bodycon Dress,20
12-01-2026,Boots,19
12-01-2026,Cardigan,27
12-01-2026,Casual Top,21
12-01-2026,Celana Anak,31
12-01-2026,Celana Chino,73
12-01-2026,Celana Formal,78
12-01-2026,Celana Jeans,45
12-01-2026,Chic Top,10
12-01-2026,Clutch,15
12-01-2026,Crop Shirt,23
12-01-2026,Culottes,30
12-01-2026,Dress Anak,36
12-01-2026,Flat Shoes,17
12-01-2026,Handbag,20
12-01-2026,Heels,17
12-01-2026,High-Waist Pants,28
12-01-2026,Jaket,39
12-01-2026,Jogger Pants,57
12-01-2026,Kaos,36
12-01-2026,Kaos Anak,55
12-01-2026,Kaos Kaki,31
12-01-2026,Kemeja,47
12-01-2026,Kemeja Wanita,13
12-01-2026,Koper Besar,6
12-01-2026,Koper Kecil,2
12-01-2026,Koper Sedang,3
12-01-2026,Loafers,17
12-01-2026,Maxi Dress,31
12-01-2026,Oversized Shirt,24
12-01-2026,Palazzo Pants,33
12-01-2026,Pleated Pants,25
12-01-2026,Polo Shirt,54
12-01-2026,Sandal Anak,6
12-01-2026,Sepatu Formal,15
12-01-2026,Sepatu Sekolah,13
12-01-2026,Setelan Anak,40
12-01-2026,Shoulder Bag,5
12-01-2026,Skirt,21
12-01-2026,Slip Dress,25
12-01-2026,Sneakers,29
12-01-2026,Sneakers Anak,16
12-01-2026,Totebag,7
12-01-2026,Tunic,32
12-01-2026,Vintage Top,16
12-01-2026,Wedges,22
13-01-2026,A-Line Dress,23
13-01-2026,Athleisure Set,16
13-01-2026,Blouse,22
13-01-2026,Bodycon Dress,25
13-01-2026,Boots,22
13-01-2026,Cardigan,21
13-01-2026,Casual Top,18
13-01-2026,Celana Anak,35
13-01-2026,Celana Chino,56
13-01-2026,Celana Formal,68
13-01-2026,Celana Jeans,49
13-01-2026,Chic Top,10
13-01-2026,Clutch,9
13-01-2026,Crop Shirt,25
13-01-2026,Culottes,26
13-01-2026,Dress Anak,37
13-01-2026,Flat Shoes,19
13-01-2026,Handbag,19
13-01-2026,Heels,23
13-01-2026,High-Waist Pants,26
13-01-2026,Jaket,42
13-01-2026,Jogger Pants,65
13-01-2026,Kaos,56
13-01-2026,Kaos Anak,43
13-01-2026,Kaos Kaki,32
13-01-2026,Kemeja,45
13-01-2026,Kemeja Wanita,15
13-01-2026,Koper Besar,1
13-01-2026,Koper Kecil,1
13-01-2026,Koper Sedang,1
13-01-2026,Loafers,13
13-01-2026,Maxi Dress,12
13-01-2026,Oversized Shirt,23
13-01-2026,Palazzo Pants,31
13-01-2026,Pleated Pants,15
13-01-2026,Polo Shirt,35
13-01-2026,Sandal Anak,6
13-01-2026,Sepatu Formal,7
13-01-2026,Sepatu Sekolah,19
13-01-2026,Setelan Anak,39
13-01-2026,Shoulder Bag,6
13-01-2026,Skirt,22
13-01-2026,Slip Dress,25
13-01-2026,Sneakers,31
13-01-2026,Sneakers Anak,14
13-01-2026,Totebag,12
13-01-2026,Tunic,16
13-01-2026,Vintage Top,23
13-01-2026,Wedges,21
14-01-2026,A-Line Dress,20
14-01-2026,Athleisure Set,26
14-01-2026,Blouse,25
14-01-2026,Bodycon Dress,35
14-01-2026,Boots,21
14-01-2026,Cardigan,14
14-01-2026,Casual Top,18
14-01-2026,Celana Anak,26
14-01-2026,Celana Chino,40
14-01-2026,Celana Formal,65
14-01-2026,Celana Jeans,60
14-01-2026,Chic Top,20
14-01-2026,Clutch,9
14-01-2026,Crop Shirt,29
14-01-2026,Culottes,32
14-01-2026,Dress Anak,40
14-01-2026,Flat Shoes,10
14-01-2026,Handbag,12
14-01-2026,Heels,10
14-01-2026,High-Waist Pants,21
14-01-2026,Jaket,34
14-01-2026,Jogger Pants,62
14-01-2026,Kaos,46
14-01-2026,Kaos Anak,37
14-01-2026,Kaos Kaki,38
14-01-2026,Kemeja,54
14-01-2026,Kemeja Wanita,13
14-01-2026,Koper Besar,1
14-01-2026,Loafers,12
14-01-2026,Maxi Dress,13
14-01-2026,Oversized Shirt,20
14-01-2026,Palazzo Pants,27
14-01-2026,Pleated Pants,28
14-01-2026,Polo Shirt,29
14-01-2026,Sandal Anak,13
14-01-2026,Sepatu Formal,11
14-01-2026,Sepatu Sekolah,13
14-01-2026,Setelan Anak,32
14-01-2026,Shoulder Bag,5
14-01-2026,Skirt,28
14-01-2026,Slip Dress,21
14-01-2026,Sneakers,40
14-01-2026,Sneakers Anak,12
14-01-2026,Totebag,4
14-01-2026,Tunic,25
14-01-2026,Vintage Top,28
14-01-2026,Wedges,13
15-01-2026,A-Line Dress,24
15-01-2026,Athleisure Set,31
15-01-2026,Blouse,23
15-01-2026,Bodycon Dress,25
15-01-2026,Boots,14
15-01-2026,Cardigan,33
15-01-2026,Casual Top,36
15-01-2026,Celana Anak,59
15-01-2026,Celana Chino,78
15-01-2026,Celana Formal,84
15-01-2026,Celana Jeans,40
15-01-2026,Chic Top,27
15-01-2026,Clutch,3
15-01-2026,Crop Shirt,23
15-01-2026,Culottes,43
15-01-2026,Dress Anak,43
15-01-2026,Flat Shoes,10
15-01-2026,Handbag,19
15-01-2026,Heels,17
15-01-2026,High-Waist Pants,41
15-01-2026,Jaket,40
15-01-2026,Jogger Pants,78
15-01-2026,Kaos,77
15-01-2026,Kaos Anak,52
15-01-2026,Kaos Kaki,25
15-01-2026,Kemeja,58
15-01-2026,Kemeja Wanita,24
15-01-2026,Koper Besar,1
15-01-2026,Koper Kecil,2
15-01-2026,Loafers,10
15-01-2026,Maxi Dress,22
15-01-2026,Oversized Shirt,23
15-01-2026,Palazzo Pants,49
15-01-2026,Pleated Pants,31
15-01-2026,Polo Shirt,63
15-01-2026,Sandal Anak,16
15-01-2026,Sepatu Formal,15
15-01-2026,Sepatu Sekolah,7
15-01-2026,Setelan Anak,43
15-01-2026,Shoulder Bag,13
15-01-2026,Skirt,23
15-01-2026,Slip Dress,32
15-01-2026,Sneakers,21
15-01-2026,Sneakers Anak,12
15-01-2026,Totebag,18
15-01-2026,Tunic,28
15-01-2026,Vintage Top,22
15-01-2026,Wedges,24
16-01-2026,A-Line Dress,26
16-01-2026,Athleisure Set,24
16-01-2026,Blouse,23
16-01-2026,Bodycon Dress,24
16-01-2026,Boots,16
16-01-2026,Cardigan,17
16-01-2026,Casual Top,19
16-01-2026,Celana Anak,36
16-01-2026,Celana Chino,61
16-01-2026,Celana Formal,46
16-01-2026,Celana Jeans,44
16-01-2026,Chic Top,29
16-01-2026,Clutch,12
16-01-2026,Crop Shirt,25
16-01-2026,Culottes,22
16-01-2026,Dress Anak,31
16-01-2026,Flat Shoes,20
16-01-2026,Handbag,20
16-01-2026,Heels,10
16-01-2026,High-Waist Pants,24
16-01-2026,Jaket,44
16-01-2026,Jogger Pants,51
16-01-2026,Kaos,40
16-01-2026,Kaos Anak,26
16-01-2026,Kaos Kaki,24
16-01-2026,Kemeja,27
16-01-2026,Kemeja Wanita,27
16-01-2026,Koper Besar,1
16-01-2026,Koper Kecil,3
16-01-2026,Koper Sedang,1
16-01-2026,Loafers,15
16-01-2026,Maxi Dress,16
16-01-2026,Oversized Shirt,17
16-01-2026,Palazzo Pants,39
16-01-2026,Pleated Pants,37
16-01-2026,Polo Shirt,56
16-01-2026,Sandal Anak,9
16-01-2026,Sepatu Formal,16
16-01-2026,Sepatu Sekolah,11
16-01-2026,Setelan Anak,31
16-01-2026,Shoulder Bag,3
16-01-2026,Skirt,12
16-01-2026,Slip Dress,31
16-01-2026,Sneakers,23
16-01-2026,Sneakers Anak,12
16-01-2026,Totebag,7
16-01-2026,Tunic,28
16-01-2026,Vintage Top,28
16-01-2026,Wedges,20
17-01-2026,A-Line Dress,33
17-01-2026,Athleisure Set,32
17-01-2026,Blouse,28
17-01-2026,Bodycon Dress,31
17-01-2026,Boots,15
17-01-2026,Cardigan,17
17-01-2026,Casual Top,29
17-01-2026,Celana Anak,39
17-01-2026,Celana Chino,64
17-01-2026,Celana Formal,74
17-01-2026,Celana Jeans,56
17-01-2026,Chic Top,40
17-01-2026,Clutch,13
17-01-2026,Crop Shirt,23
17-01-2026,Culottes,32
17-01-2026,Dress Anak,41
17-01-2026,Flat Shoes,23
17-01-2026,Handbag,9
17-01-2026,Heels,30
17-01-2026,High-Waist Pants,35
17-01-2026,Jaket,52
17-01-2026,Jogger Pants,73
17-01-2026,Kaos,55
17-01-2026,Kaos Anak,50
17-01-2026,Kaos Kaki,37
17-01-2026,Kemeja,54
17-01-2026,Kemeja Wanita,26
17-01-2026,Koper Besar,1
17-01-2026,Koper Sedang,3
17-01-2026,Loafers,21
17-01-2026,Maxi Dress,25
17-01-2026,Oversized Shirt,31
17-01-2026,Palazzo Pants,50
17-01-2026,Pleated Pants,30
17-01-2026,Polo Shirt,63
17-01-2026,Sandal Anak,16
17-01-2026,Sepatu Formal,19
17-01-2026,Sepatu Sekolah,11
17-01-2026,Setelan Anak,69
17-01-2026,Shoulder Bag,8
17-01-2026,Skirt,39
17-01-2026,Slip Dress,39
17-01-2026,Sneakers,49
17-01-2026,Sneakers Anak,19
17-01-2026,Totebag,7
17-01-2026,Tunic,29
17-01-2026,Vintage Top,27
17-01-2026,Wedges,19
18-01-2026,A-Line Dress,46
18-01-2026,Athleisure Set,28
18-01-2026,Blouse,42
18-01-2026,Bodycon Dress,41
18-01-2026,Boots,12
18-01-2026,Cardigan,38
18-01-2026,Casual Top,47
18-01-2026,Celana Anak,40
18-01-2026,Celana Chino,106
18-01-2026,Celana Formal,86
18-01-2026,Celana Jeans,60
18-01-2026,Chic Top,41
18-01-2026,Clutch,10
18-01-2026,Crop Shirt,36
18-01-2026,Culottes,46
18-01-2026,Dress Anak,46
18-01-2026,Flat Shoes,17
18-01-2026,Handbag,27
18-01-2026,Heels,23
18-01-2026,High-Waist Pants,27
18-01-2026,Jaket,60
18-01-2026,Jogger Pants,76
18-01-2026,Kaos,76
18-01-2026,Kaos Anak,48
18-01-2026,Kaos Kaki,36
18-01-2026,Kemeja,53
18-01-2026,Kemeja Wanita,33
18-01-2026,Koper Besar,2
18-01-2026,Koper Kecil,1
18-01-2026,Koper Sedang,1
18-01-2026,Loafers,22
18-01-2026,Maxi Dress,18
18-01-2026,Oversized Shirt,37
18-01-2026,Palazzo Pants,43
18-01-2026,Pleated Pants,24
18-01-2026,Polo Shirt,62
18-01-2026,Sandal Anak,17
18-01-2026,Sepatu Formal,16
18-01-2026,Sepatu Sekolah,14
18-01-2026,Setelan Anak,65
18-01-2026,Shoulder Bag,2
18-01-2026,Skirt,33
18-01-2026,Slip Dress,38
18-01-2026,Sneakers,31
18-01-2026,Sneakers Anak,22
18-01-2026,Totebag,10
18-01-2026,Tunic,48
18-01-2026,Vintage Top,29
18-01-2026,Wedges,24
19-01-2026,A-Line Dress,25
19-01-2026,Athleisure Set,25
19-01-2026,Blouse,29
19-01-2026,Bodycon Dress,24
19-01-2026,Boots,14
19-01-2026,Cardigan,20
19-01-2026,Casual Top,27
19-01-2026,Celana Anak,31
19-01-2026,Celana Chino,60
19-01-2026,Celana Formal,76
19-01-2026,Celana Jeans,38
19-01-2026,Chic Top,36
19-01-2026,Clutch,3
19-01-2026,Crop Shirt,30
19-01-2026,Culottes,30
19-01-2026,Dress Anak,40
19-01-2026,Flat Shoes,17
19-01-2026,Handbag,13
19-01-2026,Heels,17
19-01-2026,High-Waist Pants,14
19-01-2026,Jaket,43
19-01-2026,Jogger Pants,53
19-01-2026,Kaos,46
19-01-2026,Kaos Anak,33
19-01-2026,Kaos Kaki,18
19-01-2026,Kemeja,52
19-01-2026,Kemeja Wanita,17
19-01-2026,Koper Besar,2
19-01-2026,Koper Kecil,2
19-01-2026,Koper Sedang,1
19-01-2026,Loafers,9
19-01-2026,Maxi Dress,25
19-01-2026,Oversized Shirt,21
19-01-2026,Palazzo Pants,16
19-01-2026,Pleated Pants,19
19-01-2026,Polo Shirt,42
19-01-2026,Sandal Anak,7
19-01-2026,Sepatu Formal,13
19-01-2026,Sepatu Sekolah,8
19-01-2026,Setelan Anak,33
19-01-2026,Shoulder Bag,14
19-01-2026,Skirt,12
19-01-2026,Slip Dress,21
19-01-2026,Sneakers,34
19-01-2026,Sneakers Anak,6
19-01-2026,Totebag,8
19-01-2026,Tunic,26
19-01-2026,Vintage Top,28
19-01-2026,Wedges,19
20-01-2026,A-Line Dress,33
20-01-2026,Athleisure Set,37
20-01-2026,Blouse,28
20-01-2026,Bodycon Dress,22
20-01-2026,Boots,9
20-01-2026,Cardigan,35
20-01-2026,Casual Top,16
20-01-2026,Celana Anak,29
20-01-2026,Celana Chino,70
20-01-2026,Celana Formal,67
20-01-2026,Celana Jeans,37
20-01-2026,Chic Top,31
20-01-2026,Clutch,12
20-01-2026,Crop Shirt,31
20-01-2026,Culottes,32
20-01-2026,Dress Anak,40
20-01-2026,Flat Shoes,18
20-01-2026,Handbag,22
20-01-2026,Heels,27
20-01-2026,High-Waist Pants,20
20-01-2026,Jaket,50
20-01-2026,Jogger Pants,58
20-01-2026,Kaos,51
20-01-2026,Kaos Anak,56
20-01-2026,Kaos Kaki,35
20-01-2026,Kemeja,51
20-01-2026,Kemeja Wanita,25
20-01-2026,Koper Kecil,1
20-01-2026,Koper Sedang,2
20-01-2026,Loafers,15
20-01-2026,Maxi Dress,25
20-01-2026,Oversized Shirt,33
20-01-2026,Palazzo Pants,34
20-01-2026,Pleated Pants,23
20-01-2026,Polo Shirt,57
20-01-2026,Sandal Anak,16
20-01-2026,Sepatu Formal,22
20-01-2026,Sepatu Sekolah,9
20-01-2026,Setelan Anak,53
20-01-2026,Shoulder Bag,7
20-01-2026,Skirt,34
20-01-2026,Slip Dress,29
20-01-2026,Sneakers,44
20-01-2026,Sneakers Anak,19
20-01-2026,Totebag,6
20-01-2026,Tunic,39
20-01-2026,Vintage Top,24
20-01-2026,Wedges,23
21-01-2026,A-Line Dress,19
21-01-2026,Athleisure Set,30
21-01-2026,Blouse,14
21-01-2026,Bodycon Dress,27
21-01-2026,Boots,20
21-01-2026,Cardigan,34
21-01-2026,Casual Top,27
21-01-2026,Celana Anak,49
21-01-2026,Celana Chino,76
21-01-2026,Celana Formal,65
21-01-2026,Celana Jeans,61
21-01-2026,Chic Top,25
21-01-2026,Clutch,15
21-01-2026,Crop Shirt,26
21-01-2026,Culottes,32
21-01-2026,Dress Anak,30
21-01-2026,Flat Shoes,19
21-01-2026,Handbag,13
21-01-2026,Heels,12
21-01-2026,High-Waist Pants,33
21-01-2026,Jaket,49
21-01-2026,Jogger Pants,85
21-01-2026,Kaos,54
21-01-2026,Kaos Anak,23
21-01-2026,Kaos Kaki,26
21-01-2026,Kemeja,45
21-01-2026,Kemeja Wanita,30
21-01-2026,Koper Besar,2
21-01-2026,Koper Sedang,4
21-01-2026,Loafers,18
21-01-2026,Maxi Dress,28
21-01-2026,Oversized Shirt,29
21-01-2026,Palazzo Pants,41
21-01-2026,Pleated Pants,28
21-01-2026,Polo Shirt,54
21-01-2026,Sandal Anak,12
21-01-2026,Sepatu Formal,30
21-01-2026,Sepatu Sekolah,9
21-01-2026,Setelan Anak,41
21-01-2026,Shoulder Bag,4
21-01-2026,Skirt,36
21-01-2026,Slip Dress,34
21-01-2026,Sneakers,36
21-01-2026,Sneakers Anak,8
21-01-2026,Totebag,8
21-01-2026,Tunic,23
21-01-2026,Vintage Top,17
21-01-2026,Wedges,13
22-01-2026,A-Line Dress,28
22-01-2026,Athleisure Set,21
22-01-2026,Blouse,36
22-01-2026,Bodycon Dress,32
22-01-2026,Boots,10
22-01-2026,Cardigan,28
22-01-2026,Casual Top,21
22-01-2026,Celana Anak,35
22-01-2026,Celana Chino,67
22-01-2026,Celana Formal,82
22-01-2026,Celana Jeans,47
22-01-2026,Chic Top,21
22-01-2026,Clutch,5
22-01-2026,Crop Shirt,20
22-01-2026,Culottes,20
22-01-2026,Dress Anak,40
22-01-2026,Flat Shoes,19
22-01-2026,Handbag,16
22-01-2026,Heels,26
22-01-2026,High-Waist Pants,22
22-01-2026,Jaket,42
22-01-2026,Jogger Pants,87
22-01-2026,Kaos,43
22-01-2026,Kaos Anak,42
22-01-2026,Kaos Kaki,26
22-01-2026,Kemeja,69
22-01-2026,Kemeja Wanita,28
22-01-2026,Koper Besar,2
22-01-2026,Koper Kecil,3
22-01-2026,Koper Sedang,1
22-01-2026,Loafers,19
22-01-2026,Maxi Dress,17
22-01-2026,Oversized Shirt,31
22-01-2026,Palazzo Pants,30
22-01-2026,Pleated Pants,20
22-01-2026,Polo Shirt,37
22-01-2026,Sandal Anak,11
22-01-2026,Sepatu Formal,9
22-01-2026,Sepatu Sekolah,9
22-01-2026,Setelan Anak,41
22-01-2026,Shoulder Bag,6
22-01-2026,Skirt,22
22-01-2026,Slip Dress,31
22-01-2026,Sneakers,36
22-01-2026,Sneakers Anak,16
22-01-2026,Totebag,4
22-01-2026,Tunic,25
22-01-2026,Vintage Top,31
22-01-2026,Wedges,18
23-01-2026,A-Line Dress,23
23-01-2026,Athleisure Set,18
23-01-2026,Blouse,25
23-01-2026,Bodycon Dress,30
23-01-2026,Boots,14
23-01-2026,Cardigan,23
23-01-2026,Casual Top,30
23-01-2026,Celana Anak,31
23-01-2026,Celana Chino,79
23-01-2026,Celana Formal,84
23-01-2026,Celana Jeans,47
23-01-2026,Chic Top,32
23-01-2026,Clutch,9
23-01-2026,Crop Shirt,24
23-01-2026,Culottes,23
23-01-2026,Dress Anak,46
23-01-2026,Flat Shoes,23
23-01-2026,Handbag,18
23-01-2026,Heels,24
23-01-2026,High-Waist Pants,51
23-01-2026,Jaket,70
23-01-2026,Jogger Pants,77
23-01-2026,Kaos,47
23-01-2026,Kaos Anak,49
23-01-2026,Kaos Kaki,27
23-01-2026,Kemeja,59
23-01-2026,Kemeja Wanita,29
23-01-2026,Koper Besar,1
23-01-2026,Koper Kecil,3
23-01-2026,Koper Sedang,1
23-01-2026,Loafers,24
23-01-2026,Maxi Dress,28
23-01-2026,Oversized Shirt,28
23-01-2026,Palazzo Pants,37
23-01-2026,Pleated Pants,25
23-01-2026,Polo Shirt,42
23-01-2026,Sandal Anak,20
23-01-2026,Sepatu Formal,16
23-01-2026,Sepatu Sekolah,14
23-01-2026,Setelan Anak,61
23-01-2026,Shoulder Bag,4
23-01-2026,Skirt,32
23-01-2026,Slip Dress,36
23-01-2026,Sneakers,33
23-01-2026,Sneakers Anak,15
23-01-2026,Totebag,7
23-01-2026,Tunic,33
23-01-2026,Vintage Top,26
23-01-2026,Wedges,24
24-01-2026,A-Line Dress,36
24-01-2026,Athleisure Set,31
24-01-2026,Blouse,24
24-01-2026,Bodycon Dress,27
24-01-2026,Boots,23
24-01-2026,Cardigan,40
24-01-2026,Casual Top,24
24-01-2026,Celana Anak,47
24-01-2026,Celana Chino,100
24-01-2026,Celana Formal,97
24-01-2026,Celana Jeans,70
24-01-2026,Chic Top,28
24-01-2026,Clutch,11
24-01-2026,Crop Shirt,38
24-01-2026,Culottes,54
24-01-2026,Dress Anak,54
24-01-2026,Flat Shoes,43
24-01-2026,Handbag,20
24-01-2026,Heels,35
24-01-2026,High-Waist Pants,40
24-01-2026,Jaket,83
24-01-2026,Jogger Pants,84
24-01-2026,Kaos,75
24-01-2026,Kaos Anak,49
24-01-2026,Kaos Kaki,35
24-01-2026,Kemeja,64
24-01-2026,Kemeja Wanita,38
24-01-2026,Koper Besar,6
24-01-2026,Koper Kecil,1
24-01-2026,Koper Sedang,4
24-01-2026,Loafers,26
24-01-2026,Maxi Dress,35
24-01-2026,Oversized Shirt,36
24-01-2026,Palazzo Pants,45
24-01-2026,Pleated Pants,36
24-01-2026,Polo Shirt,72
24-01-2026,Sandal Anak,7
24-01-2026,Sepatu Formal,23
24-01-2026,Sepatu Sekolah,18
24-01-2026,Setelan Anak,49
24-01-2026,Shoulder Bag,6
24-01-2026,Skirt,26
24-01-2026,Slip Dress,32
24-01-2026,Sneakers,43
24-01-2026,Sneakers Anak,14
24-01-2026,Totebag,7
24-01-2026,Tunic,39
24-01-2026,Vintage Top,24
24-01-2026,Wedges,27
25-01-2026,A-Line Dress,97
25-01-2026,Athleisure Set,117
25-01-2026,Blouse,129
25-01-2026,Bodycon Dress,100
25-01-2026,Boots,80
25-01-2026,Cardigan,141
25-01-2026,Casual Top,94
25-01-2026,Celana Anak,234
25-01-2026,Celana Chino,326
25-01-2026,Celana Formal,278
25-01-2026,Celana Jeans,218
25-01-2026,Chic Top,135
25-01-2026,Clutch,23
25-01-2026,Crop Shirt,118
25-01-2026,Culottes,169
25-01-2026,Dress Anak,211
25-01-2026,Flat Shoes,75
25-01-2026,Handbag,77
25-01-2026,Heels,82
25-01-2026,High-Waist Pants,160
25-01-2026,Jaket,208
25-01-2026,Jogger Pants,322
25-01-2026,Kaos,251
25-01-2026,Kaos Anak,175
25-01-2026,Kaos Kaki,128
25-01-2026,Kemeja,247
25-01-2026,Kemeja Wanita,125
25-01-2026,Koper Besar,3
25-01-2026,Koper Kecil,2
25-01-2026,Koper Sedang,5
25-01-2026,Loafers,86
25-01-2026,Maxi Dress,101
25-01-2026,Oversized Shirt,110
25-01-2026,Palazzo Pants,146
25-01-2026,Pleated Pants,113
25-01-2026,Polo Shirt,265
25-01-2026,Sandal Anak,66
25-01-2026,Sepatu Formal,89
25-01-2026,Sepatu Sekolah,57
25-01-2026,Setelan Anak,186
25-01-2026,Shoulder Bag,18
25-01-2026,Skirt,122
25-01-2026,Slip Dress,128
25-01-2026,Sneakers,227
25-01-2026,Sneakers Anak,43
25-01-2026,Totebag,43
25-01-2026,Tunic,152
25-01-2026,Vintage Top,89
25-01-2026,Wedges,79
26-01-2026,A-Line Dress,35
26-01-2026,Athleisure Set,27
26-01-2026,Blouse,19
26-01-2026,Bodycon Dress,27
26-01-2026,Boots,14
26-01-2026,Cardigan,28
26-01-2026,Casual Top,11
26-01-2026,Celana Anak,48
26-01-2026,Celana Chino,68
26-01-2026,Celana Formal,42
26-01-2026,Celana Jeans,45
26-01-2026,Chic Top,12
26-01-2026,Clutch,6
26-01-2026,Crop Shirt,25
26-01-2026,Culottes,32
26-01-2026,Dress Anak,37
26-01-2026,Flat Shoes,20
26-01-2026,Handbag,35
26-01-2026,Heels,7
26-01-2026,High-Waist Pants,16
26-01-2026,Jaket,36
26-01-2026,Jogger Pants,57
26-01-2026,Kaos,42
26-01-2026,Kaos Anak,36
26-01-2026,Kaos Kaki,21
26-01-2026,Kemeja,26
26-01-2026,Kemeja Wanita,22
26-01-2026,Koper Besar,1
26-01-2026,Koper Sedang,2
26-01-2026,Loafers,15
26-01-2026,Maxi Dress,13
26-01-2026,Oversized Shirt,25
26-01-2026,Palazzo Pants,22
26-01-2026,Pleated Pants,31
26-01-2026,Polo Shirt,50
26-01-2026,Sandal Anak,6
26-01-2026,Sepatu Formal,11
26-01-2026,Sepatu Sekolah,6
26-01-2026,Setelan Anak,34
26-01-2026,Shoulder Bag,14
26-01-2026,Skirt,10
26-01-2026,Slip Dress,29
26-01-2026,Sneakers,16
26-01-2026,Sneakers Anak,13
26-01-2026,Totebag,7
26-01-2026,Tunic,14
26-01-2026,Vintage Top,28
26-01-2026,Wedges,8
27-01-2026,A-Line Dress,20
27-01-2026,Athleisure Set,33
27-01-2026,Blouse,23
27-01-2026,Bodycon Dress,28
27-01-2026,Boots,13
27-01-2026,Cardigan,33
27-01-2026,Casual Top,25
27-01-2026,Celana Anak,37
27-01-2026,Celana Chino,58
27-01-2026,Celana Formal,87
27-01-2026,Celana Jeans,46
27-01-2026,Chic Top,31
27-01-2026,Clutch,4
27-01-2026,Crop Shirt,27
27-01-2026,Culottes,32
27-01-2026,Dress Anak,41
27-01-2026,Flat Shoes,24
27-01-2026,Handbag,33
27-01-2026,Heels,27
27-01-2026,High-Waist Pants,26
27-01-2026,Jaket,58
27-01-2026,Jogger Pants,62
27-01-2026,Kaos,69
27-01-2026,Kaos Anak,46
27-01-2026,Kaos Kaki,37
27-01-2026,Kemeja,56
27-01-2026,Kemeja Wanita,41
27-01-2026,Koper Besar,2
27-01-2026,Koper Kecil,1
27-01-2026,Loafers,13
27-01-2026,Maxi Dress,47
27-01-2026,Oversized Shirt,15
27-01-2026,Palazzo Pants,37
27-01-2026,Pleated Pants,22
27-01-2026,Polo Shirt,38
27-01-2026,Sandal Anak,11
27-01-2026,Sepatu Formal,11
27-01-2026,Sepatu Sekolah,9
27-01-2026,Setelan Anak,55
27-01-2026,Shoulder Bag,6
27-01-2026,Skirt,29
27-01-2026,Slip Dress,26
27-01-2026,Sneakers,34
27-01-2026,Sneakers Anak,7
27-01-2026,Totebag,6
27-01-2026,Tunic,25
27-01-2026,Vintage Top,34
27-01-2026,Wedges,14
28-01-2026,A-Line Dress,21
28-01-2026,Athleisure Set,12
28-01-2026,Blouse,30
28-01-2026,Bodycon Dress,31
28-01-2026,Boots,12
28-01-2026,Cardigan,23
28-01-2026,Casual Top,24
28-01-2026,Celana Anak,45
28-01-2026,Celana Chino,55
28-01-2026,Celana Formal,82
28-01-2026,Celana Jeans,57
28-01-2026,Chic Top,24
28-01-2026,Clutch,15
28-01-2026,Crop Shirt,25
28-01-2026,Culottes,34
28-01-2026,Dress Anak,23
28-01-2026,Flat Shoes,14
28-01-2026,Handbag,19
28-01-2026,Heels,21
28-01-2026,High-Waist Pants,19
28-01-2026,Jaket,47
28-01-2026,Jogger Pants,58
28-01-2026,Kaos,57
28-01-2026,Kaos Anak,39
28-01-2026,Kaos Kaki,37
28-01-2026,Kemeja,57
28-01-2026,Kemeja Wanita,29
28-01-2026,Koper Sedang,4
28-01-2026,Loafers,16
28-01-2026,Maxi Dress,30
28-01-2026,Oversized Shirt,21
28-01-2026,Palazzo Pants,33
28-01-2026,Pleated Pants,23
28-01-2026,Polo Shirt,64
28-01-2026,Sandal Anak,18
28-01-2026,Sepatu Formal,9
28-01-2026,Sepatu Sekolah,14
28-01-2026,Setelan Anak,42
28-01-2026,Shoulder Bag,4
28-01-2026,Skirt,14
28-01-2026,Slip Dress,22
28-01-2026,Sneakers,34
28-01-2026,Sneakers Anak,17
28-01-2026,Totebag,11
28-01-2026,Tunic,36
28-01-2026,Vintage Top,18
28-01-2026,Wedges,15
29-01-2026,A-Line Dress,7
29-01-2026,Athleisure Set,10
29-01-2026,Blouse,8
29-01-2026,Bodycon Dress,13
29-01-2026,Boots,8
29-01-2026,Cardigan,11
29-01-2026,Casual Top,12
29-01-2026,Celana Anak,16
29-01-2026,Celana Chino,43
29-01-2026,Celana Formal,29
29-01-2026,Celana Jeans,25
29-01-2026,Chic Top,13
29-01-2026,Clutch,4
29-01-2026,Crop Shirt,8
29-01-2026,Culottes,13
29-01-2026,Dress Anak,19
29-01-2026,Flat Shoes,12
29-01-2026,Handbag,5
29-01-2026,Heels,9
29-01-2026,High-Waist Pants,4
29-01-2026,Jaket,19
29-01-2026,Jogger Pants,32
29-01-2026,Kaos,22
29-01-2026,Kaos Anak,16
29-01-2026,Kaos Kaki,18
29-01-2026,Kemeja,17
29-01-2026,Kemeja Wanita,5
29-01-2026,Loafers,5
29-01-2026,Maxi Dress,19
29-01-2026,Oversized Shirt,10
29-01-2026,Palazzo Pants,14
29-01-2026,Pleated Pants,12
29-01-2026,Polo Shirt,20
29-01-2026,Sandal Anak,5
29-01-2026,Sepatu Formal,10
29-01-2026,Sepatu Sekolah,11
29-01-2026,Setelan Anak,24
29-01-2026,Skirt,12
29-01-2026,Slip Dress,20
29-01-2026,Sneakers,18
29-01-2026,Sneakers Anak,6
29-01-2026,Totebag,2
29-01-2026,Tunic,5
29-01-2026,Vintage Top,8
29-01-2026,Wedges,12
01-02-2026,A-Line Dress,31
01-02-2026,Athleisure Set,21
01-02-2026,Blouse,18
01-02-2026,Bodycon Dress,21
01-02-2026,Boots,8
01-02-2026,Cardigan,20
01-02-2026,Casual Top,19
01-02-2026,Celana Anak,30
01-02-2026,Celana Chino,66
01-02-2026,Celana Formal,40
01-02-2026,Celana Jeans,53
01-02-2026,Chic Top,17
01-02-2026,Clutch,8
01-02-2026,Crop Shirt,10
01-02-2026,Culottes,20
01-02-2026,Dress Anak,40
01-02-2026,Flat Shoes,8
01-02-2026,Handbag,9
01-02-2026,Heels,13
01-02-2026,High-Waist Pants,29
01-02-2026,Jaket,35
01-02-2026,Jogger Pants,35
01-02-2026,Kaos,34
01-02-2026,Kaos Anak,22
01-02-2026,Kaos Kaki,17
01-02-2026,Kemeja,38
01-02-2026,Kemeja Wanita,28
01-02-2026,Koper Besar,1
01-02-2026,Koper Kecil,1
01-02-2026,Koper Sedang,2
01-02-2026,Loafers,12
01-02-2026,Maxi Dress,19
01-02-2026,Oversized Shirt,37
01-02-2026,Palazzo Pants,23
01-02-2026,Pleated Pants,11
01-02-2026,Polo Shirt,39
01-02-2026,Sandal Anak,14
01-02-2026,Sepatu Formal,17
01-02-2026,Sepatu Sekolah,4
01-02-2026,Setelan Anak,33
01-02-2026,Shoulder Bag,9
01-02-2026,Skirt,19
01-02-2026,Slip Dress,18
01-02-2026,Sneakers,31
01-02-2026,Sneakers Anak,9
01-02-2026,Totebag,10
01-02-2026,Tunic,13
01-02-2026,Vintage Top,26
01-02-2026,Wedges,15
02-02-2026,A-Line Dress,17
02-02-2026,Athleisure Set,25
02-02-2026,Blouse,27
02-02-2026,Bodycon Dress,19
02-02-2026,Boots,17
02-02-2026,Cardigan,18
02-02-2026,Casual Top,23
02-02-2026,Celana Anak,30
02-02-2026,Celana Chino,55
02-02-2026,Celana Formal,40
02-02-2026,Celana Jeans,52
02-02-2026,Chic Top,24
02-02-2026,Clutch,7
02-02-2026,Crop Shirt,34
02-02-2026,Culottes,26
02-02-2026,Dress Anak,57
02-02-2026,Flat Shoes,30
02-02-2026,Handbag,12
02-02-2026,Heels,36
02-02-2026,High-Waist Pants,20
02-02-2026,Jaket,38
02-02-2026,Jogger Pants,48
02-02-2026,Kaos,54
02-02-2026,Kaos Anak,45
02-02-2026,Kaos Kaki,13
02-02-2026,Kemeja,47
02-02-2026,Kemeja Wanita,23
02-02-2026,Koper Besar,1
02-02-2026,Koper Kecil,2
02-02-2026,Koper Sedang,2
02-02-2026,Loafers,11
02-02-2026,Maxi Dress,28
02-02-2026,Oversized Shirt,28
02-02-2026,Palazzo Pants,43
02-02-2026,Pleated Pants,26
02-02-2026,Polo Shirt,45
02-02-2026,Sandal Anak,11
02-02-2026,Sepatu Formal,9
02-02-2026,Sepatu Sekolah,8
02-02-2026,Setelan Anak,33
02-02-2026,Shoulder Bag,13
02-02-2026,Skirt,19
02-02-2026,Slip Dress,39
02-02-2026,Sneakers,17
02-02-2026,Sneakers Anak,9
02-02-2026,Totebag,17
02-02-2026,Tunic,9
02-02-2026,Vintage Top,33
02-02-2026,Wedges,11
03-02-2026,A-Line Dress,29
03-02-2026,Athleisure Set,43
03-02-2026,Blouse,23
03-02-2026,Bodycon Dress,15
03-02-2026,Boots,23
03-02-2026,Cardigan,36
03-02-2026,Casual Top,28
03-02-2026,Celana Anak,41
03-02-2026,Celana Chino,72
03-02-2026,Celana Formal,42
03-02-2026,Celana Jeans,52
03-02-2026,Chic Top,24
03-02-2026,Clutch,6
03-02-2026,Crop Shirt,26
03-02-2026,Culottes,22
03-02-2026,Dress Anak,47
03-02-2026,Flat Shoes,28
03-02-2026,Handbag,28
03-02-2026,Heels,22
03-02-2026,High-Waist Pants,26
03-02-2026,Jaket,52
03-02-2026,Jogger Pants,73
03-02-2026,Kaos,56
03-02-2026,Kaos Anak,41
03-02-2026,Kaos Kaki,28
03-02-2026,Kemeja,59
03-02-2026,Kemeja Wanita,37
03-02-2026,Koper Besar,3
03-02-2026,Koper Kecil,3
03-02-2026,Koper Sedang,3
03-02-2026,Loafers,20
03-02-2026,Maxi Dress,28
03-02-2026,Oversized Shirt,30
03-02-2026,Palazzo Pants,37
03-02-2026,Pleated Pants,26
03-02-2026,Polo Shirt,42
03-02-2026,Sandal Anak,15
03-02-2026,Sepatu Formal,12
03-02-2026,Sepatu Sekolah,15
03-02-2026,Setelan Anak,55
03-02-2026,Shoulder Bag,18
03-02-2026,Skirt,25
03-02-2026,Slip Dress,21
03-02-2026,Sneakers,39
03-02-2026,Sneakers Anak,13
03-02-2026,Totebag,21
03-02-2026,Tunic,38
03-02-2026,Vintage Top,31
03-02-2026,Wedges,24
04-02-2026,A-Line Dress,19
04-02-2026,Athleisure Set,47
04-02-2026,Blouse,29
04-02-2026,Bodycon Dress,21
04-02-2026,Boots,17
04-02-2026,Cardigan,27
04-02-2026,Casual Top,27
04-02-2026,Celana Anak,43
04-02-2026,Celana Chino,83
04-02-2026,Celana Formal,37
04-02-2026,Celana Jeans,90
04-02-2026,Chic Top,37
04-02-2026,Clutch,18
04-02-2026,Crop Shirt,14
04-02-2026,Culottes,32
04-02-2026,Dress Anak,58
04-02-2026,Flat Shoes,42
04-02-2026,Handbag,14
04-02-2026,Heels,22
04-02-2026,High-Waist Pants,31
04-02-2026,Jaket,49
04-02-2026,Jogger Pants,53
04-02-2026,Kaos,53
04-02-2026,Kaos Anak,40
04-02-2026,Kaos Kaki,33
04-02-2026,Kemeja,86
04-02-2026,Kemeja Wanita,20
04-02-2026,Koper Besar,4
04-02-2026,Koper Kecil,2
04-02-2026,Koper Sedang,1
04-02-2026,Loafers,12
04-02-2026,Maxi Dress,12
04-02-2026,Oversized Shirt,24
04-02-2026,Palazzo Pants,35
04-02-2026,Pleated Pants,31
04-02-2026,Polo Shirt,47
04-02-2026,Sandal Anak,20
04-02-2026,Sepatu Formal,15
04-02-2026,Sepatu Sekolah,15
04-02-2026,Setelan Anak,34
04-02-2026,Shoulder Bag,8
04-02-2026,Skirt,32
04-02-2026,Slip Dress,36
04-02-2026,Sneakers,37
04-02-2026,Sneakers Anak,11
04-02-2026,Totebag,23
04-02-2026,Tunic,27
04-02-2026,Vintage Top,25
04-02-2026,Wedges,15
05-02-2026,A-Line Dress,32
05-02-2026,Athleisure Set,28
05-02-2026,Blouse,18
05-02-2026,Bodycon Dress,26
05-02-2026,Boots,13
05-02-2026,Cardigan,29
05-02-2026,Casual Top,18
05-02-2026,Celana Anak,41
05-02-2026,Celana Chino,63
05-02-2026,Celana Formal,57
05-02-2026,Celana Jeans,82
05-02-2026,Chic Top,22
05-02-2026,Clutch,11
05-02-2026,Crop Shirt,20
05-02-2026,Culottes,30
05-02-2026,Dress Anak,37
05-02-2026,Flat Shoes,24
05-02-2026,Handbag,23
05-02-2026,Heels,25
05-02-2026,High-Waist Pants,25
05-02-2026,Jaket,54
05-02-2026,Jogger Pants,80
05-02-2026,Kaos,60
05-02-2026,Kaos Anak,40
05-02-2026,Kaos Kaki,36
05-02-2026,Kemeja,43
05-02-2026,Kemeja Wanita,27
05-02-2026,Koper Besar,1
05-02-2026,Koper Kecil,1
05-02-2026,Loafers,13
05-02-2026,Maxi Dress,20
05-02-2026,Oversized Shirt,30
05-02-2026,Palazzo Pants,35
05-02-2026,Pleated Pants,26
05-02-2026,Polo Shirt,46
05-02-2026,Sandal Anak,8
05-02-2026,Sepatu Formal,13
05-02-2026,Sepatu Sekolah,11
05-02-2026,Setelan Anak,33
05-02-2026,Shoulder Bag,5
05-02-2026,Skirt,26
05-02-2026,Slip Dress,31
05-02-2026,Sneakers,43
05-02-2026,Sneakers Anak,9
05-02-2026,Totebag,9
05-02-2026,Tunic,16
05-02-2026,Vintage Top,31
05-02-2026,Wedges,20
06-02-2026,A-Line Dress,32
06-02-2026,Athleisure Set,36
06-02-2026,Blouse,30
06-02-2026,Bodycon Dress,21
06-02-2026,Boots,19
06-02-2026,Cardigan,25
06-02-2026,Casual Top,36
06-02-2026,Celana Anak,30
06-02-2026,Celana Chino,61
06-02-2026,Celana Formal,55
06-02-2026,Celana Jeans,75
06-02-2026,Chic Top,29
06-02-2026,Clutch,15
06-02-2026,Crop Shirt,33
06-02-2026,Culottes,47
06-02-2026,Dress Anak,38
06-02-2026,Flat Shoes,16
06-02-2026,Handbag,26
06-02-2026,Heels,23
06-02-2026,High-Waist Pants,15
06-02-2026,Jaket,55
06-02-2026,Jogger Pants,68
06-02-2026,Kaos,47
06-02-2026,Kaos Anak,46
06-02-2026,Kaos Kaki,21
06-02-2026,Kemeja,51
06-02-2026,Kemeja Wanita,31
06-02-2026,Koper Besar,2
06-02-2026,Koper Kecil,1
06-02-2026,Koper Sedang,1
06-02-2026,Loafers,15
06-02-2026,Maxi Dress,30
06-02-2026,Oversized Shirt,23
06-02-2026,Palazzo Pants,43
06-02-2026,Pleated Pants,25
06-02-2026,Polo Shirt,69
06-02-2026,Sandal Anak,17
06-02-2026,Sepatu Formal,18
06-02-2026,Sepatu Sekolah,18
06-02-2026,Setelan Anak,32
06-02-2026,Shoulder Bag,7
06-02-2026,Skirt,10
06-02-2026,Slip Dress,28
06-02-2026,Sneakers,39
06-02-2026,Sneakers Anak,10
06-02-2026,Totebag,15
06-02-2026,Tunic,34
06-02-2026,Vintage Top,19
06-02-2026,Wedges,20
07-02-2026,A-Line Dress,43
07-02-2026,Athleisure Set,50
07-02-2026,Blouse,35
07-02-2026,Bodycon Dress,72
07-02-2026,Boots,29
07-02-2026,Cardigan,46
07-02-2026,Casual Top,51
07-02-2026,Celana Anak,62
07-02-2026,Celana Chino,110
07-02-2026,Celana Formal,121
07-02-2026,Celana Jeans,143
07-02-2026,Chic Top,62
07-02-2026,Clutch,25
07-02-2026,Crop Shirt,52
07-02-2026,Culottes,63
07-02-2026,Dress Anak,75
07-02-2026,Flat Shoes,42
07-02-2026,Handbag,30
07-02-2026,Heels,64
07-02-2026,High-Waist Pants,51
07-02-2026,Jaket,83
07-02-2026,Jogger Pants,153
07-02-2026,Kaos,114
07-02-2026,Kaos Anak,90
07-02-2026,Kaos Kaki,65
07-02-2026,Kemeja,97
07-02-2026,Kemeja Wanita,62
07-02-2026,Koper Besar,1
07-02-2026,Koper Kecil,4
07-02-2026,Loafers,27
07-02-2026,Maxi Dress,91
07-02-2026,Oversized Shirt,57
07-02-2026,Palazzo Pants,109
07-02-2026,Pleated Pants,55
07-02-2026,Polo Shirt,84
07-02-2026,Sandal Anak,35
07-02-2026,Sepatu Formal,36
07-02-2026,Sepatu Sekolah,27
07-02-2026,Setelan Anak,109
07-02-2026,Shoulder Bag,14
07-02-2026,Skirt,58
07-02-2026,Slip Dress,56
07-02-2026,Sneakers,103
07-02-2026,Sneakers Anak,27
07-02-2026,Totebag,45
07-02-2026,Tunic,60
07-02-2026,Vintage Top,36
07-02-2026,Wedges,56
08-02-2026,A-Line Dress,18
08-02-2026,Athleisure Set,19
08-02-2026,Blouse,18
08-02-2026,Bodycon Dress,26
08-02-2026,Boots,9
08-02-2026,Cardigan,18
08-02-2026,Casual Top,20
08-02-2026,Celana Anak,27
08-02-2026,Celana Chino,43
08-02-2026,Celana Formal,52
08-02-2026,Celana Jeans,58
08-02-2026,Chic Top,18
08-02-2026,Clutch,7
08-02-2026,Crop Shirt,17
08-02-2026,Culottes,26
08-02-2026,Dress Anak,32
08-02-2026,Flat Shoes,23
08-02-2026,Handbag,15
08-02-2026,Heels,21
08-02-2026,High-Waist Pants,24
08-02-2026,Jaket,43
08-02-2026,Jogger Pants,64
08-02-2026,Kaos,32
08-02-2026,Kaos Anak,20
08-02-2026,Kaos Kaki,31
08-02-2026,Kemeja,30
08-02-2026,Kemeja Wanita,22
08-02-2026,Koper Kecil,3
08-02-2026,Koper Sedang,1
08-02-2026,Loafers,6
08-02-2026,Maxi Dress,23
08-02-2026,Oversized Shirt,28
08-02-2026,Palazzo Pants,22
08-02-2026,Pleated Pants,19
08-02-2026,Polo Shirt,69
08-02-2026,Sandal Anak,14
08-02-2026,Sepatu Formal,13
08-02-2026,Sepatu Sekolah,4
08-02-2026,Setelan Anak,37
08-02-2026,Shoulder Bag,5
08-02-2026,Skirt,24
08-02-2026,Slip Dress,12
08-02-2026,Sneakers,26
08-02-2026,Sneakers Anak,6
08-02-2026,Totebag,12
08-02-2026,Tunic,17
08-02-2026,Vintage Top,14
08-02-2026,Wedges,22
09-02-2026,A-Line Dress,12
09-02-2026,Athleisure Set,7
09-02-2026,Blouse,17
09-02-2026,Bodycon Dress,12
09-02-2026,Boots,14
09-02-2026,Cardigan,23
09-02-2026,Casual Top,9
09-02-2026,Celana Anak,20
09-02-2026,Celana Chino,27
09-02-2026,Celana Formal,29
09-02-2026,Celana Jeans,36
09-02-2026,Chic Top,12
09-02-2026,Clutch,3
09-02-2026,Crop Shirt,12
09-02-2026,Culottes,22
09-02-2026,Dress Anak,25
09-02-2026,Flat Shoes,17
09-02-2026,Handbag,9
09-02-2026,Heels,15
09-02-2026,High-Waist Pants,15
09-02-2026,Jaket,37
09-02-2026,Jogger Pants,50
09-02-2026,Kaos,38
09-02-2026,Kaos Anak,15
09-02-2026,Kaos Kaki,10
09-02-2026,Kemeja,14
09-02-2026,Kemeja Wanita,24
09-02-2026,Koper Besar,1
09-02-2026,Koper Kecil,1
09-02-2026,Koper Sedang,1
09-02-2026,Loafers,11
09-02-2026,Maxi Dress,9
09-02-2026,Oversized Shirt,15
09-02-2026,Palazzo Pants,27
09-02-2026,Pleated Pants,18
09-02-2026,Polo Shirt,25
09-02-2026,Sandal Anak,7
09-02-2026,Sepatu Formal,8
09-02-2026,Sepatu Sekolah,25
09-02-2026,Setelan Anak,28
09-02-2026,Shoulder Bag,4
09-02-2026,Skirt,10
09-02-2026,Slip Dress,10
09-02-2026,Sneakers,20
09-02-2026,Sneakers Anak,7
09-02-2026,Totebag,12
09-02-2026,Tunic,6
09-02-2026,Vintage Top,22
09-02-2026,Wedges,11
10-02-2026,A-Line Dress,17
10-02-2026,Athleisure Set,15
10-02-2026,Blouse,14
10-02-2026,Bodycon Dress,23
10-02-2026,Boots,13
10-02-2026,Cardigan,20
10-02-2026,Casual Top,24
10-02-2026,Celana Anak,26
10-02-2026,Celana Chino,28
10-02-2026,Celana Formal,33
10-02-2026,Celana Jeans,29
10-02-2026,Chic Top,10
10-02-2026,Clutch,5
10-02-2026,Crop Shirt,8
10-02-2026,Culottes,17
10-02-2026,Dress Anak,20
10-02-2026,Flat Shoes,14
10-02-2026,Handbag,15
10-02-2026,Heels,11
10-02-2026,High-Waist Pants,15
10-02-2026,Jaket,26
10-02-2026,Jogger Pants,36
10-02-2026,Kaos,36
10-02-2026,Kaos Anak,17
10-02-2026,Kaos Kaki,15
10-02-2026,Kemeja,21
10-02-2026,Kemeja Wanita,32
10-02-2026,Loafers,4
10-02-2026,Maxi Dress,9
10-02-2026,Oversized Shirt,5
10-02-2026,Palazzo Pants,22
10-02-2026,Pleated Pants,10
10-02-2026,Polo Shirt,33
10-02-2026,Sandal Anak,9
10-02-2026,Sepatu Formal,16
10-02-2026,Sepatu Sekolah,13
10-02-2026,Setelan Anak,36
10-02-2026,Shoulder Bag,3
10-02-2026,Skirt,23
10-02-2026,Slip Dress,22
10-02-2026,Sneakers,19
10-02-2026,Sneakers Anak,15
10-02-2026,Totebag,11
10-02-2026,Tunic,20
10-02-2026,Vintage Top,20
10-02-2026,Wedges,18
11-02-2026,A-Line Dress,20
11-02-2026,Athleisure Set,23
11-02-2026,Blouse,20
11-02-2026,Bodycon Dress,22
11-02-2026,Boots,9
11-02-2026,Cardigan,23
11-02-2026,Casual Top,26
11-02-2026,Celana Anak,41
11-02-2026,Celana Chino,41
11-02-2026,Celana Formal,38
11-02-2026,Celana Jeans,58
11-02-2026,Chic Top,18
11-02-2026,Clutch,6
11-02-2026,Crop Shirt,9
11-02-2026,Culottes,23
11-02-2026,Dress Anak,18
11-02-2026,Flat Shoes,17
11-02-2026,Handbag,10
11-02-2026,Heels,18
11-02-2026,High-Waist Pants,17
11-02-2026,Jaket,28
11-02-2026,Jogger Pants,37
11-02-2026,Kaos,18
11-02-2026,Kaos Anak,16
11-02-2026,Kaos Kaki,15
11-02-2026,Kemeja,34
11-02-2026,Kemeja Wanita,27
11-02-2026,Koper Besar,2
11-02-2026,Koper Kecil,1
11-02-2026,Koper Sedang,1
11-02-2026,Loafers,6
11-02-2026,Maxi Dress,15
11-02-2026,Oversized Shirt,17
11-02-2026,Palazzo Pants,23
11-02-2026,Pleated Pants,12
11-02-2026,Polo Shirt,22
11-02-2026,Sandal Anak,14
11-02-2026,Sepatu Formal,15
11-02-2026,Sepatu Sekolah,9
11-02-2026,Setelan Anak,29
11-02-2026,Shoulder Bag,1
11-02-2026,Skirt,32
11-02-2026,Slip Dress,27
11-02-2026,Sneakers,22
11-02-2026,Sneakers Anak,9
11-02-2026,Totebag,9
11-02-2026,Tunic,25
11-02-2026,Vintage Top,17
11-02-2026,Wedges,21
12-02-2026,A-Line Dress,23
12-02-2026,Athleisure Set,17
12-02-2026,Blouse,21
12-02-2026,Bodycon Dress,10
12-02-2026,Boots,3
12-02-2026,Cardigan,10
12-02-2026,Casual Top,24
12-02-2026,Celana Anak,30
12-02-2026,Celana Chino,42
12-02-2026,Celana Formal,13
12-02-2026,Celana Jeans,38
12-02-2026,Chic Top,10
12-02-2026,Clutch,1
12-02-2026,Crop Shirt,9
12-02-2026,Culottes,20
12-02-2026,Dress Anak,23
12-02-2026,Flat Shoes,18
12-02-2026,Handbag,19
12-02-2026,Heels,21
12-02-2026,High-Waist Pants,28
12-02-2026,Jaket,33
12-02-2026,Jogger Pants,51
12-02-2026,Kaos,22
12-02-2026,Kaos Anak,22
12-02-2026,Kaos Kaki,15
12-02-2026,Kemeja,38
12-02-2026,Kemeja Wanita,13
12-02-2026,Koper Besar,2
12-02-2026,Koper Kecil,3
12-02-2026,Koper Sedang,1
12-02-2026,Loafers,20
12-02-2026,Maxi Dress,15
12-02-2026,Oversized Shirt,17
12-02-2026,Palazzo Pants,24
12-02-2026,Pleated Pants,12
12-02-2026,Polo Shirt,28
12-02-2026,Sandal Anak,2
12-02-2026,Sepatu Formal,12
12-02-2026,Sepatu Sekolah,12
12-02-2026,Setelan Anak,22
12-02-2026,Shoulder Bag,3
12-02-2026,Skirt,12
12-02-2026,Slip Dress,19
12-02-2026,Sneakers,21
12-02-2026,Sneakers Anak,4
12-02-2026,Totebag,9
12-02-2026,Tunic,13
12-02-2026,Vintage Top,12
12-02-2026,Wedges,11
13-02-2026,A-Line Dress,14
13-02-2026,Athleisure Set,12
13-02-2026,Blouse,12
13-02-2026,Bodycon Dress,12
13-02-2026,Boots,10
13-02-2026,Cardigan,3
13-02-2026,Casual Top,12
13-02-2026,Celana Anak,24
13-02-2026,Celana Chino,20
13-02-2026,Celana Formal,28
13-02-2026,Celana Jeans,44
13-02-2026,Chic Top,5
13-02-2026,Clutch,5
13-02-2026,Crop Shirt,8
13-02-2026,Culottes,20
13-02-2026,Dress Anak,16
13-02-2026,Flat Shoes,11
13-02-2026,Handbag,12
13-02-2026,Heels,19
13-02-2026,High-Waist Pants,14
13-02-2026,Jaket,25
13-02-2026,Jogger Pants,32
13-02-2026,Kaos,33
13-02-2026,Kaos Anak,27
13-02-2026,Kaos Kaki,17
13-02-2026,Kemeja,33
13-02-2026,Kemeja Wanita,10
13-02-2026,Koper Besar,2
13-02-2026,Koper Kecil,1
13-02-2026,Loafers,3
13-02-2026,Maxi Dress,15
13-02-2026,Oversized Shirt,23
13-02-2026,Palazzo Pants,25
13-02-2026,Pleated Pants,12
13-02-2026,Polo Shirt,20
13-02-2026,Sandal Anak,14
13-02-2026,Sepatu Formal,5
13-02-2026,Sepatu Sekolah,3
13-02-2026,Setelan Anak,29
13-02-2026,Shoulder Bag,7
13-02-2026,Skirt,20
13-02-2026,Slip Dress,16
13-02-2026,Sneakers,25
13-02-2026,Sneakers Anak,9
13-02-2026,Totebag,11
13-02-2026,Tunic,18
13-02-2026,Vintage Top,13
13-02-2026,Wedges,26
14-02-2026,A-Line Dress,38
14-02-2026,Athleisure Set,61
14-02-2026,Blouse,60
14-02-2026,Bodycon Dress,54
14-02-2026,Boots,36
14-02-2026,Cardigan,65
14-02-2026,Casual Top,59
14-02-2026,Celana Anak,81
14-02-2026,Celana Chino,141
14-02-2026,Celana Formal,131
14-02-2026,Celana Jeans,145
14-02-2026,Chic Top,96
14-02-2026,Clutch,27
14-02-2026,Crop Shirt,52
14-02-2026,Culottes,88
14-02-2026,Dress Anak,83
14-02-2026,Flat Shoes,52
14-02-2026,Handbag,40
14-02-2026,Heels,45
14-02-2026,High-Waist Pants,56
14-02-2026,Jaket,104
14-02-2026,Jogger Pants,165
14-02-2026,Kaos,134
14-02-2026,Kaos Anak,86
14-02-2026,Kaos Kaki,41
14-02-2026,Kemeja,112
14-02-2026,Kemeja Wanita,74
14-02-2026,Koper Besar,2
14-02-2026,Koper Kecil,3
14-02-2026,Koper Sedang,2
14-02-2026,Loafers,21
14-02-2026,Maxi Dress,65
14-02-2026,Oversized Shirt,66
14-02-2026,Palazzo Pants,71
14-02-2026,Pleated Pants,65
14-02-2026,Polo Shirt,122
14-02-2026,Sandal Anak,21
14-02-2026,Sepatu Formal,40
14-02-2026,Sepatu Sekolah,27
14-02-2026,Setelan Anak,95
14-02-2026,Shoulder Bag,15
14-02-2026,Skirt,69
14-02-2026,Slip Dress,56
14-02-2026,Sneakers,89
14-02-2026,Sneakers Anak,33
14-02-2026,Totebag,21
14-02-2026,Tunic,64
14-02-2026,Vintage Top,53
14-02-2026,Wedges,72
15-02-2026,A-Line Dress,21
15-02-2026,Athleisure Set,22
15-02-2026,Blouse,35
15-02-2026,Bodycon Dress,13
15-02-2026,Boots,17
15-02-2026,Cardigan,28
15-02-2026,Casual Top,13
15-02-2026,Celana Anak,36
15-02-2026,Celana Chino,48
15-02-2026,Celana Formal,34
15-02-2026,Celana Jeans,52
15-02-2026,Chic Top,24
15-02-2026,Clutch,13
15-02-2026,Crop Shirt,34
15-02-2026,Culottes,52
15-02-2026,Dress Anak,30
15-02-2026,Flat Shoes,29
15-02-2026,Handbag,17
15-02-2026,Heels,26
15-02-2026,High-Waist Pants,22
15-02-2026,Jaket,50
15-02-2026,Jogger Pants,78
15-02-2026,Kaos,52
15-02-2026,Kaos Anak,43
15-02-2026,Kaos Kaki,34
15-02-2026,Kemeja,40
15-02-2026,Kemeja Wanita,25
15-02-2026,Koper Besar,1
15-02-2026,Koper Kecil,2
15-02-2026,Koper Sedang,1
15-02-2026,Loafers,23
15-02-2026,Maxi Dress,38
15-02-2026,Oversized Shirt,34
15-02-2026,Palazzo Pants,26
15-02-2026,Pleated Pants,26
15-02-2026,Polo Shirt,49
15-02-2026,Sandal Anak,9
15-02-2026,Sepatu Formal,14
15-02-2026,Sepatu Sekolah,9
15-02-2026,Setelan Anak,38
15-02-2026,Shoulder Bag,6
15-02-2026,Skirt,32
15-02-2026,Slip Dress,24
15-02-2026,Sneakers,37
15-02-2026,Sneakers Anak,12
15-02-2026,Totebag,27
15-02-2026,Tunic,17
15-02-2026,Vintage Top,29
15-02-2026,Wedges,15
16-02-2026,A-Line Dress,18
16-02-2026,Athleisure Set,22
16-02-2026,Blouse,12
16-02-2026,Bodycon Dress,14
16-02-2026,Boots,8
16-02-2026,Cardigan,11
16-02-2026,Casual Top,7
16-02-2026,Celana Anak,15
16-02-2026,Celana Chino,36
16-02-2026,Celana Formal,23
16-02-2026,Celana Jeans,38
16-02-2026,Chic Top,12
16-02-2026,Clutch,4
16-02-2026,Crop Shirt,13
16-02-2026,Culottes,27
16-02-2026,Dress Anak,23
16-02-2026,Flat Shoes,18
16-02-2026,Handbag,10
16-02-2026,Heels,22
16-02-2026,High-Waist Pants,15
16-02-2026,Jaket,42
16-02-2026,Jogger Pants,34
16-02-2026,Kaos,24
16-02-2026,Kaos Anak,28
16-02-2026,Kaos Kaki,9
16-02-2026,Kemeja,26
16-02-2026,Kemeja Wanita,11
16-02-2026,Koper Besar,1
16-02-2026,Loafers,17
16-02-2026,Maxi Dress,11
16-02-2026,Oversized Shirt,26
16-02-2026,Palazzo Pants,23
16-02-2026,Pleated Pants,7
16-02-2026,Polo Shirt,31
16-02-2026,Sandal Anak,4
16-02-2026,Sepatu Formal,19
16-02-2026,Sepatu Sekolah,8
16-02-2026,Setelan Anak,36
16-02-2026,Shoulder Bag,2
16-02-2026,Skirt,17
16-02-2026,Slip Dress,11
16-02-2026,Sneakers,12
16-02-2026,Sneakers Anak,7
16-02-2026,Totebag,12
16-02-2026,Tunic,11
16-02-2026,Vintage Top,24
16-02-2026,Wedges,8
17-02-2026,A-Line Dress,15
17-02-2026,Athleisure Set,20
17-02-2026,Blouse,9
17-02-2026,Bodycon Dress,10
17-02-2026,Boots,8
17-02-2026,Cardigan,13
17-02-2026,Casual Top,23
17-02-2026,Celana Anak,13
17-02-2026,Celana Chino,43
17-02-2026,Celana Formal,35
17-02-2026,Celana Jeans,40
17-02-2026,Chic Top,15
17-02-2026,Clutch,7
17-02-2026,Crop Shirt,13
17-02-2026,Culottes,15
17-02-2026,Dress Anak,10
17-02-2026,Flat Shoes,9
17-02-2026,Handbag,8
17-02-2026,Heels,12
17-02-2026,High-Waist Pants,17
17-02-2026,Jaket,26
17-02-2026,Jogger Pants,30
17-02-2026,Kaos,22
17-02-2026,Kaos Anak,27
17-02-2026,Kaos Kaki,14
17-02-2026,Kemeja,30
17-02-2026,Kemeja Wanita,23
17-02-2026,Koper Besar,1
17-02-2026,Koper Kecil,1
17-02-2026,Koper Sedang,5
17-02-2026,Loafers,5
17-02-2026,Maxi Dress,10
17-02-2026,Oversized Shirt,17
17-02-2026,Palazzo Pants,9
17-02-2026,Pleated Pants,8
17-02-2026,Polo Shirt,38
17-02-2026,Sandal Anak,7
17-02-2026,Sepatu Formal,5
17-02-2026,Sepatu Sekolah,16
17-02-2026,Setelan Anak,19
17-02-2026,Shoulder Bag,11
17-02-2026,Skirt,22
17-02-2026,Slip Dress,12
17-02-2026,Sneakers,16
17-02-2026,Sneakers Anak,5
17-02-2026,Totebag,19
17-02-2026,Tunic,20
17-02-2026,Vintage Top,23
17-02-2026,Wedges,7
18-02-2026,A-Line Dress,12
18-02-2026,Athleisure Set,22
18-02-2026,Blouse,22
18-02-2026,Bodycon Dress,15
18-02-2026,Boots,17
18-02-2026,Cardigan,25
18-02-2026,Casual Top,5
18-02-2026,Celana Anak,16
18-02-2026,Celana Chino,43
18-02-2026,Celana Formal,21
18-02-2026,Celana Jeans,30
18-02-2026,Chic Top,12
18-02-2026,Clutch,4
18-02-2026,Crop Shirt,19
18-02-2026,Culottes,15
18-02-2026,Dress Anak,26
18-02-2026,Flat Shoes,15
18-02-2026,Handbag,8
18-02-2026,Heels,15
18-02-2026,High-Waist Pants,4
18-02-2026,Jaket,33
18-02-2026,Jogger Pants,35
18-02-2026,Kaos,25
18-02-2026,Kaos Anak,18
18-02-2026,Kaos Kaki,19
18-02-2026,Kemeja,18
18-02-2026,Kemeja Wanita,6
18-02-2026,Koper Besar,1
18-02-2026,Koper Kecil,3
18-02-2026,Koper Sedang,2
18-02-2026,Loafers,17
18-02-2026,Maxi Dress,12
18-02-2026,Oversized Shirt,10
18-02-2026,Palazzo Pants,17
18-02-2026,Pleated Pants,16
18-02-2026,Polo Shirt,10
18-02-2026,Sandal Anak,6
18-02-2026,Sepatu Formal,5
18-02-2026,Sepatu Sekolah,8
18-02-2026,Setelan Anak,12
18-02-2026,Skirt,20
18-02-2026,Slip Dress,21
18-02-2026,Sneakers,35
18-02-2026,Sneakers Anak,10
18-02-2026,Totebag,8
18-02-2026,Tunic,7
18-02-2026,Vintage Top,27
18-02-2026,Wedges,16
19-02-2026,A-Line Dress,6
19-02-2026,Athleisure Set,13
19-02-2026,Blouse,19
19-02-2026,Bodycon Dress,11
19-02-2026,Boots,9
19-02-2026,Cardigan,18
19-02-2026,Casual Top,17
19-02-2026,Celana Anak,21
19-02-2026,Celana Chino,40
19-02-2026,Celana Formal,25
19-02-2026,Celana Jeans,43
19-02-2026,Chic Top,9
19-02-2026,Clutch,7
19-02-2026,Crop Shirt,15
19-02-2026,Culottes,15
19-02-2026,Dress Anak,23
19-02-2026,Flat Shoes,9
19-02-2026,Handbag,10
19-02-2026,Heels,22
19-02-2026,High-Waist Pants,23
19-02-2026,Jaket,33
19-02-2026,Jogger Pants,24
19-02-2026,Kaos,29
19-02-2026,Kaos Anak,12
19-02-2026,Kaos Kaki,18
19-02-2026,Kemeja,25
19-02-2026,Kemeja Wanita,9
19-02-2026,Koper Besar,1
19-02-2026,Koper Sedang,1
19-02-2026,Loafers,15
19-02-2026,Maxi Dress,11
19-02-2026,Oversized Shirt,30
19-02-2026,Palazzo Pants,22
19-02-2026,Pleated Pants,13
19-02-2026,Polo Shirt,23
19-02-2026,Sandal Anak,12
19-02-2026,Sepatu Formal,10
19-02-2026,Sepatu Sekolah,11
19-02-2026,Setelan Anak,29
19-02-2026,Shoulder Bag,2
19-02-2026,Skirt,9
19-02-2026,Slip Dress,12
19-02-2026,Sneakers,20
19-02-2026,Sneakers Anak,7
19-02-2026,Totebag,9
19-02-2026,Tunic,27
19-02-2026,Vintage Top,24
19-02-2026,Wedges,13
20-02-2026,A-Line Dress,13
20-02-2026,Athleisure Set,15
20-02-2026,Blouse,24
20-02-2026,Bodycon Dress,16
20-02-2026,Boots,5
20-02-2026,Cardigan,20
20-02-2026,Casual Top,19
20-02-2026,Celana Anak,13
20-02-2026,Celana Chino,49
20-02-2026,Celana Formal,21
20-02-2026,Celana Jeans,48
20-02-2026,Chic Top,14
20-02-2026,Clutch,7
20-02-2026,Crop Shirt,25
20-02-2026,Culottes,36
20-02-2026,Dress Anak,19
20-02-2026,Flat Shoes,11
20-02-2026,Handbag,16
20-02-2026,Heels,20
20-02-2026,High-Waist Pants,14
20-02-2026,Jaket,39
20-02-2026,Jogger Pants,53
20-02-2026,Kaos,33
20-02-2026,Kaos Anak,28
20-02-2026,Kaos Kaki,9
20-02-2026,Kemeja,34
20-02-2026,Kemeja Wanita,11
20-02-2026,Koper Kecil,2
20-02-2026,Loafers,19
20-02-2026,Maxi Dress,11
20-02-2026,Oversized Shirt,16
20-02-2026,Palazzo Pants,43
20-02-2026,Pleated Pants,23
20-02-2026,Polo Shirt,36
20-02-2026,Sandal Anak,15
20-02-2026,Sepatu Formal,9
20-02-2026,Sepatu Sekolah,8
20-02-2026,Setelan Anak,23
20-02-2026,Shoulder Bag,10
20-02-2026,Skirt,13
20-02-2026,Slip Dress,19
20-02-2026,Sneakers,20
20-02-2026,Sneakers Anak,4
20-02-2026,Totebag,5
20-02-2026,Tunic,21
20-02-2026,Vintage Top,12
20-02-2026,Wedges,27
21-02-2026,A-Line Dress,25
21-02-2026,Athleisure Set,17
21-02-2026,Blouse,30
21-02-2026,Bodycon Dress,37
21-02-2026,Boots,15
21-02-2026,Cardigan,27
21-02-2026,Casual Top,31
21-02-2026,Celana Anak,44
21-02-2026,Celana Chino,76
21-02-2026,Celana Formal,59
21-02-2026,Celana Jeans,53
21-02-2026,Chic Top,23
21-02-2026,Clutch,4
21-02-2026,Crop Shirt,24
21-02-2026,Culottes,35
21-02-2026,Dress Anak,57
21-02-2026,Flat Shoes,14
21-02-2026,Handbag,21
21-02-2026,Heels,26
21-02-2026,High-Waist Pants,22
21-02-2026,Jaket,36
21-02-2026,Jogger Pants,63
21-02-2026,Kaos,50
21-02-2026,Kaos Anak,45
21-02-2026,Kaos Kaki,24
21-02-2026,Kemeja,30
21-02-2026,Kemeja Wanita,20
21-02-2026,Koper Kecil,1
21-02-2026,Loafers,11
21-02-2026,Maxi Dress,31
21-02-2026,Oversized Shirt,38
21-02-2026,Palazzo Pants,25
21-02-2026,Pleated Pants,26
21-02-2026,Polo Shirt,48
21-02-2026,Sandal Anak,15
21-02-2026,Sepatu Formal,17
21-02-2026,Sepatu Sekolah,17
21-02-2026,Setelan Anak,37
21-02-2026,Shoulder Bag,5
21-02-2026,Skirt,20
21-02-2026,Slip Dress,24
21-02-2026,Sneakers,24
21-02-2026,Sneakers Anak,3
21-02-2026,Totebag,10
21-02-2026,Tunic,20
21-02-2026,Vintage Top,24
21-02-2026,Wedges,34
22-02-2026,A-Line Dress,16
22-02-2026,Athleisure Set,20
22-02-2026,Blouse,37
22-02-2026,Bodycon Dress,29
22-02-2026,Boots,14
22-02-2026,Cardigan,29
22-02-2026,Casual Top,16
22-02-2026,Celana Anak,37
22-02-2026,Celana Chino,58
22-02-2026,Celana Formal,40
22-02-2026,Celana Jeans,79
22-02-2026,Chic Top,17
22-02-2026,Clutch,3
22-02-2026,Crop Shirt,13
22-02-2026,Culottes,38
22-02-2026,Dress Anak,45
22-02-2026,Flat Shoes,16
22-02-2026,Handbag,11
22-02-2026,Heels,23
22-02-2026,High-Waist Pants,30
22-02-2026,Jaket,39
22-02-2026,Jogger Pants,55
22-02-2026,Kaos,44
22-02-2026,Kaos Anak,36
22-02-2026,Kaos Kaki,28
22-02-2026,Kemeja,40
22-02-2026,Kemeja Wanita,25
22-02-2026,Koper Sedang,2
22-02-2026,Loafers,6
22-02-2026,Maxi Dress,16
22-02-2026,Oversized Shirt,26
22-02-2026,Palazzo Pants,44
22-02-2026,Pleated Pants,29
22-02-2026,Polo Shirt,37
22-02-2026,Sandal Anak,4
22-02-2026,Sepatu Formal,19
22-02-2026,Sepatu Sekolah,12
22-02-2026,Setelan Anak,40
22-02-2026,Shoulder Bag,6
22-02-2026,Skirt,24
22-02-2026,Slip Dress,23
22-02-2026,Sneakers,34
22-02-2026,Sneakers Anak,13
22-02-2026,Totebag,18
22-02-2026,Tunic,40
22-02-2026,Vintage Top,34
22-02-2026,Wedges,14
23-02-2026,A-Line Dress,12
23-02-2026,Athleisure Set,11
23-02-2026,Blouse,14
23-02-2026,Bodycon Dress,16
23-02-2026,Boots,11
23-02-2026,Cardigan,22
23-02-2026,Casual Top,16
23-02-2026,Celana Anak,26
23-02-2026,Celana Chino,46
23-02-2026,Celana Formal,41
23-02-2026,Celana Jeans,32
23-02-2026,Chic Top,15
23-02-2026,Clutch,7
23-02-2026,Crop Shirt,12
23-02-2026,Culottes,21
23-02-2026,Dress Anak,25
23-02-2026,Flat Shoes,8
23-02-2026,Handbag,12
23-02-2026,Heels,15
23-02-2026,High-Waist Pants,13
23-02-2026,Jaket,39
23-02-2026,Jogger Pants,49
23-02-2026,Kaos,25
23-02-2026,Kaos Anak,12
23-02-2026,Kaos Kaki,9
23-02-2026,Kemeja,20
23-02-2026,Kemeja Wanita,15
23-02-2026,Koper Sedang,1
23-02-2026,Loafers,8
23-02-2026,Maxi Dress,3
23-02-2026,Oversized Shirt,13
23-02-2026,Palazzo Pants,22
23-02-2026,Pleated Pants,19
23-02-2026,Polo Shirt,26
23-02-2026,Sandal Anak,7
23-02-2026,Sepatu Formal,19
23-02-2026,Sepatu Sekolah,11
23-02-2026,Setelan Anak,23
23-02-2026,Shoulder Bag,4
23-02-2026,Skirt,18
23-02-2026,Slip Dress,26
23-02-2026,Sneakers,10
23-02-2026,Sneakers Anak,3
23-02-2026,Totebag,10
23-02-2026,Tunic,19
23-02-2026,Vintage Top,14
23-02-2026,Wedges,5
24-02-2026,A-Line Dress,27
24-02-2026,Athleisure Set,12
24-02-2026,Blouse,19
24-02-2026,Bodycon Dress,26
24-02-2026,Boots,21
24-02-2026,Cardigan,19
24-02-2026,Casual Top,21
24-02-2026,Celana Anak,31
24-02-2026,Celana Chino,65
24-02-2026,Celana Formal,45
24-02-2026,Celana Jeans,62
24-02-2026,Chic Top,22
24-02-2026,Clutch,2
24-02-2026,Crop Shirt,31
24-02-2026,Culottes,37
24-02-2026,Dress Anak,33
24-02-2026,Flat Shoes,13
24-02-2026,Handbag,15
24-02-2026,Heels,30
24-02-2026,High-Waist Pants,37
24-02-2026,Jaket,37
24-02-2026,Jogger Pants,35
24-02-2026,Kaos,36
24-02-2026,Kaos Anak,34
24-02-2026,Kaos Kaki,23
24-02-2026,Kemeja,46
24-02-2026,Kemeja Wanita,10
24-02-2026,Koper Besar,1
24-02-2026,Koper Kecil,1
24-02-2026,Koper Sedang,1
24-02-2026,Loafers,6
24-02-2026,Maxi Dress,20
24-02-2026,Oversized Shirt,28
24-02-2026,Palazzo Pants,33
24-02-2026,Pleated Pants,30
24-02-2026,Polo Shirt,43
24-02-2026,Sandal Anak,6
24-02-2026,Sepatu Formal,11
24-02-2026,Sepatu Sekolah,15
24-02-2026,Setelan Anak,39
24-02-2026,Shoulder Bag,8
24-02-2026,Skirt,35
24-02-2026,Slip Dress,26
24-02-2026,Sneakers,32
24-02-2026,Sneakers Anak,9
24-02-2026,Totebag,12
24-02-2026,Tunic,20
24-02-2026,Vintage Top,11
24-02-2026,Wedges,16
25-02-2026,A-Line Dress,12
25-02-2026,Athleisure Set,14
25-02-2026,Blouse,9
25-02-2026,Bodycon Dress,9
25-02-2026,Boots,6
25-02-2026,Cardigan,5
25-02-2026,Casual Top,16
25-02-2026,Celana Anak,24
25-02-2026,Celana Chino,49
25-02-2026,Celana Formal,29
25-02-2026,Celana Jeans,27
25-02-2026,Chic Top,14
25-02-2026,Clutch,1
25-02-2026,Crop Shirt,16
25-02-2026,Culottes,24
25-02-2026,Dress Anak,19
25-02-2026,Flat Shoes,22
25-02-2026,Handbag,20
25-02-2026,Heels,13
25-02-2026,High-Waist Pants,11
25-02-2026,Jaket,20
25-02-2026,Jogger Pants,36
25-02-2026,Kaos,20
25-02-2026,Kaos Anak,26
25-02-2026,Kaos Kaki,10
25-02-2026,Kemeja,18
25-02-2026,Kemeja Wanita,20
25-02-2026,Koper Besar,1
25-02-2026,Koper Sedang,2
25-02-2026,Loafers,7
25-02-2026,Maxi Dress,15
25-02-2026,Oversized Shirt,21
25-02-2026,Palazzo Pants,16
25-02-2026,Pleated Pants,16
25-02-2026,Polo Shirt,21
25-02-2026,Sandal Anak,4
25-02-2026,Sepatu Formal,8
25-02-2026,Sepatu Sekolah,9
25-02-2026,Setelan Anak,22
25-02-2026,Shoulder Bag,3
25-02-2026,Skirt,7
25-02-2026,Slip Dress,14
25-02-2026,Sneakers,15
25-02-2026,Sneakers Anak,8
25-02-2026,Totebag,20
25-02-2026,Tunic,12
25-02-2026,Vintage Top,15
25-02-2026,Wedges,18
01-03-2026,A-Line Dress,87
01-03-2026,Athleisure Set,80
01-03-2026,Blouse,75
01-03-2026,Bodycon Dress,72
01-03-2026,Boots,33
01-03-2026,Cardigan,61
01-03-2026,Casual Top,74
01-03-2026,Celana Anak,361
01-03-2026,Celana Chino,213
01-03-2026,Celana Formal,137
01-03-2026,Celana Jeans,245
01-03-2026,Chic Top,67
01-03-2026,Clutch,46
01-03-2026,Crop Shirt,81
01-03-2026,Culottes,105
01-03-2026,Dress Anak,346
01-03-2026,Flat Shoes,58
01-03-2026,Handbag,46
01-03-2026,Heels,47
01-03-2026,High-Waist Pants,73
01-03-2026,Jaket,163
01-03-2026,Jogger Pants,224
01-03-2026,Kaos,149
01-03-2026,Kaos Anak,331
01-03-2026,Kaos Kaki,79
01-03-2026,Kemeja,142
01-03-2026,Kemeja Wanita,78
01-03-2026,Koper Besar,15
01-03-2026,Koper Kecil,14
01-03-2026,Koper Sedang,4
01-03-2026,Loafers,43
01-03-2026,Maxi Dress,55
01-03-2026,Oversized Shirt,57
01-03-2026,Palazzo Pants,82
01-03-2026,Pleated Pants,67
01-03-2026,Polo Shirt,158
01-03-2026,Sandal Anak,119
01-03-2026,Sepatu Formal,33
01-03-2026,Sepatu Sekolah,114
01-03-2026,Setelan Anak,423
01-03-2026,Shoulder Bag,29
01-03-2026,Skirt,89
01-03-2026,Slip Dress,97
01-03-2026,Sneakers,90
01-03-2026,Sneakers Anak,98
01-03-2026,Totebag,57
01-03-2026,Tunic,81
01-03-2026,Vintage Top,70
01-03-2026,Wedges,52
02-03-2026,A-Line Dress,54
02-03-2026,Athleisure Set,41
02-03-2026,Blouse,43
02-03-2026,Bodycon Dress,38
02-03-2026,Boots,26
02-03-2026,Cardigan,46
02-03-2026,Casual Top,44
02-03-2026,Celana Anak,246
02-03-2026,Celana Chino,128
02-03-2026,Celana Formal,97
02-03-2026,Celana Jeans,133
02-03-2026,Chic Top,40
02-03-2026,Clutch,15
02-03-2026,Crop Shirt,54
02-03-2026,Culottes,63
02-03-2026,Dress Anak,250
02-03-2026,Flat Shoes,30
02-03-2026,Handbag,40
02-03-2026,Heels,30
02-03-2026,High-Waist Pants,49
02-03-2026,Jaket,74
02-03-2026,Jogger Pants,127
02-03-2026,Kaos,98
02-03-2026,Kaos Anak,217
02-03-2026,Kaos Kaki,56
02-03-2026,Kemeja,105
02-03-2026,Kemeja Wanita,36
02-03-2026,Koper Besar,3
02-03-2026,Koper Kecil,7
02-03-2026,Koper Sedang,5
02-03-2026,Loafers,14
02-03-2026,Maxi Dress,47
02-03-2026,Oversized Shirt,34
02-03-2026,Palazzo Pants,64
02-03-2026,Pleated Pants,53
02-03-2026,Polo Shirt,114
02-03-2026,Sandal Anak,81
02-03-2026,Sepatu Formal,19
02-03-2026,Sepatu Sekolah,69
02-03-2026,Setelan Anak,300
02-03-2026,Shoulder Bag,14
02-03-2026,Skirt,35
02-03-2026,Slip Dress,58
02-03-2026,Sneakers,41
02-03-2026,Sneakers Anak,64
02-03-2026,Totebag,30
02-03-2026,Tunic,48
02-03-2026,Vintage Top,49
02-03-2026,Wedges,36
03-03-2026,A-Line Dress,59
03-03-2026,Athleisure Set,54
03-03-2026,Blouse,48
03-03-2026,Bodycon Dress,60
03-03-2026,Boots,27
03-03-2026,Cardigan,71
03-03-2026,Casual Top,51
03-03-2026,Celana Anak,260
03-03-2026,Celana Chino,105
03-03-2026,Celana Formal,113
03-03-2026,Celana Jeans,131
03-03-2026,Chic Top,43
03-03-2026,Clutch,17
03-03-2026,Crop Shirt,61
03-03-2026,Culottes,68
03-03-2026,Dress Anak,237
03-03-2026,Flat Shoes,35
03-03-2026,Handbag,39
03-03-2026,Heels,45
03-03-2026,High-Waist Pants,61
03-03-2026,Jaket,97
03-03-2026,Jogger Pants,140
03-03-2026,Kaos,110
03-03-2026,Kaos Anak,262
03-03-2026,Kaos Kaki,63
03-03-2026,Kemeja,79
03-03-2026,Kemeja Wanita,59
03-03-2026,Koper Besar,9
03-03-2026,Koper Kecil,10
03-03-2026,Koper Sedang,9
03-03-2026,Loafers,23
03-03-2026,Maxi Dress,41
03-03-2026,Oversized Shirt,33
03-03-2026,Palazzo Pants,89
03-03-2026,Pleated Pants,48
03-03-2026,Polo Shirt,88
03-03-2026,Sandal Anak,95
03-03-2026,Sepatu Formal,10
03-03-2026,Sepatu Sekolah,72
03-03-2026,Setelan Anak,302
03-03-2026,Shoulder Bag,30
03-03-2026,Skirt,46
03-03-2026,Slip Dress,43
03-03-2026,Sneakers,77
03-03-2026,Sneakers Anak,96
03-03-2026,Totebag,26
03-03-2026,Tunic,37
03-03-2026,Vintage Top,44
03-03-2026,Wedges,40
04-03-2026,A-Line Dress,68
04-03-2026,Athleisure Set,72
04-03-2026,Blouse,50
04-03-2026,Bodycon Dress,57
04-03-2026,Boots,25
04-03-2026,Cardigan,71
04-03-2026,Casual Top,83
04-03-2026,Celana Anak,343
04-03-2026,Celana Chino,164
04-03-2026,Celana Formal,129
04-03-2026,Celana Jeans,177
04-03-2026,Chic Top,63
04-03-2026,Clutch,20
04-03-2026,Crop Shirt,66
04-03-2026,Culottes,84
04-03-2026,Dress Anak,300
04-03-2026,Flat Shoes,30
04-03-2026,Handbag,36
04-03-2026,Heels,47
04-03-2026,High-Waist Pants,53
04-03-2026,Jaket,117
04-03-2026,Jogger Pants,180
04-03-2026,Kaos,129
04-03-2026,Kaos Anak,295
04-03-2026,Kaos Kaki,81
04-03-2026,Kemeja,124
04-03-2026,Kemeja Wanita,73
04-03-2026,Koper Besar,8
04-03-2026,Koper Kecil,15
04-03-2026,Koper Sedang,12
04-03-2026,Loafers,37
04-03-2026,Maxi Dress,54
04-03-2026,Oversized Shirt,51
04-03-2026,Palazzo Pants,64
04-03-2026,Pleated Pants,69
04-03-2026,Polo Shirt,130
04-03-2026,Sandal Anak,104
04-03-2026,Sepatu Formal,42
04-03-2026,Sepatu Sekolah,115
04-03-2026,Setelan Anak,338
04-03-2026,Shoulder Bag,17
04-03-2026,Skirt,75
04-03-2026,Slip Dress,82
04-03-2026,Sneakers,73
04-03-2026,Sneakers Anak,93
04-03-2026,Totebag,34
04-03-2026,Tunic,68
04-03-2026,Vintage Top,50
04-03-2026,Wedges,41
05-03-2026,A-Line Dress,44
05-03-2026,Athleisure Set,66
05-03-2026,Blouse,62
05-03-2026,Bodycon Dress,58
05-03-2026,Boots,22
05-03-2026,Cardigan,70
05-03-2026,Casual Top,62
05-03-2026,Celana Anak,337
05-03-2026,Celana Chino,187
05-03-2026,Celana Formal,112
05-03-2026,Celana Jeans,191
05-03-2026,Chic Top,63
05-03-2026,Clutch,16
05-03-2026,Crop Shirt,61
05-03-2026,Culottes,80
05-03-2026,Dress Anak,316
05-03-2026,Flat Shoes,54
05-03-2026,Handbag,33
05-03-2026,Heels,75
05-03-2026,High-Waist Pants,90
05-03-2026,Jaket,129
05-03-2026,Jogger Pants,179
05-03-2026,Kaos,149
05-03-2026,Kaos Anak,336
05-03-2026,Kaos Kaki,59
05-03-2026,Kemeja,123
05-03-2026,Kemeja Wanita,60
05-03-2026,Koper Besar,6
05-03-2026,Koper Kecil,7
05-03-2026,Koper Sedang,7
05-03-2026,Loafers,38
05-03-2026,Maxi Dress,68
05-03-2026,Oversized Shirt,77
05-03-2026,Palazzo Pants,99
05-03-2026,Pleated Pants,52
05-03-2026,Polo Shirt,146
05-03-2026,Sandal Anak,98
05-03-2026,Sepatu Formal,38
05-03-2026,Sepatu Sekolah,101
05-03-2026,Setelan Anak,353
05-03-2026,Shoulder Bag,21
05-03-2026,Skirt,61
05-03-2026,Slip Dress,56
05-03-2026,Sneakers,89
05-03-2026,Sneakers Anak,93
05-03-2026,Totebag,40
05-03-2026,Tunic,54
05-03-2026,Vintage Top,42
05-03-2026,Wedges,39
06-03-2026,A-Line Dress,61
06-03-2026,Athleisure Set,63
06-03-2026,Blouse,56
06-03-2026,Bodycon Dress,63
06-03-2026,Boots,31
06-03-2026,Cardigan,71
06-03-2026,Casual Top,61
06-03-2026,Celana Anak,299
06-03-2026,Celana Chino,155
06-03-2026,Celana Formal,116
06-03-2026,Celana Jeans,140
06-03-2026,Chic Top,56
06-03-2026,Clutch,21
06-03-2026,Crop Shirt,66
06-03-2026,Culottes,93
06-03-2026,Dress Anak,306
06-03-2026,Flat Shoes,42
06-03-2026,Handbag,40
06-03-2026,Heels,26
06-03-2026,High-Waist Pants,72
06-03-2026,Jaket,136
06-03-2026,Jogger Pants,180
06-03-2026,Kaos,119
06-03-2026,Kaos Anak,294
06-03-2026,Kaos Kaki,77
06-03-2026,Kemeja,86
06-03-2026,Kemeja Wanita,50
06-03-2026,Koper Besar,12
06-03-2026,Koper Kecil,7
06-03-2026,Koper Sedang,6
06-03-2026,Loafers,44
06-03-2026,Maxi Dress,53
06-03-2026,Oversized Shirt,58
06-03-2026,Palazzo Pants,102
06-03-2026,Pleated Pants,33
06-03-2026,Polo Shirt,122
06-03-2026,Sandal Anak,90
06-03-2026,Sepatu Formal,40
06-03-2026,Sepatu Sekolah,109
06-03-2026,Setelan Anak,368
06-03-2026,Shoulder Bag,17
06-03-2026,Skirt,67
06-03-2026,Slip Dress,81
06-03-2026,Sneakers,72
06-03-2026,Sneakers Anak,80
06-03-2026,Totebag,43
06-03-2026,Tunic,68
06-03-2026,Vintage Top,61
06-03-2026,Wedges,37
07-03-2026,A-Line Dress,80
07-03-2026,Athleisure Set,83
07-03-2026,Blouse,88
07-03-2026,Bodycon Dress,121
07-03-2026,Boots,58
07-03-2026,Cardigan,82
07-03-2026,Casual Top,111
07-03-2026,Celana Anak,494
07-03-2026,Celana Chino,297
07-03-2026,Celana Formal,178
07-03-2026,Celana Jeans,240
07-03-2026,Chic Top,101
07-03-2026,Clutch,36
07-03-2026,Crop Shirt,93
07-03-2026,Culottes,139
07-03-2026,Dress Anak,460
07-03-2026,Flat Shoes,70
07-03-2026,Handbag,64
07-03-2026,Heels,75
07-03-2026,High-Waist Pants,87
07-03-2026,Jaket,162
07-03-2026,Jogger Pants,260
07-03-2026,Kaos,204
07-03-2026,Kaos Anak,526
07-03-2026,Kaos Kaki,89
07-03-2026,Kemeja,206
07-03-2026,Kemeja Wanita,101
07-03-2026,Koper Besar,18
07-03-2026,Koper Kecil,14
07-03-2026,Koper Sedang,16
07-03-2026,Loafers,64
07-03-2026,Maxi Dress,70
07-03-2026,Oversized Shirt,108
07-03-2026,Palazzo Pants,118
07-03-2026,Pleated Pants,82
07-03-2026,Polo Shirt,186
07-03-2026,Sandal Anak,153
07-03-2026,Sepatu Formal,54
07-03-2026,Sepatu Sekolah,137
07-03-2026,Setelan Anak,580
07-03-2026,Shoulder Bag,28
07-03-2026,Skirt,114
07-03-2026,Slip Dress,96
07-03-2026,Sneakers,92
07-03-2026,Sneakers Anak,156
07-03-2026,Totebag,58
07-03-2026,Tunic,92
07-03-2026,Vintage Top,107
07-03-2026,Wedges,80
08-03-2026,A-Line Dress,128
08-03-2026,Athleisure Set,91
08-03-2026,Blouse,95
08-03-2026,Bodycon Dress,120
08-03-2026,Boots,61
08-03-2026,Cardigan,119
08-03-2026,Casual Top,81
08-03-2026,Celana Anak,198
08-03-2026,Celana Chino,246
08-03-2026,Celana Formal,177
08-03-2026,Celana Jeans,255
08-03-2026,Chic Top,87
08-03-2026,Clutch,19
08-03-2026,Crop Shirt,107
08-03-2026,Culottes,118
08-03-2026,Dress Anak,186
08-03-2026,Flat Shoes,90
08-03-2026,Handbag,87
08-03-2026,Heels,77
08-03-2026,High-Waist Pants,103
08-03-2026,Jaket,234
08-03-2026,Jogger Pants,266
08-03-2026,Kaos,205
08-03-2026,Kaos Anak,136
08-03-2026,Kaos Kaki,93
08-03-2026,Kemeja,171
08-03-2026,Kemeja Wanita,92
08-03-2026,Koper Besar,4
08-03-2026,Koper Kecil,3
08-03-2026,Koper Sedang,4
08-03-2026,Loafers,62
08-03-2026,Maxi Dress,105
08-03-2026,Oversized Shirt,94
08-03-2026,Palazzo Pants,160
08-03-2026,Pleated Pants,123
08-03-2026,Polo Shirt,195
08-03-2026,Sandal Anak,57
08-03-2026,Sepatu Formal,78
08-03-2026,Sepatu Sekolah,64
08-03-2026,Setelan Anak,213
08-03-2026,Shoulder Bag,34
08-03-2026,Skirt,97
08-03-2026,Slip Dress,94
08-03-2026,Sneakers,122
08-03-2026,Sneakers Anak,57
08-03-2026,Totebag,79
08-03-2026,Tunic,107
08-03-2026,Vintage Top,100
08-03-2026,Wedges,72
09-03-2026,A-Line Dress,88
09-03-2026,Athleisure Set,79
09-03-2026,Blouse,83
09-03-2026,Bodycon Dress,70
09-03-2026,Boots,48
09-03-2026,Cardigan,74
09-03-2026,Casual Top,73
09-03-2026,Celana Anak,141
09-03-2026,Celana Chino,227
09-03-2026,Celana Formal,164
09-03-2026,Celana Jeans,219
09-03-2026,Chic Top,95
09-03-2026,Clutch,32
09-03-2026,Crop Shirt,78
09-03-2026,Culottes,109
09-03-2026,Dress Anak,142
09-03-2026,Flat Shoes,55
09-03-2026,Handbag,66
09-03-2026,Heels,66
09-03-2026,High-Waist Pants,74
09-03-2026,Jaket,177
09-03-2026,Jogger Pants,241
09-03-2026,Kaos,151
09-03-2026,Kaos Anak,143
09-03-2026,Kaos Kaki,68
09-03-2026,Kemeja,155
09-03-2026,Kemeja Wanita,82
09-03-2026,Koper Besar,8
09-03-2026,Koper Kecil,4
09-03-2026,Koper Sedang,7
09-03-2026,Loafers,63
09-03-2026,Maxi Dress,86
09-03-2026,Oversized Shirt,60
09-03-2026,Palazzo Pants,109
09-03-2026,Pleated Pants,77
09-03-2026,Polo Shirt,135
09-03-2026,Sandal Anak,34
09-03-2026,Sepatu Formal,46
09-03-2026,Sepatu Sekolah,34
09-03-2026,Setelan Anak,185
09-03-2026,Shoulder Bag,33
09-03-2026,Skirt,86
09-03-2026,Slip Dress,83
09-03-2026,Sneakers,79
09-03-2026,Sneakers Anak,46
09-03-2026,Totebag,53
09-03-2026,Tunic,91
09-03-2026,Vintage Top,70
09-03-2026,Wedges,47
10-03-2026,A-Line Dress,254
10-03-2026,Athleisure Set,268
10-03-2026,Blouse,232
10-03-2026,Bodycon Dress,235
10-03-2026,Boots,153
10-03-2026,Cardigan,224
10-03-2026,Casual Top,243
10-03-2026,Celana Anak,462
10-03-2026,Celana Chino,565
10-03-2026,Celana Formal,448
10-03-2026,Celana Jeans,634
10-03-2026,Chic Top,223
10-03-2026,Clutch,72
10-03-2026,Crop Shirt,247
10-03-2026,Culottes,360
10-03-2026,Dress Anak,420
10-03-2026,Flat Shoes,234
10-03-2026,Handbag,153
10-03-2026,Heels,181
10-03-2026,High-Waist Pants,240
10-03-2026,Jaket,441
10-03-2026,Jogger Pants,625
10-03-2026,Kaos,483
10-03-2026,Kaos Anak,473
10-03-2026,Kaos Kaki,236
10-03-2026,Kemeja,449
10-03-2026,Kemeja Wanita,247
10-03-2026,Koper Besar,8
10-03-2026,Koper Kecil,11
10-03-2026,Koper Sedang,7
10-03-2026,Loafers,168
10-03-2026,Maxi Dress,245
10-03-2026,Oversized Shirt,246
10-03-2026,Palazzo Pants,305
10-03-2026,Pleated Pants,195
10-03-2026,Polo Shirt,447
10-03-2026,Sandal Anak,108
10-03-2026,Sepatu Formal,124
10-03-2026,Sepatu Sekolah,122
10-03-2026,Setelan Anak,428
10-03-2026,Shoulder Bag,95
10-03-2026,Skirt,237
10-03-2026,Slip Dress,202
10-03-2026,Sneakers,327
10-03-2026,Sneakers Anak,136
10-03-2026,Totebag,129
10-03-2026,Tunic,218
10-03-2026,Vintage Top,209
10-03-2026,Wedges,147
11-03-2026,A-Line Dress,265
11-03-2026,Athleisure Set,204
11-03-2026,Blouse,217
11-03-2026,Bodycon Dress,225
11-03-2026,Boots,115
11-03-2026,Cardigan,218
11-03-2026,Casual Top,198
11-03-2026,Celana Anak,244
11-03-2026,Celana Chino,568
11-03-2026,Celana Formal,458
11-03-2026,Celana Jeans,595
11-03-2026,Chic Top,243
11-03-2026,Clutch,63
11-03-2026,Crop Shirt,248
11-03-2026,Culottes,291
11-03-2026,Dress Anak,294
11-03-2026,Flat Shoes,147
11-03-2026,Handbag,135
11-03-2026,Heels,187
11-03-2026,High-Waist Pants,220
11-03-2026,Jaket,474
11-03-2026,Jogger Pants,599
11-03-2026,Kaos,556
11-03-2026,Kaos Anak,290
11-03-2026,Kaos Kaki,174
11-03-2026,Kemeja,409
11-03-2026,Kemeja Wanita,220
11-03-2026,Koper Besar,4
11-03-2026,Koper Kecil,1
11-03-2026,Koper Sedang,1
11-03-2026,Loafers,140
11-03-2026,Maxi Dress,231
11-03-2026,Oversized Shirt,179
11-03-2026,Palazzo Pants,288
11-03-2026,Pleated Pants,249
11-03-2026,Polo Shirt,463
11-03-2026,Sandal Anak,52
11-03-2026,Sepatu Formal,177
11-03-2026,Sepatu Sekolah,67
11-03-2026,Setelan Anak,328
11-03-2026,Shoulder Bag,55
11-03-2026,Skirt,244
11-03-2026,Slip Dress,252
11-03-2026,Sneakers,275
11-03-2026,Sneakers Anak,71
11-03-2026,Totebag,78
11-03-2026,Tunic,218
11-03-2026,Vintage Top,255
11-03-2026,Wedges,187
12-03-2026,A-Line Dress,252
12-03-2026,Athleisure Set,223
12-03-2026,Blouse,237
12-03-2026,Bodycon Dress,261
12-03-2026,Boots,124
12-03-2026,Cardigan,254
12-03-2026,Casual Top,231
12-03-2026,Celana Anak,263
12-03-2026,Celana Chino,583
12-03-2026,Celana Formal,454
12-03-2026,Celana Jeans,529
12-03-2026,Chic Top,237
12-03-2026,Clutch,67
12-03-2026,Crop Shirt,194
12-03-2026,Culottes,295
12-03-2026,Dress Anak,314
12-03-2026,Flat Shoes,174
12-03-2026,Handbag,139
12-03-2026,Heels,169
12-03-2026,High-Waist Pants,261
12-03-2026,Jaket,456
12-03-2026,Jogger Pants,583
12-03-2026,Kaos,473
12-03-2026,Kaos Anak,243
12-03-2026,Kaos Kaki,195
12-03-2026,Kemeja,535
12-03-2026,Kemeja Wanita,278
12-03-2026,Koper Besar,2
12-03-2026,Koper Kecil,5
12-03-2026,Koper Sedang,4
12-03-2026,Loafers,146
12-03-2026,Maxi Dress,236
12-03-2026,Oversized Shirt,193
12-03-2026,Palazzo Pants,358
12-03-2026,Pleated Pants,197
12-03-2026,Polo Shirt,474
12-03-2026,Sandal Anak,98
12-03-2026,Sepatu Formal,153
12-03-2026,Sepatu Sekolah,72
12-03-2026,Setelan Anak,285
12-03-2026,Shoulder Bag,28
12-03-2026,Skirt,206
12-03-2026,Slip Dress,209
12-03-2026,Sneakers,334
12-03-2026,Sneakers Anak,72
12-03-2026,Totebag,112
12-03-2026,Tunic,230
12-03-2026,Vintage Top,225
12-03-2026,Wedges,133
13-03-2026,A-Line Dress,288
13-03-2026,Athleisure Set,235
13-03-2026,Blouse,237
13-03-2026,Bodycon Dress,297
13-03-2026,Boots,154
13-03-2026,Cardigan,256
13-03-2026,Casual Top,243
13-03-2026,Celana Anak,309
13-03-2026,Celana Chino,701
13-03-2026,Celana Formal,550
13-03-2026,Celana Jeans,698
13-03-2026,Chic Top,316
13-03-2026,Clutch,60
13-03-2026,Crop Shirt,230
13-03-2026,Culottes,320
13-03-2026,Dress Anak,304
13-03-2026,Flat Shoes,162
13-03-2026,Handbag,135
13-03-2026,Heels,226
13-03-2026,High-Waist Pants,266
13-03-2026,Jaket,551
13-03-2026,Jogger Pants,646
13-03-2026,Kaos,570
13-03-2026,Kaos Anak,361
13-03-2026,Kaos Kaki,179
13-03-2026,Kemeja,501
13-03-2026,Kemeja Wanita,271
13-03-2026,Koper Besar,2
13-03-2026,Koper Kecil,3
13-03-2026,Koper Sedang,4
13-03-2026,Loafers,195
13-03-2026,Maxi Dress,198
13-03-2026,Oversized Shirt,276
13-03-2026,Palazzo Pants,316
13-03-2026,Pleated Pants,240
13-03-2026,Polo Shirt,524
13-03-2026,Sandal Anak,79
13-03-2026,Sepatu Formal,207
13-03-2026,Sepatu Sekolah,99
13-03-2026,Setelan Anak,346
13-03-2026,Shoulder Bag,65
13-03-2026,Skirt,284
13-03-2026,Slip Dress,299
13-03-2026,Sneakers,314
13-03-2026,Sneakers Anak,82
13-03-2026,Totebag,77
13-03-2026,Tunic,258
13-03-2026,Vintage Top,277
13-03-2026,Wedges,176
14-03-2026,A-Line Dress,270
14-03-2026,Athleisure Set,223
14-03-2026,Blouse,272
14-03-2026,Bodycon Dress,210
14-03-2026,Boots,163
14-03-2026,Cardigan,251
14-03-2026,Casual Top,255
14-03-2026,Celana Anak,265
14-03-2026,Celana Chino,704
14-03-2026,Celana Formal,522
14-03-2026,Celana Jeans,702
14-03-2026,Chic Top,265
14-03-2026,Clutch,75
14-03-2026,Crop Shirt,235
14-03-2026,Culottes,322
14-03-2026,Dress Anak,295
14-03-2026,Flat Shoes,156
14-03-2026,Handbag,116
14-03-2026,Heels,202
14-03-2026,High-Waist Pants,271
14-03-2026,Jaket,498
14-03-2026,Jogger Pants,698
14-03-2026,Kaos,540
14-03-2026,Kaos Anak,270
14-03-2026,Kaos Kaki,166
14-03-2026,Kemeja,475
14-03-2026,Kemeja Wanita,271
14-03-2026,Koper Besar,4
14-03-2026,Koper Kecil,2
14-03-2026,Koper Sedang,3
14-03-2026,Loafers,164
14-03-2026,Maxi Dress,245
14-03-2026,Oversized Shirt,218
14-03-2026,Palazzo Pants,338
14-03-2026,Pleated Pants,247
14-03-2026,Polo Shirt,476
14-03-2026,Sandal Anak,82
14-03-2026,Sepatu Formal,154
14-03-2026,Sepatu Sekolah,70
14-03-2026,Setelan Anak,275
14-03-2026,Shoulder Bag,71
14-03-2026,Skirt,288
14-03-2026,Slip Dress,335
14-03-2026,Sneakers,321
14-03-2026,Sneakers Anak,69
14-03-2026,Totebag,93
14-03-2026,Tunic,265
14-03-2026,Vintage Top,261
14-03-2026,Wedges,174
15-03-2026,A-Line Dress,242
15-03-2026,Athleisure Set,246
15-03-2026,Blouse,252
15-03-2026,Bodycon Dress,244
15-03-2026,Boots,128
15-03-2026,Cardigan,256
15-03-2026,Casual Top,254
15-03-2026,Celana Anak,245
15-03-2026,Celana Chino,558
15-03-2026,Celana Formal,444
15-03-2026,Celana Jeans,566
15-03-2026,Chic Top,245
15-03-2026,Clutch,56
15-03-2026,Crop Shirt,243
15-03-2026,Culottes,324
15-03-2026,Dress Anak,301
15-03-2026,Flat Shoes,138
15-03-2026,Handbag,111
15-03-2026,Heels,208
15-03-2026,High-Waist Pants,238
15-03-2026,Jaket,471
15-03-2026,Jogger Pants,696
15-03-2026,Kaos,483
15-03-2026,Kaos Anak,282
15-03-2026,Kaos Kaki,209
15-03-2026,Kemeja,520
15-03-2026,Kemeja Wanita,255
15-03-2026,Koper Besar,4
15-03-2026,Koper Kecil,4
15-03-2026,Koper Sedang,2
15-03-2026,Loafers,166
15-03-2026,Maxi Dress,197
15-03-2026,Oversized Shirt,250
15-03-2026,Palazzo Pants,331
15-03-2026,Pleated Pants,244
15-03-2026,Polo Shirt,490
15-03-2026,Sandal Anak,47
15-03-2026,Sepatu Formal,129
15-03-2026,Sepatu Sekolah,78
15-03-2026,Setelan Anak,294
15-03-2026,Shoulder Bag,32
15-03-2026,Skirt,265
15-03-2026,Slip Dress,229
15-03-2026,Sneakers,324
15-03-2026,Sneakers Anak,60
15-03-2026,Totebag,97
15-03-2026,Tunic,283
15-03-2026,Vintage Top,234
15-03-2026,Wedges,184
16-03-2026,A-Line Dress,239
16-03-2026,Athleisure Set,239
16-03-2026,Blouse,273
16-03-2026,Bodycon Dress,207
16-03-2026,Boots,127
16-03-2026,Cardigan,271
16-03-2026,Casual Top,278
16-03-2026,Celana Anak,296
16-03-2026,Celana Chino,656
16-03-2026,Celana Formal,555
16-03-2026,Celana Jeans,707
16-03-2026,Chic Top,269
16-03-2026,Clutch,72
16-03-2026,Crop Shirt,273
16-03-2026,Culottes,332
16-03-2026,Dress Anak,332
16-03-2026,Flat Shoes,194
16-03-2026,Handbag,123
16-03-2026,Heels,195
16-03-2026,High-Waist Pants,231
16-03-2026,Jaket,449
16-03-2026,Jogger Pants,647
16-03-2026,Kaos,561
16-03-2026,Kaos Anak,293
16-03-2026,Kaos Kaki,181
16-03-2026,Kemeja,519
16-03-2026,Kemeja Wanita,258
16-03-2026,Koper Besar,3
16-03-2026,Koper Kecil,6
16-03-2026,Koper Sedang,4
16-03-2026,Loafers,154
16-03-2026,Maxi Dress,242
16-03-2026,Oversized Shirt,258
16-03-2026,Palazzo Pants,301
16-03-2026,Pleated Pants,223
16-03-2026,Polo Shirt,576
16-03-2026,Sandal Anak,107
16-03-2026,Sepatu Formal,140
16-03-2026,Sepatu Sekolah,88
16-03-2026,Setelan Anak,340
16-03-2026,Shoulder Bag,37
16-03-2026,Skirt,238
16-03-2026,Slip Dress,242
16-03-2026,Sneakers,367
16-03-2026,Sneakers Anak,122
16-03-2026,Totebag,131
16-03-2026,Tunic,295
16-03-2026,Vintage Top,284
16-03-2026,Wedges,177
17-03-2026,A-Line Dress,199
17-03-2026,Athleisure Set,264
17-03-2026,Blouse,161
17-03-2026,Bodycon Dress,199
17-03-2026,Boots,133
17-03-2026,Cardigan,222
17-03-2026,Casual Top,217
17-03-2026,Celana Anak,239
17-03-2026,Celana Chino,647
17-03-2026,Celana Formal,460
17-03-2026,Celana Jeans,560
17-03-2026,Chic Top,231
17-03-2026,Clutch,44
17-03-2026,Crop Shirt,195
17-03-2026,Culottes,324
17-03-2026,Dress Anak,327
17-03-2026,Flat Shoes,181
17-03-2026,Handbag,102
17-03-2026,Heels,206
17-03-2026,High-Waist Pants,222
17-03-2026,Jaket,435
17-03-2026,Jogger Pants,592
17-03-2026,Kaos,490
17-03-2026,Kaos Anak,288
17-03-2026,Kaos Kaki,158
17-03-2026,Kemeja,423
17-03-2026,Kemeja Wanita,220
17-03-2026,Koper Besar,3
17-03-2026,Koper Kecil,2
17-03-2026,Koper Sedang,1
17-03-2026,Loafers,144
17-03-2026,Maxi Dress,249
17-03-2026,Oversized Shirt,215
17-03-2026,Palazzo Pants,314
17-03-2026,Pleated Pants,197
17-03-2026,Polo Shirt,512
17-03-2026,Sandal Anak,58
17-03-2026,Sepatu Formal,90
17-03-2026,Sepatu Sekolah,41
17-03-2026,Setelan Anak,292
17-03-2026,Shoulder Bag,42
17-03-2026,Skirt,268
17-03-2026,Slip Dress,253
17-03-2026,Sneakers,289
17-03-2026,Sneakers Anak,88
17-03-2026,Totebag,118
17-03-2026,Tunic,288
17-03-2026,Vintage Top,269
17-03-2026,Wedges,135
18-03-2026,A-Line Dress,259
18-03-2026,Athleisure Set,346
18-03-2026,Blouse,239
18-03-2026,Bodycon Dress,287
18-03-2026,Boots,142
18-03-2026,Cardigan,267
18-03-2026,Casual Top,309
18-03-2026,Celana Anak,364
18-03-2026,Celana Chino,723
18-03-2026,Celana Formal,491
18-03-2026,Celana Jeans,731
18-03-2026,Chic Top,286
18-03-2026,Clutch,69
18-03-2026,Crop Shirt,263
18-03-2026,Culottes,366
18-03-2026,Dress Anak,340
18-03-2026,Flat Shoes,174
18-03-2026,Handbag,109
18-03-2026,Heels,200
18-03-2026,High-Waist Pants,307
18-03-2026,Jaket,531
18-03-2026,Jogger Pants,779
18-03-2026,Kaos,554
18-03-2026,Kaos Anak,261
18-03-2026,Kaos Kaki,260
18-03-2026,Kemeja,610
18-03-2026,Kemeja Wanita,218
18-03-2026,Koper Besar,1
18-03-2026,Koper Kecil,6
18-03-2026,Koper Sedang,4
18-03-2026,Loafers,137
18-03-2026,Maxi Dress,273
18-03-2026,Oversized Shirt,279
18-03-2026,Palazzo Pants,346
18-03-2026,Pleated Pants,295
18-03-2026,Polo Shirt,575
18-03-2026,Sandal Anak,87
18-03-2026,Sepatu Formal,137
18-03-2026,Sepatu Sekolah,73
18-03-2026,Setelan Anak,375
18-03-2026,Shoulder Bag,56
18-03-2026,Skirt,355
18-03-2026,Slip Dress,285
18-03-2026,Sneakers,437
18-03-2026,Sneakers Anak,103
18-03-2026,Totebag,119
18-03-2026,Tunic,315
18-03-2026,Vintage Top,240
18-03-2026,Wedges,215
19-03-2026,A-Line Dress,224
19-03-2026,Athleisure Set,201
19-03-2026,Blouse,234
19-03-2026,Bodycon Dress,229
19-03-2026,Boots,140
19-03-2026,Cardigan,263
19-03-2026,Casual Top,211
19-03-2026,Celana Anak,341
19-03-2026,Celana Chino,602
19-03-2026,Celana Formal,481
19-03-2026,Celana Jeans,592
19-03-2026,Chic Top,208
19-03-2026,Clutch,80
19-03-2026,Crop Shirt,267
19-03-2026,Culottes,340
19-03-2026,Dress Anak,283
19-03-2026,Flat Shoes,178
19-03-2026,Handbag,126
19-03-2026,Heels,176
19-03-2026,High-Waist Pants,230
19-03-2026,Jaket,490
19-03-2026,Jogger Pants,543
19-03-2026,Kaos,432
19-03-2026,Kaos Anak,306
19-03-2026,Kaos Kaki,141
19-03-2026,Kemeja,460
19-03-2026,Kemeja Wanita,207
19-03-2026,Koper Besar,2
19-03-2026,Koper Kecil,4
19-03-2026,Koper Sedang,4
19-03-2026,Loafers,122
19-03-2026,Maxi Dress,244
19-03-2026,Oversized Shirt,210
19-03-2026,Palazzo Pants,307
19-03-2026,Pleated Pants,237
19-03-2026,Polo Shirt,522
19-03-2026,Sandal Anak,110
19-03-2026,Sepatu Formal,134
19-03-2026,Sepatu Sekolah,77
19-03-2026,Setelan Anak,285
19-03-2026,Shoulder Bag,60
19-03-2026,Skirt,247
19-03-2026,Slip Dress,238
19-03-2026,Sneakers,288
19-03-2026,Sneakers Anak,56
19-03-2026,Totebag,90
19-03-2026,Tunic,232
19-03-2026,Vintage Top,218
19-03-2026,Wedges,134
20-03-2026,A-Line Dress,26
20-03-2026,Athleisure Set,23
20-03-2026,Blouse,18
20-03-2026,Bodycon Dress,27
20-03-2026,Boots,15
20-03-2026,Cardigan,32
20-03-2026,Casual Top,29
20-03-2026,Celana Anak,39
20-03-2026,Celana Chino,53
20-03-2026,Celana Formal,46
20-03-2026,Celana Jeans,67
20-03-2026,Chic Top,10
20-03-2026,Clutch,6
20-03-2026,Crop Shirt,24
20-03-2026,Culottes,27
20-03-2026,Dress Anak,35
20-03-2026,Flat Shoes,21
20-03-2026,Handbag,23
20-03-2026,Heels,23
20-03-2026,High-Waist Pants,25
20-03-2026,Jaket,44
20-03-2026,Jogger Pants,69
20-03-2026,Kaos,60
20-03-2026,Kaos Anak,37
20-03-2026,Kaos Kaki,30
20-03-2026,Kemeja,30
20-03-2026,Kemeja Wanita,35
20-03-2026,Koper Besar,3
20-03-2026,Koper Kecil,3
20-03-2026,Koper Sedang,1
20-03-2026,Loafers,15
20-03-2026,Maxi Dress,22
20-03-2026,Oversized Shirt,13
20-03-2026,Palazzo Pants,28
20-03-2026,Pleated Pants,32
20-03-2026,Polo Shirt,53
20-03-2026,Sandal Anak,12
20-03-2026,Sepatu Formal,8
20-03-2026,Sepatu Sekolah,8
20-03-2026,Setelan Anak,44
20-03-2026,Shoulder Bag,13
20-03-2026,Skirt,26
20-03-2026,Slip Dress,28
20-03-2026,Sneakers,42
20-03-2026,Sneakers Anak,5
20-03-2026,Totebag,13
20-03-2026,Tunic,12
20-03-2026,Vintage Top,14
20-03-2026,Wedges,15
21-03-2026,A-Line Dress,69
21-03-2026,Athleisure Set,72
21-03-2026,Blouse,88
21-03-2026,Bodycon Dress,82
21-03-2026,Boots,33
21-03-2026,Cardigan,56
21-03-2026,Casual Top,81
21-03-2026,Celana Anak,139
21-03-2026,Celana Chino,224
21-03-2026,Celana Formal,163
21-03-2026,Celana Jeans,209
21-03-2026,Chic Top,91
21-03-2026,Clutch,15
21-03-2026,Crop Shirt,70
21-03-2026,Culottes,126
21-03-2026,Dress Anak,126
21-03-2026,Flat Shoes,57
21-03-2026,Handbag,46
21-03-2026,Heels,44
21-03-2026,High-Waist Pants,92
21-03-2026,Jaket,157
21-03-2026,Jogger Pants,244
21-03-2026,Kaos,157
21-03-2026,Kaos Anak,162
21-03-2026,Kaos Kaki,101
21-03-2026,Kemeja,133
21-03-2026,Kemeja Wanita,87
21-03-2026,Koper Besar,6
21-03-2026,Koper Kecil,2
21-03-2026,Koper Sedang,2
21-03-2026,Loafers,54
21-03-2026,Maxi Dress,77
21-03-2026,Oversized Shirt,66
21-03-2026,Palazzo Pants,107
21-03-2026,Pleated Pants,86
21-03-2026,Polo Shirt,166
21-03-2026,Sandal Anak,27
21-03-2026,Sepatu Formal,49
21-03-2026,Sepatu Sekolah,41
21-03-2026,Setelan Anak,137
21-03-2026,Shoulder Bag,19
21-03-2026,Skirt,89
21-03-2026,Slip Dress,105
21-03-2026,Sneakers,154
21-03-2026,Sneakers Anak,35
21-03-2026,Totebag,33
21-03-2026,Tunic,83
21-03-2026,Vintage Top,98
21-03-2026,Wedges,55
22-03-2026,A-Line Dress,121
22-03-2026,Athleisure Set,101
22-03-2026,Blouse,99
22-03-2026,Bodycon Dress,98
22-03-2026,Boots,47
22-03-2026,Cardigan,96
22-03-2026,Casual Top,80
22-03-2026,Celana Anak,165
22-03-2026,Celana Chino,220
22-03-2026,Celana Formal,183
22-03-2026,Celana Jeans,276
22-03-2026,Chic Top,92
22-03-2026,Clutch,25
22-03-2026,Crop Shirt,92
22-03-2026,Culottes,117
22-03-2026,Dress Anak,165
22-03-2026,Flat Shoes,60
22-03-2026,Handbag,94
22-03-2026,Heels,77
22-03-2026,High-Waist Pants,72
22-03-2026,Jaket,190
22-03-2026,Jogger Pants,283
22-03-2026,Kaos,200
22-03-2026,Kaos Anak,216
22-03-2026,Kaos Kaki,86
22-03-2026,Kemeja,176
22-03-2026,Kemeja Wanita,67
22-03-2026,Koper Besar,1
22-03-2026,Koper Sedang,6
22-03-2026,Loafers,57
22-03-2026,Maxi Dress,88
22-03-2026,Oversized Shirt,76
22-03-2026,Palazzo Pants,124
22-03-2026,Pleated Pants,78
22-03-2026,Polo Shirt,193
22-03-2026,Sandal Anak,41
22-03-2026,Sepatu Formal,76
22-03-2026,Sepatu Sekolah,55
22-03-2026,Setelan Anak,178
22-03-2026,Shoulder Bag,20
22-03-2026,Skirt,100
22-03-2026,Slip Dress,86
22-03-2026,Sneakers,122
22-03-2026,Sneakers Anak,42
22-03-2026,Totebag,39
22-03-2026,Tunic,91
22-03-2026,Vintage Top,62
22-03-2026,Wedges,67
23-03-2026,A-Line Dress,28
23-03-2026,Athleisure Set,31
23-03-2026,Blouse,37
23-03-2026,Bodycon Dress,25
23-03-2026,Boots,11
23-03-2026,Cardigan,33
23-03-2026,Casual Top,32
23-03-2026,Celana Anak,50
23-03-2026,Celana Chino,69
23-03-2026,Celana Formal,50
23-03-2026,Celana Jeans,64
23-03-2026,Chic Top,34
23-03-2026,Clutch,7
23-03-2026,Crop Shirt,30
23-03-2026,Culottes,33
23-03-2026,Dress Anak,60
23-03-2026,Flat Shoes,13
23-03-2026,Handbag,18
23-03-2026,Heels,24
23-03-2026,High-Waist Pants,25
23-03-2026,Jaket,67
23-03-2026,Jogger Pants,91
23-03-2026,Kaos,73
23-03-2026,Kaos Anak,54
23-03-2026,Kaos Kaki,9
23-03-2026,Kemeja,61
23-03-2026,Kemeja Wanita,22
23-03-2026,Koper Besar,3
23-03-2026,Koper Kecil,1
23-03-2026,Koper Sedang,2
23-03-2026,Loafers,27
23-03-2026,Maxi Dress,27
23-03-2026,Oversized Shirt,26
23-03-2026,Palazzo Pants,53
23-03-2026,Pleated Pants,35
23-03-2026,Polo Shirt,72
23-03-2026,Sandal Anak,21
23-03-2026,Sepatu Formal,30
23-03-2026,Sepatu Sekolah,23
23-03-2026,Setelan Anak,35
23-03-2026,Shoulder Bag,22
23-03-2026,Skirt,18
23-03-2026,Slip Dress,23
23-03-2026,Sneakers,37
23-03-2026,Sneakers Anak,8
23-03-2026,Totebag,10
23-03-2026,Tunic,24
23-03-2026,Vintage Top,19
23-03-2026,Wedges,23
24-03-2026,A-Line Dress,34
24-03-2026,Athleisure Set,28
24-03-2026,Blouse,18
24-03-2026,Bodycon Dress,21
24-03-2026,Boots,10
24-03-2026,Cardigan,23
24-03-2026,Casual Top,24
24-03-2026,Celana Anak,10
24-03-2026,Celana Chino,58
24-03-2026,Celana Formal,28
24-03-2026,Celana Jeans,52
24-03-2026,Chic Top,22
24-03-2026,Clutch,2
24-03-2026,Crop Shirt,25
24-03-2026,Culottes,30
24-03-2026,Dress Anak,22
24-03-2026,Flat Shoes,11
24-03-2026,Handbag,21
24-03-2026,Heels,13
24-03-2026,High-Waist Pants,30
24-03-2026,Jaket,51
24-03-2026,Jogger Pants,66
24-03-2026,Kaos,59
24-03-2026,Kaos Anak,17
24-03-2026,Kaos Kaki,25
24-03-2026,Kemeja,58
24-03-2026,Kemeja Wanita,25
24-03-2026,Koper Sedang,1
24-03-2026,Loafers,12
24-03-2026,Maxi Dress,19
24-03-2026,Oversized Shirt,27
24-03-2026,Palazzo Pants,28
24-03-2026,Pleated Pants,24
24-03-2026,Polo Shirt,38
24-03-2026,Sandal Anak,6
24-03-2026,Sepatu Formal,10
24-03-2026,Sepatu Sekolah,8
24-03-2026,Setelan Anak,27
24-03-2026,Shoulder Bag,7
24-03-2026,Skirt,25
24-03-2026,Slip Dress,16
24-03-2026,Sneakers,25
24-03-2026,Sneakers Anak,3
24-03-2026,Totebag,5
24-03-2026,Tunic,29
24-03-2026,Vintage Top,21
24-03-2026,Wedges,12
25-03-2026,A-Line Dress,16
25-03-2026,Athleisure Set,23
25-03-2026,Blouse,17
25-03-2026,Bodycon Dress,28
25-03-2026,Boots,13
25-03-2026,Cardigan,20
25-03-2026,Casual Top,25
25-03-2026,Celana Anak,19
25-03-2026,Celana Chino,31
25-03-2026,Celana Formal,41
25-03-2026,Celana Jeans,61
25-03-2026,Chic Top,32
25-03-2026,Crop Shirt,23
25-03-2026,Culottes,25
25-03-2026,Dress Anak,17
25-03-2026,Flat Shoes,11
25-03-2026,Handbag,9
25-03-2026,Heels,15
25-03-2026,High-Waist Pants,21
25-03-2026,Jaket,34
25-03-2026,Jogger Pants,65
25-03-2026,Kaos,40
25-03-2026,Kaos Anak,22
25-03-2026,Kaos Kaki,9
25-03-2026,Kemeja,36
25-03-2026,Kemeja Wanita,17
25-03-2026,Loafers,7
25-03-2026,Maxi Dress,24
25-03-2026,Oversized Shirt,19
25-03-2026,Palazzo Pants,27
25-03-2026,Pleated Pants,23
25-03-2026,Polo Shirt,48
25-03-2026,Sandal Anak,9
25-03-2026,Sepatu Formal,11
25-03-2026,Sepatu Sekolah,9
25-03-2026,Setelan Anak,21
25-03-2026,Shoulder Bag,3
25-03-2026,Skirt,21
25-03-2026,Slip Dress,24
25-03-2026,Sneakers,36
25-03-2026,Sneakers Anak,9
25-03-2026,Totebag,8
25-03-2026,Tunic,16
25-03-2026,Vintage Top,15
25-03-2026,Wedges,16
26-03-2026,A-Line Dress,31
26-03-2026,Athleisure Set,27
26-03-2026,Blouse,28
26-03-2026,Bodycon Dress,31
26-03-2026,Boots,15
26-03-2026,Cardigan,25
26-03-2026,Casual Top,32
26-03-2026,Celana Anak,32
26-03-2026,Celana Chino,74
26-03-2026,Celana Formal,41
26-03-2026,Celana Jeans,88
26-03-2026,Chic Top,33
26-03-2026,Clutch,2
26-03-2026,Crop Shirt,48
26-03-2026,Culottes,43
26-03-2026,Dress Anak,20
26-03-2026,Flat Shoes,15
26-03-2026,Handbag,15
26-03-2026,Heels,18
26-03-2026,High-Waist Pants,37
26-03-2026,Jaket,56
26-03-2026,Jogger Pants,79
26-03-2026,Kaos,50
26-03-2026,Kaos Anak,23
26-03-2026,Kaos Kaki,22
26-03-2026,Kemeja,62
26-03-2026,Kemeja Wanita,21
26-03-2026,Loafers,5
26-03-2026,Maxi Dress,22
26-03-2026,Oversized Shirt,31
26-03-2026,Palazzo Pants,47
26-03-2026,Pleated Pants,26
26-03-2026,Polo Shirt,53
26-03-2026,Sandal Anak,7
26-03-2026,Sepatu Formal,14
26-03-2026,Sepatu Sekolah,11
26-03-2026,Setelan Anak,12
26-03-2026,Shoulder Bag,2
26-03-2026,Skirt,41
26-03-2026,Slip Dress,46
26-03-2026,Sneakers,40
26-03-2026,Sneakers Anak,5
26-03-2026,Totebag,13
26-03-2026,Tunic,34
26-03-2026,Vintage Top,27
26-03-2026,Wedges,22
27-03-2026,A-Line Dress,15
27-03-2026,Athleisure Set,32
27-03-2026,Blouse,27
27-03-2026,Bodycon Dress,34
27-03-2026,Boots,10
27-03-2026,Cardigan,44
27-03-2026,Casual Top,25
27-03-2026,Celana Anak,25
27-03-2026,Celana Chino,62
27-03-2026,Celana Formal,45
27-03-2026,Celana Jeans,50
27-03-2026,Chic Top,16
27-03-2026,Clutch,4
27-03-2026,Crop Shirt,30
27-03-2026,Culottes,30
27-03-2026,Dress Anak,26
27-03-2026,Flat Shoes,13
27-03-2026,Handbag,5
27-03-2026,Heels,20
27-03-2026,High-Waist Pants,21
27-03-2026,Jaket,38
27-03-2026,Jogger Pants,82
27-03-2026,Kaos,39
27-03-2026,Kaos Anak,25
27-03-2026,Kaos Kaki,15
27-03-2026,Kemeja,41
27-03-2026,Kemeja Wanita,22
27-03-2026,Koper Sedang,2
27-03-2026,Loafers,5
27-03-2026,Maxi Dress,26
27-03-2026,Oversized Shirt,27
27-03-2026,Palazzo Pants,23
27-03-2026,Pleated Pants,18
27-03-2026,Polo Shirt,32
27-03-2026,Sandal Anak,5
27-03-2026,Sepatu Formal,11
27-03-2026,Sepatu Sekolah,4
27-03-2026,Setelan Anak,24
27-03-2026,Shoulder Bag,4
27-03-2026,Skirt,28
27-03-2026,Slip Dress,10
27-03-2026,Sneakers,22
27-03-2026,Sneakers Anak,14
27-03-2026,Totebag,9
27-03-2026,Tunic,24
27-03-2026,Vintage Top,26
27-03-2026,Wedges,15
28-03-2026,A-Line Dress,71
28-03-2026,Athleisure Set,66
28-03-2026,Blouse,58
28-03-2026,Bodycon Dress,49
28-03-2026,Boots,28
28-03-2026,Cardigan,62
28-03-2026,Casual Top,75
28-03-2026,Celana Anak,46
28-03-2026,Celana Chino,150
28-03-2026,Celana Formal,121
28-03-2026,Celana Jeans,178
28-03-2026,Chic Top,49
28-03-2026,Clutch,12
28-03-2026,Crop Shirt,79
28-03-2026,Culottes,100
28-03-2026,Dress Anak,45
28-03-2026,Flat Shoes,36
28-03-2026,Handbag,28
28-03-2026,Heels,32
28-03-2026,High-Waist Pants,67
28-03-2026,Jaket,108
28-03-2026,Jogger Pants,189
28-03-2026,Kaos,143
28-03-2026,Kaos Anak,59
28-03-2026,Kaos Kaki,44
28-03-2026,Kemeja,102
28-03-2026,Kemeja Wanita,62
28-03-2026,Koper Besar,1
28-03-2026,Koper Kecil,3
28-03-2026,Loafers,34
28-03-2026,Maxi Dress,63
28-03-2026,Oversized Shirt,87
28-03-2026,Palazzo Pants,93
28-03-2026,Pleated Pants,55
28-03-2026,Polo Shirt,110
28-03-2026,Sandal Anak,14
28-03-2026,Sepatu Formal,20
28-03-2026,Sepatu Sekolah,21
28-03-2026,Setelan Anak,63
28-03-2026,Shoulder Bag,5
28-03-2026,Skirt,76
28-03-2026,Slip Dress,82
28-03-2026,Sneakers,66
28-03-2026,Sneakers Anak,18
28-03-2026,Totebag,22
28-03-2026,Tunic,60
28-03-2026,Vintage Top,63
28-03-2026,Wedges,29
29-03-2026,A-Line Dress,51
29-03-2026,Athleisure Set,70
29-03-2026,Blouse,48
29-03-2026,Bodycon Dress,56
29-03-2026,Boots,26
29-03-2026,Cardigan,54
29-03-2026,Casual Top,51
29-03-2026,Celana Anak,42
29-03-2026,Celana Chino,137
29-03-2026,Celana Formal,98
29-03-2026,Celana Jeans,133
29-03-2026,Chic Top,48
29-03-2026,Clutch,11
29-03-2026,Crop Shirt,52
29-03-2026,Culottes,81
29-03-2026,Dress Anak,29
29-03-2026,Flat Shoes,27
29-03-2026,Handbag,21
29-03-2026,Heels,27
29-03-2026,High-Waist Pants,48
29-03-2026,Jaket,132
29-03-2026,Jogger Pants,136
29-03-2026,Kaos,110
29-03-2026,Kaos Anak,48
29-03-2026,Kaos Kaki,38
29-03-2026,Kemeja,109
29-03-2026,Kemeja Wanita,62
29-03-2026,Koper Besar,1
29-03-2026,Koper Kecil,2
29-03-2026,Loafers,29
29-03-2026,Maxi Dress,53
29-03-2026,Oversized Shirt,43
29-03-2026,Palazzo Pants,74
29-03-2026,Pleated Pants,42
29-03-2026,Polo Shirt,127
29-03-2026,Sandal Anak,12
29-03-2026,Sepatu Formal,11
29-03-2026,Sepatu Sekolah,9
29-03-2026,Setelan Anak,43
29-03-2026,Shoulder Bag,18
29-03-2026,Skirt,58
29-03-2026,Slip Dress,51
29-03-2026,Sneakers,48
29-03-2026,Sneakers Anak,14
29-03-2026,Totebag,9
29-03-2026,Tunic,65
29-03-2026,Vintage Top,63
29-03-2026,Wedges,22
30-03-2026,A-Line Dress,27
30-03-2026,Athleisure Set,17
30-03-2026,Blouse,22
30-03-2026,Bodycon Dress,26
30-03-2026,Boots,10
30-03-2026,Cardigan,13
30-03-2026,Casual Top,13
30-03-2026,Celana Anak,15
30-03-2026,Celana Chino,49
30-03-2026,Celana Formal,47
30-03-2026,Celana Jeans,46
30-03-2026,Chic Top,29
30-03-2026,Clutch,8
30-03-2026,Crop Shirt,20
30-03-2026,Culottes,30
30-03-2026,Dress Anak,13
30-03-2026,Flat Shoes,13
30-03-2026,Handbag,12
30-03-2026,Heels,8
30-03-2026,High-Waist Pants,17
30-03-2026,Jaket,39
30-03-2026,Jogger Pants,53
30-03-2026,Kaos,34
30-03-2026,Kaos Anak,12
30-03-2026,Kaos Kaki,17
30-03-2026,Kemeja,32
30-03-2026,Kemeja Wanita,17
30-03-2026,Koper Kecil,1
30-03-2026,Loafers,6
30-03-2026,Maxi Dress,16
30-03-2026,Oversized Shirt,25
30-03-2026,Palazzo Pants,24
30-03-2026,Pleated Pants,23
30-03-2026,Polo Shirt,29
30-03-2026,Sandal Anak,2
30-03-2026,Sepatu Formal,4
30-03-2026,Sepatu Sekolah,8
30-03-2026,Setelan Anak,11
30-03-2026,Shoulder Bag,3
30-03-2026,Skirt,17
30-03-2026,Slip Dress,15
30-03-2026,Sneakers,18
30-03-2026,Sneakers Anak,1
30-03-2026,Totebag,10
30-03-2026,Tunic,16
30-03-2026,Vintage Top,9
30-03-2026,Wedges,14
31-03-2026,A-Line Dress,215
31-03-2026,Athleisure Set,218
31-03-2026,Blouse,222
31-03-2026,Bodycon Dress,170
31-03-2026,Boots,93
31-03-2026,Cardigan,228
31-03-2026,Casual Top,164
31-03-2026,Celana Anak,158
31-03-2026,Celana Chino,518
31-03-2026,Celana Formal,338
31-03-2026,Celana Jeans,487
31-03-2026,Chic Top,238
31-03-2026,Clutch,32
31-03-2026,Crop Shirt,201
31-03-2026,Culottes,265
31-03-2026,Dress Anak,165
31-03-2026,Flat Shoes,114
31-03-2026,Handbag,137
31-03-2026,Heels,122
31-03-2026,High-Waist Pants,209
31-03-2026,Jaket,366
31-03-2026,Jogger Pants,486
31-03-2026,Kaos,367
31-03-2026,Kaos Anak,178
31-03-2026,Kaos Kaki,137
31-03-2026,Kemeja,351
31-03-2026,Kemeja Wanita,216
31-03-2026,Koper Besar,3
31-03-2026,Koper Kecil,5
31-03-2026,Koper Sedang,6
31-03-2026,Loafers,112
31-03-2026,Maxi Dress,171
31-03-2026,Oversized Shirt,207
31-03-2026,Palazzo Pants,264
31-03-2026,Pleated Pants,195
31-03-2026,Polo Shirt,353
31-03-2026,Sandal Anak,61
31-03-2026,Sepatu Formal,99
31-03-2026,Sepatu Sekolah,65
31-03-2026,Setelan Anak,187
31-03-2026,Shoulder Bag,39
31-03-2026,Skirt,206
31-03-2026,Slip Dress,183
31-03-2026,Sneakers,194
31-03-2026,Sneakers Anak,82
31-03-2026,Totebag,102
31-03-2026,Tunic,198
31-03-2026,Vintage Top,201
31-03-2026,Wedges,100
01-04-2026,A-Line Dress,19
01-04-2026,Athleisure Set,24
01-04-2026,Blouse,33
01-04-2026,Bodycon Dress,12
01-04-2026,Boots,10
01-04-2026,Cardigan,13
01-04-2026,Casual Top,15
01-04-2026,Celana Anak,27
01-04-2026,Celana Chino,42
01-04-2026,Celana Formal,31
01-04-2026,Celana Jeans,49
01-04-2026,Chic Top,9
01-04-2026,Clutch,4
01-04-2026,Crop Shirt,21
01-04-2026,Culottes,20
01-04-2026,Dress Anak,36
01-04-2026,Flat Shoes,5
01-04-2026,Handbag,7
01-04-2026,Heels,17
01-04-2026,High-Waist Pants,30
01-04-2026,Hoodie,38
01-04-2026,Jaket,31
01-04-2026,Jogger Pants,32
01-04-2026,Kaos,32
01-04-2026,Kaos Anak,29
01-04-2026,Kaos Kaki,19
01-04-2026,Kemeja,34
01-04-2026,Kemeja Wanita,13
01-04-2026,Knit Top,12
01-04-2026,Koper Besar,2
01-04-2026,Koper Kecil,5
01-04-2026,Koper Sedang,3
01-04-2026,Loafers,7
01-04-2026,Maxi Dress,11
01-04-2026,Office Look,13
01-04-2026,Oversized Shirt,28
01-04-2026,Palazzo Pants,20
01-04-2026,Platform Sandal,14
01-04-2026,Pleated Pants,13
01-04-2026,Polo Shirt,29
01-04-2026,Running Shoes,6
01-04-2026,Sandal,8
01-04-2026,Sandal Anak,6
01-04-2026,Sepatu Formal,12
01-04-2026,Sepatu Sekolah,7
01-04-2026,Setelan Anak,35
01-04-2026,Shoulder Bag,6
01-04-2026,Skirt,26
01-04-2026,Slip Dress,17
01-04-2026,Sneakers,24
01-04-2026,Sneakers Anak,5
01-04-2026,Tas Ransel,10
01-04-2026,Tas Selempang,9
01-04-2026,Totebag,6
01-04-2026,Tunic,24
01-04-2026,Vintage Top,16
01-04-2026,Wedges,14
02-04-2026,A-Line Dress,11
02-04-2026,Athleisure Set,15
02-04-2026,Blouse,7
02-04-2026,Bodycon Dress,17
02-04-2026,Boots,11
02-04-2026,Cardigan,14
02-04-2026,Casual Top,11
02-04-2026,Celana Anak,16
02-04-2026,Celana Chino,30
02-04-2026,Celana Formal,35
02-04-2026,Celana Jeans,52
02-04-2026,Chic Top,13
02-04-2026,Clutch,2
02-04-2026,Crop Shirt,10
02-04-2026,Culottes,43
02-04-2026,Dress Anak,28
02-04-2026,Flat Shoes,6
02-04-2026,Handbag,8
02-04-2026,Heels,8
02-04-2026,High-Waist Pants,17
02-04-2026,Hoodie,39
02-04-2026,Jaket,48
02-04-2026,Jogger Pants,35
02-04-2026,Kaos,32
02-04-2026,Kaos Anak,30
02-04-2026,Kaos Kaki,23
02-04-2026,Kemeja,33
02-04-2026,Kemeja Wanita,18
02-04-2026,Knit Top,13
02-04-2026,Koper Sedang,1
02-04-2026,Loafers,8
02-04-2026,Maxi Dress,21
02-04-2026,Office Look,23
02-04-2026,Oversized Shirt,18
02-04-2026,Palazzo Pants,7
02-04-2026,Platform Sandal,8
02-04-2026,Pleated Pants,14
02-04-2026,Polo Shirt,23
02-04-2026,Running Shoes,9
02-04-2026,Sandal,11
02-04-2026,Sandal Anak,8
02-04-2026,Sepatu Formal,4
02-04-2026,Sepatu Sekolah,4
02-04-2026,Setelan Anak,27
02-04-2026,Shoulder Bag,4
02-04-2026,Skirt,16
02-04-2026,Slip Dress,13
02-04-2026,Sneakers,16
02-04-2026,Sneakers Anak,3
02-04-2026,Tas Ransel,4
02-04-2026,Tas Selempang,7
02-04-2026,Totebag,2
02-04-2026,Tunic,12
02-04-2026,Vintage Top,28
02-04-2026,Wedges,10
03-04-2026,A-Line Dress,11
03-04-2026,Athleisure Set,16
03-04-2026,Blouse,15
03-04-2026,Bodycon Dress,22
03-04-2026,Boots,5
03-04-2026,Cardigan,16
03-04-2026,Casual Top,17
03-04-2026,Celana Anak,31
03-04-2026,Celana Chino,26
03-04-2026,Celana Formal,39
03-04-2026,Celana Jeans,46
03-04-2026,Chic Top,13
03-04-2026,Clutch,5
03-04-2026,Crop Shirt,8
03-04-2026,Culottes,22
03-04-2026,Dress Anak,29
03-04-2026,Flat Shoes,4
03-04-2026,Handbag,4
03-04-2026,Heels,9
03-04-2026,High-Waist Pants,24
03-04-2026,Hoodie,31
03-04-2026,Jaket,39
03-04-2026,Jogger Pants,37
03-04-2026,Kaos,45
03-04-2026,Kaos Anak,22
03-04-2026,Kaos Kaki,29
03-04-2026,Kemeja,34
03-04-2026,Kemeja Wanita,20
03-04-2026,Knit Top,22
03-04-2026,Koper Kecil,2
03-04-2026,Loafers,8
03-04-2026,Maxi Dress,16
03-04-2026,Office Look,14
03-04-2026,Oversized Shirt,8
03-04-2026,Palazzo Pants,20
03-04-2026,Platform Sandal,13
03-04-2026,Pleated Pants,20
03-04-2026,Polo Shirt,34
03-04-2026,Running Shoes,11
03-04-2026,Sandal,4
03-04-2026,Sandal Anak,2
03-04-2026,Sepatu Formal,7
03-04-2026,Sepatu Sekolah,4
03-04-2026,Setelan Anak,40
03-04-2026,Shoulder Bag,8
03-04-2026,Skirt,24
03-04-2026,Slip Dress,14
03-04-2026,Sneakers,12
03-04-2026,Tas Ransel,6
03-04-2026,Totebag,9
03-04-2026,Tunic,17
03-04-2026,Vintage Top,10
03-04-2026,Wedges,4
04-04-2026,A-Line Dress,14
04-04-2026,Athleisure Set,18
04-04-2026,Blouse,31
04-04-2026,Bodycon Dress,26
04-04-2026,Boots,5
04-04-2026,Cardigan,25
04-04-2026,Casual Top,16
04-04-2026,Celana Anak,43
04-04-2026,Celana Chino,44
04-04-2026,Celana Formal,40
04-04-2026,Celana Jeans,49
04-04-2026,Chic Top,22
04-04-2026,Clutch,10
04-04-2026,Crop Shirt,14
04-04-2026,Culottes,20
04-04-2026,Dress Anak,21
04-04-2026,Flat Shoes,10
04-04-2026,Handbag,15
04-04-2026,Heels,20
04-04-2026,High-Waist Pants,22
04-04-2026,Hoodie,54
04-04-2026,Jaket,49
04-04-2026,Jogger Pants,43
04-04-2026,Kaos,51
04-04-2026,Kaos Anak,32
04-04-2026,Kaos Kaki,26
04-04-2026,Kemeja,46
04-04-2026,Kemeja Wanita,20
04-04-2026,Knit Top,32
04-04-2026,Koper Besar,1
04-04-2026,Koper Kecil,3
04-04-2026,Koper Sedang,1
04-04-2026,Loafers,13
04-04-2026,Maxi Dress,23
04-04-2026,Office Look,19
04-04-2026,Oversized Shirt,22
04-04-2026,Palazzo Pants,27
04-04-2026,Platform Sandal,14
04-04-2026,Pleated Pants,22
04-04-2026,Polo Shirt,34
04-04-2026,Running Shoes,11
04-04-2026,Sandal,10
04-04-2026,Sandal Anak,9
04-04-2026,Sepatu Formal,6
04-04-2026,Sepatu Sekolah,11
04-04-2026,Setelan Anak,35
04-04-2026,Shoulder Bag,14
04-04-2026,Skirt,35
04-04-2026,Slip Dress,20
04-04-2026,Sneakers,16
04-04-2026,Sneakers Anak,12
04-04-2026,Tas Ransel,8
04-04-2026,Tas Selempang,9
04-04-2026,Totebag,5
04-04-2026,Tunic,8
04-04-2026,Vintage Top,24
04-04-2026,Wedges,15
05-04-2026,A-Line Dress,29
05-04-2026,Athleisure Set,13
05-04-2026,Blouse,25
05-04-2026,Bodycon Dress,17
05-04-2026,Boots,9
05-04-2026,Cardigan,20
05-04-2026,Casual Top,28
05-04-2026,Celana Anak,23
05-04-2026,Celana Chino,42
05-04-2026,Celana Formal,57
05-04-2026,Celana Jeans,62
05-04-2026,Chic Top,17
05-04-2026,Clutch,3
05-04-2026,Crop Shirt,18
05-04-2026,Culottes,20
05-04-2026,Dress Anak,45
05-04-2026,Flat Shoes,6
05-04-2026,Handbag,2
05-04-2026,Heels,14
05-04-2026,High-Waist Pants,22
05-04-2026,Hoodie,43
05-04-2026,Jaket,25
05-04-2026,Jogger Pants,36
05-04-2026,Kaos,38
05-04-2026,Kaos Anak,29
05-04-2026,Kaos Kaki,31
05-04-2026,Kemeja,31
05-04-2026,Kemeja Wanita,21
05-04-2026,Knit Top,15
05-04-2026,Koper Kecil,1
05-04-2026,Loafers,9
05-04-2026,Maxi Dress,15
05-04-2026,Office Look,16
05-04-2026,Oversized Shirt,24
05-04-2026,Palazzo Pants,10
05-04-2026,Platform Sandal,3
05-04-2026,Pleated Pants,9
05-04-2026,Polo Shirt,33
05-04-2026,Running Shoes,4
05-04-2026,Sandal,17
05-04-2026,Sandal Anak,6
05-04-2026,Sepatu Formal,12
05-04-2026,Sepatu Sekolah,3
05-04-2026,Setelan Anak,29
05-04-2026,Shoulder Bag,9
05-04-2026,Skirt,23
05-04-2026,Slip Dress,33
05-04-2026,Sneakers,22
05-04-2026,Sneakers Anak,12
05-04-2026,Tas Ransel,2
05-04-2026,Tas Selempang,5
05-04-2026,Totebag,9
05-04-2026,Tunic,12
05-04-2026,Vintage Top,31
05-04-2026,Wedges,9
06-04-2026,A-Line Dress,14
06-04-2026,Athleisure Set,20
06-04-2026,Blouse,16
06-04-2026,Bodycon Dress,12
06-04-2026,Boots,10
06-04-2026,Cardigan,11
06-04-2026,Casual Top,11
06-04-2026,Celana Anak,23
06-04-2026,Celana Chino,34
06-04-2026,Celana Formal,31
06-04-2026,Celana Jeans,43
06-04-2026,Chic Top,21
06-04-2026,Clutch,6
06-04-2026,Crop Shirt,8
06-04-2026,Culottes,20
06-04-2026,Dress Anak,30
06-04-2026,Flat Shoes,5
06-04-2026,Handbag,3
06-04-2026,Heels,13
06-04-2026,High-Waist Pants,12
06-04-2026,Hoodie,19
06-04-2026,Jaket,22
06-04-2026,Jogger Pants,27
06-04-2026,Kaos,28
06-04-2026,Kaos Anak,15
06-04-2026,Kaos Kaki,8
06-04-2026,Kemeja,28
06-04-2026,Kemeja Wanita,7
06-04-2026,Knit Top,18
06-04-2026,Koper Besar,1
06-04-2026,Koper Kecil,1
06-04-2026,Loafers,4
06-04-2026,Maxi Dress,15
06-04-2026,Office Look,11
06-04-2026,Oversized Shirt,22
06-04-2026,Palazzo Pants,17
06-04-2026,Platform Sandal,11
06-04-2026,Pleated Pants,21
06-04-2026,Polo Shirt,18
06-04-2026,Running Shoes,11
06-04-2026,Sandal,11
06-04-2026,Sandal Anak,3
06-04-2026,Sepatu Formal,12
06-04-2026,Sepatu Sekolah,1
06-04-2026,Setelan Anak,35
06-04-2026,Shoulder Bag,5
06-04-2026,Skirt,22
06-04-2026,Slip Dress,17
06-04-2026,Sneakers,11
06-04-2026,Sneakers Anak,8
06-04-2026,Tas Ransel,2
06-04-2026,Tas Selempang,7
06-04-2026,Tunic,15
06-04-2026,Vintage Top,5
06-04-2026,Wedges,7
07-04-2026,A-Line Dress,18
07-04-2026,Athleisure Set,16
07-04-2026,Blouse,18
07-04-2026,Bodycon Dress,14
07-04-2026,Boots,4
07-04-2026,Cardigan,10
07-04-2026,Casual Top,12
07-04-2026,Celana Anak,28
07-04-2026,Celana Chino,23
07-04-2026,Celana Formal,44
07-04-2026,Celana Jeans,44
07-04-2026,Chic Top,21
07-04-2026,Clutch,5
07-04-2026,Crop Shirt,17
07-04-2026,Culottes,26
07-04-2026,Dress Anak,27
07-04-2026,Flat Shoes,7
07-04-2026,Handbag,4
07-04-2026,Heels,14
07-04-2026,High-Waist Pants,14
07-04-2026,Hoodie,27
07-04-2026,Jaket,33
07-04-2026,Jogger Pants,36
07-04-2026,Kaos,22
07-04-2026,Kaos Anak,38
07-04-2026,Kaos Kaki,22
07-04-2026,Kemeja,39
07-04-2026,Kemeja Wanita,13
07-04-2026,Knit Top,23
07-04-2026,Koper Besar,3
07-04-2026,Koper Sedang,1
07-04-2026,Loafers,12
07-04-2026,Maxi Dress,10
07-04-2026,Office Look,15
07-04-2026,Oversized Shirt,16
07-04-2026,Palazzo Pants,10
07-04-2026,Platform Sandal,7
07-04-2026,Pleated Pants,7
07-04-2026,Polo Shirt,34
07-04-2026,Running Shoes,3
07-04-2026,Sandal,9
07-04-2026,Sandal Anak,9
07-04-2026,Sepatu Formal,4
07-04-2026,Sepatu Sekolah,7
07-04-2026,Setelan Anak,22
07-04-2026,Shoulder Bag,5
07-04-2026,Skirt,19
07-04-2026,Slip Dress,11
07-04-2026,Sneakers,17
07-04-2026,Sneakers Anak,7
07-04-2026,Tas Ransel,5
07-04-2026,Tas Selempang,3
07-04-2026,Totebag,2
07-04-2026,Tunic,13
07-04-2026,Vintage Top,17
07-04-2026,Wedges,8
08-04-2026,A-Line Dress,14
08-04-2026,Athleisure Set,14
08-04-2026,Blouse,7
08-04-2026,Bodycon Dress,6
08-04-2026,Boots,1
08-04-2026,Cardigan,8
08-04-2026,Casual Top,13
08-04-2026,Celana Anak,22
08-04-2026,Celana Chino,21
08-04-2026,Celana Formal,41
08-04-2026,Celana Jeans,22
08-04-2026,Chic Top,8
08-04-2026,Clutch,5
08-04-2026,Crop Shirt,25
08-04-2026,Culottes,8
08-04-2026,Dress Anak,19
08-04-2026,Flat Shoes,7
08-04-2026,Handbag,3
08-04-2026,Heels,12
08-04-2026,High-Waist Pants,15
08-04-2026,Hoodie,19
08-04-2026,Jaket,22
08-04-2026,Jogger Pants,16
08-04-2026,Kaos,26
08-04-2026,Kaos Anak,8
08-04-2026,Kaos Kaki,12
08-04-2026,Kemeja,18
08-04-2026,Kemeja Wanita,2
08-04-2026,Knit Top,8
08-04-2026,Koper Kecil,1
08-04-2026,Loafers,5
08-04-2026,Maxi Dress,17
08-04-2026,Office Look,11
08-04-2026,Oversized Shirt,17
08-04-2026,Palazzo Pants,10
08-04-2026,Platform Sandal,5
08-04-2026,Pleated Pants,7
08-04-2026,Polo Shirt,23
08-04-2026,Running Shoes,4
08-04-2026,Sandal,9
08-04-2026,Sandal Anak,4
08-04-2026,Sepatu Formal,2
08-04-2026,Sepatu Sekolah,6
08-04-2026,Setelan Anak,38
08-04-2026,Shoulder Bag,1
08-04-2026,Skirt,12
08-04-2026,Slip Dress,15
08-04-2026,Sneakers,13
08-04-2026,Sneakers Anak,8
08-04-2026,Tas Ransel,1
08-04-2026,Tas Selempang,5
08-04-2026,Totebag,5
08-04-2026,Tunic,17
08-04-2026,Vintage Top,18
08-04-2026,Wedges,6
09-04-2026,A-Line Dress,9
09-04-2026,Athleisure Set,9
09-04-2026,Blouse,18
09-04-2026,Bodycon Dress,11
09-04-2026,Boots,2
09-04-2026,Cardigan,9
09-04-2026,Casual Top,8
09-04-2026,Celana Anak,26
09-04-2026,Celana Chino,26
09-04-2026,Celana Formal,29
09-04-2026,Celana Jeans,41
09-04-2026,Chic Top,20
09-04-2026,Clutch,2
09-04-2026,Crop Shirt,9
09-04-2026,Culottes,13
09-04-2026,Dress Anak,25
09-04-2026,Flat Shoes,7
09-04-2026,Handbag,12
09-04-2026,Heels,8
09-04-2026,High-Waist Pants,16
09-04-2026,Hoodie,25
09-04-2026,Jaket,28
09-04-2026,Jogger Pants,20
09-04-2026,Kaos,32
09-04-2026,Kaos Anak,31
09-04-2026,Kaos Kaki,17
09-04-2026,Kemeja,16
09-04-2026,Kemeja Wanita,15
09-04-2026,Knit Top,10
09-04-2026,Loafers,9
09-04-2026,Maxi Dress,19
09-04-2026,Office Look,20
09-04-2026,Oversized Shirt,8
09-04-2026,Palazzo Pants,6
09-04-2026,Platform Sandal,6
09-04-2026,Pleated Pants,15
09-04-2026,Polo Shirt,28
09-04-2026,Running Shoes,9
09-04-2026,Sandal,4
09-04-2026,Sandal Anak,2
09-04-2026,Sepatu Formal,10
09-04-2026,Sepatu Sekolah,10
09-04-2026,Setelan Anak,18
09-04-2026,Shoulder Bag,2
09-04-2026,Skirt,30
09-04-2026,Slip Dress,11
09-04-2026,Sneakers,16
09-04-2026,Tas Ransel,10
09-04-2026,Tas Selempang,7
09-04-2026,Totebag,5
09-04-2026,Tunic,8
09-04-2026,Vintage Top,8
09-04-2026,Wedges,3
10-04-2026,A-Line Dress,9
10-04-2026,Athleisure Set,8
10-04-2026,Blouse,12
10-04-2026,Bodycon Dress,7
10-04-2026,Boots,4
10-04-2026,Cardigan,16
10-04-2026,Casual Top,6
10-04-2026,Celana Anak,11
10-04-2026,Celana Chino,24
10-04-2026,Celana Formal,21
10-04-2026,Celana Jeans,25
10-04-2026,Chic Top,7
10-04-2026,Clutch,6
10-04-2026,Crop Shirt,9
10-04-2026,Culottes,9
10-04-2026,Dress Anak,23
10-04-2026,Flat Shoes,5
10-04-2026,Handbag,8
10-04-2026,Heels,3
10-04-2026,High-Waist Pants,9
10-04-2026,Hoodie,23
10-04-2026,Jaket,23
10-04-2026,Jogger Pants,27
10-04-2026,Kaos,11
10-04-2026,Kaos Anak,23
10-04-2026,Kaos Kaki,17
10-04-2026,Kemeja,21
10-04-2026,Kemeja Wanita,14
10-04-2026,Knit Top,9
10-04-2026,Koper Kecil,1
10-04-2026,Koper Sedang,1
10-04-2026,Loafers,6
10-04-2026,Maxi Dress,11
10-04-2026,Office Look,8
10-04-2026,Oversized Shirt,9
10-04-2026,Palazzo Pants,4
10-04-2026,Platform Sandal,4
10-04-2026,Pleated Pants,10
10-04-2026,Polo Shirt,13
10-04-2026,Running Shoes,8
10-04-2026,Sandal,10
10-04-2026,Sandal Anak,3
10-04-2026,Sepatu Formal,7
10-04-2026,Sepatu Sekolah,3
10-04-2026,Setelan Anak,28
10-04-2026,Shoulder Bag,3
10-04-2026,Skirt,9
10-04-2026,Slip Dress,8
10-04-2026,Sneakers,6
10-04-2026,Sneakers Anak,7
10-04-2026,Tas Ransel,1
10-04-2026,Tas Selempang,4
10-04-2026,Totebag,4
10-04-2026,Tunic,14
10-04-2026,Vintage Top,15
10-04-2026,Wedges,4
11-04-2026,A-Line Dress,10
11-04-2026,Athleisure Set,25
11-04-2026,Blouse,12
11-04-2026,Bodycon Dress,17
11-04-2026,Boots,5
11-04-2026,Cardigan,20
11-04-2026,Casual Top,24
11-04-2026,Celana Anak,18
11-04-2026,Celana Chino,26
11-04-2026,Celana Formal,48
11-04-2026,Celana Jeans,49
11-04-2026,Chic Top,23
11-04-2026,Clutch,4
11-04-2026,Crop Shirt,12
11-04-2026,Culottes,13
11-04-2026,Dress Anak,28
11-04-2026,Flat Shoes,5
11-04-2026,Handbag,2
11-04-2026,Heels,10
11-04-2026,High-Waist Pants,32
11-04-2026,Hoodie,28
11-04-2026,Jaket,23
11-04-2026,Jogger Pants,23
11-04-2026,Kaos,29
11-04-2026,Kaos Anak,34
11-04-2026,Kaos Kaki,13
11-04-2026,Kemeja,39
11-04-2026,Kemeja Wanita,15
11-04-2026,Knit Top,22
11-04-2026,Koper Besar,1
11-04-2026,Koper Kecil,1
11-04-2026,Koper Sedang,1
11-04-2026,Loafers,9
11-04-2026,Maxi Dress,16
11-04-2026,Office Look,15
11-04-2026,Oversized Shirt,14
11-04-2026,Palazzo Pants,23
11-04-2026,Platform Sandal,12
11-04-2026,Pleated Pants,12
11-04-2026,Polo Shirt,27
11-04-2026,Running Shoes,4
11-04-2026,Sandal,7
11-04-2026,Sandal Anak,5
11-04-2026,Sepatu Formal,5
11-04-2026,Sepatu Sekolah,12
11-04-2026,Setelan Anak,30
11-04-2026,Shoulder Bag,5
11-04-2026,Skirt,21
11-04-2026,Slip Dress,6
11-04-2026,Sneakers,10
11-04-2026,Sneakers Anak,2
11-04-2026,Tas Ransel,6
11-04-2026,Tas Selempang,3
11-04-2026,Totebag,5
11-04-2026,Tunic,14
11-04-2026,Vintage Top,11
11-04-2026,Wedges,6
12-04-2026,A-Line Dress,18
12-04-2026,Athleisure Set,13
12-04-2026,Blouse,12
12-04-2026,Bodycon Dress,8
12-04-2026,Boots,6
12-04-2026,Cardigan,24
12-04-2026,Casual Top,9
12-04-2026,Celana Anak,33
12-04-2026,Celana Chino,24
12-04-2026,Celana Formal,33
12-04-2026,Celana Jeans,29
12-04-2026,Chic Top,21
12-04-2026,Clutch,7
12-04-2026,Crop Shirt,18
12-04-2026,Culottes,9
12-04-2026,Dress Anak,18
12-04-2026,Flat Shoes,4
12-04-2026,Handbag,4
12-04-2026,Heels,10
12-04-2026,High-Waist Pants,14
12-04-2026,Hoodie,29
12-04-2026,Jaket,27
12-04-2026,Jogger Pants,28
12-04-2026,Kaos,28
12-04-2026,Kaos Anak,27
12-04-2026,Kaos Kaki,15
12-04-2026,Kemeja,37
12-04-2026,Kemeja Wanita,9
12-04-2026,Knit Top,13
12-04-2026,Koper Kecil,1
12-04-2026,Koper Sedang,1
12-04-2026,Loafers,7
12-04-2026,Maxi Dress,20
12-04-2026,Office Look,12
12-04-2026,Oversized Shirt,17
12-04-2026,Palazzo Pants,14
12-04-2026,Platform Sandal,8
12-04-2026,Pleated Pants,4
12-04-2026,Polo Shirt,19
12-04-2026,Running Shoes,9
12-04-2026,Sandal,8
12-04-2026,Sandal Anak,5
12-04-2026,Sepatu Formal,6
12-04-2026,Sepatu Sekolah,2
12-04-2026,Setelan Anak,24
12-04-2026,Shoulder Bag,5
12-04-2026,Skirt,29
12-04-2026,Slip Dress,12
12-04-2026,Sneakers,13
12-04-2026,Sneakers Anak,8
12-04-2026,Tas Ransel,2
12-04-2026,Tas Selempang,3
12-04-2026,Totebag,3
12-04-2026,Tunic,12
12-04-2026,Vintage Top,13
12-04-2026,Wedges,8
13-04-2026,A-Line Dress,15
13-04-2026,Athleisure Set,14
13-04-2026,Blouse,14
13-04-2026,Bodycon Dress,12
13-04-2026,Boots,6
13-04-2026,Cardigan,11
13-04-2026,Casual Top,14
13-04-2026,Celana Anak,17
13-04-2026,Celana Chino,28
13-04-2026,Celana Formal,30
13-04-2026,Celana Jeans,26
13-04-2026,Chic Top,10
13-04-2026,Clutch,7
13-04-2026,Crop Shirt,10
13-04-2026,Culottes,9
13-04-2026,Dress Anak,12
13-04-2026,Handbag,2
13-04-2026,Heels,23
13-04-2026,High-Waist Pants,10
13-04-2026,Hoodie,17
13-04-2026,Jaket,21
13-04-2026,Jogger Pants,24
13-04-2026,Kaos,22
13-04-2026,Kaos Anak,13
13-04-2026,Kaos Kaki,23
13-04-2026,Kemeja,19
13-04-2026,Kemeja Wanita,15
13-04-2026,Knit Top,8
13-04-2026,Koper Besar,1
13-04-2026,Loafers,4
13-04-2026,Maxi Dress,11
13-04-2026,Office Look,9
13-04-2026,Oversized Shirt,10
13-04-2026,Palazzo Pants,17
13-04-2026,Platform Sandal,8
13-04-2026,Pleated Pants,15
13-04-2026,Polo Shirt,16
13-04-2026,Running Shoes,7
13-04-2026,Sandal Anak,7
13-04-2026,Sepatu Formal,1
13-04-2026,Sepatu Sekolah,8
13-04-2026,Setelan Anak,21
13-04-2026,Shoulder Bag,6
13-04-2026,Skirt,21
13-04-2026,Slip Dress,3
13-04-2026,Sneakers,6
13-04-2026,Sneakers Anak,5
13-04-2026,Tas Selempang,2
13-04-2026,Tunic,10
13-04-2026,Vintage Top,11
13-04-2026,Wedges,6
14-04-2026,A-Line Dress,7
14-04-2026,Athleisure Set,11
14-04-2026,Blouse,8
14-04-2026,Bodycon Dress,12
14-04-2026,Boots,6
14-04-2026,Cardigan,13
14-04-2026,Casual Top,13
14-04-2026,Celana Anak,19
14-04-2026,Celana Chino,15
14-04-2026,Celana Formal,43
14-04-2026,Celana Jeans,24
14-04-2026,Chic Top,13
14-04-2026,Clutch,3
14-04-2026,Crop Shirt,9
14-04-2026,Culottes,9
14-04-2026,Dress Anak,20
14-04-2026,Flat Shoes,3
14-04-2026,Handbag,2
14-04-2026,Heels,6
14-04-2026,High-Waist Pants,9
14-04-2026,Hoodie,25
14-04-2026,Jaket,25
14-04-2026,Jogger Pants,21
14-04-2026,Kaos,17
14-04-2026,Kaos Anak,27
14-04-2026,Kaos Kaki,6
14-04-2026,Kemeja,40
14-04-2026,Kemeja Wanita,17
14-04-2026,Knit Top,13
14-04-2026,Koper Besar,2
14-04-2026,Koper Sedang,2
14-04-2026,Loafers,1
14-04-2026,Maxi Dress,7
14-04-2026,Office Look,13
14-04-2026,Oversized Shirt,23
14-04-2026,Palazzo Pants,15
14-04-2026,Platform Sandal,5
14-04-2026,Pleated Pants,7
14-04-2026,Polo Shirt,28
14-04-2026,Running Shoes,6
14-04-2026,Sandal,1
14-04-2026,Sandal Anak,5
14-04-2026,Sepatu Formal,5
14-04-2026,Sepatu Sekolah,4
14-04-2026,Setelan Anak,29
14-04-2026,Shoulder Bag,6
14-04-2026,Skirt,16
14-04-2026,Slip Dress,19
14-04-2026,Sneakers,6
14-04-2026,Tas Ransel,1
14-04-2026,Tas Selempang,1
14-04-2026,Totebag,1
14-04-2026,Tunic,14
14-04-2026,Vintage Top,12
14-04-2026,Wedges,8
15-04-2026,A-Line Dress,9
15-04-2026,Athleisure Set,8
15-04-2026,Blouse,12
15-04-2026,Bodycon Dress,14
15-04-2026,Boots,6
15-04-2026,Cardigan,5
15-04-2026,Casual Top,12
15-04-2026,Celana Anak,26
15-04-2026,Celana Chino,15
15-04-2026,Celana Formal,26
15-04-2026,Celana Jeans,29
15-04-2026,Chic Top,13
15-04-2026,Clutch,2
15-04-2026,Crop Shirt,12
15-04-2026,Culottes,18
15-04-2026,Dress Anak,14
15-04-2026,Flat Shoes,5
15-04-2026,Handbag,2
15-04-2026,Heels,13
15-04-2026,High-Waist Pants,12
15-04-2026,Hoodie,16
15-04-2026,Jaket,35
15-04-2026,Jogger Pants,24
15-04-2026,Kaos,33
15-04-2026,Kaos Anak,29
15-04-2026,Kaos Kaki,11
15-04-2026,Kemeja,22
15-04-2026,Kemeja Wanita,8
15-04-2026,Knit Top,11
15-04-2026,Koper Kecil,1
15-04-2026,Koper Sedang,1
15-04-2026,Loafers,5
15-04-2026,Maxi Dress,13
15-04-2026,Office Look,7
15-04-2026,Oversized Shirt,19
15-04-2026,Palazzo Pants,9
15-04-2026,Platform Sandal,5
15-04-2026,Pleated Pants,13
15-04-2026,Polo Shirt,18
15-04-2026,Running Shoes,5
15-04-2026,Sandal,9
15-04-2026,Sandal Anak,12
15-04-2026,Sepatu Formal,6
15-04-2026,Sepatu Sekolah,5
15-04-2026,Setelan Anak,17
15-04-2026,Shoulder Bag,3
15-04-2026,Skirt,15
15-04-2026,Slip Dress,16
15-04-2026,Sneakers,16
15-04-2026,Sneakers Anak,1
15-04-2026,Tas Ransel,5
15-04-2026,Tas Selempang,1
15-04-2026,Totebag,2
15-04-2026,Tunic,5
15-04-2026,Vintage Top,6
15-04-2026,Wedges,8
16-04-2026,A-Line Dress,18
16-04-2026,Athleisure Set,10
16-04-2026,Blouse,7
16-04-2026,Bodycon Dress,13
16-04-2026,Boots,3
16-04-2026,Cardigan,11
16-04-2026,Casual Top,14
16-04-2026,Celana Anak,19
16-04-2026,Celana Chino,9
16-04-2026,Celana Formal,29
16-04-2026,Celana Jeans,24
16-04-2026,Chic Top,17
16-04-2026,Clutch,2
16-04-2026,Crop Shirt,12
16-04-2026,Culottes,10
16-04-2026,Dress Anak,20
16-04-2026,Flat Shoes,6
16-04-2026,Handbag,4
16-04-2026,Heels,6
16-04-2026,High-Waist Pants,14
16-04-2026,Hoodie,24
16-04-2026,Jaket,25
16-04-2026,Jogger Pants,17
16-04-2026,Kaos,16
16-04-2026,Kaos Anak,17
16-04-2026,Kaos Kaki,7
16-04-2026,Kemeja,34
16-04-2026,Kemeja Wanita,20
16-04-2026,Knit Top,18
16-04-2026,Loafers,2
16-04-2026,Maxi Dress,14
16-04-2026,Office Look,10
16-04-2026,Oversized Shirt,9
16-04-2026,Palazzo Pants,11
16-04-2026,Platform Sandal,6
16-04-2026,Pleated Pants,12
16-04-2026,Polo Shirt,31
16-04-2026,Running Shoes,6
16-04-2026,Sandal,12
16-04-2026,Sandal Anak,9
16-04-2026,Sepatu Formal,8
16-04-2026,Sepatu Sekolah,3
16-04-2026,Setelan Anak,21
16-04-2026,Shoulder Bag,6
16-04-2026,Skirt,9
16-04-2026,Slip Dress,17
16-04-2026,Sneakers,5
16-04-2026,Sneakers Anak,1
16-04-2026,Tas Ransel,7
16-04-2026,Tunic,5
16-04-2026,Vintage Top,12
16-04-2026,Wedges,5
17-04-2026,A-Line Dress,12
17-04-2026,Athleisure Set,7
17-04-2026,Blouse,9
17-04-2026,Bodycon Dress,24
17-04-2026,Boots,3
17-04-2026,Cardigan,10
17-04-2026,Casual Top,9
17-04-2026,Celana Anak,25
17-04-2026,Celana Chino,36
17-04-2026,Celana Formal,14
17-04-2026,Celana Jeans,15
17-04-2026,Chic Top,10
17-04-2026,Clutch,2
17-04-2026,Crop Shirt,14
17-04-2026,Culottes,11
17-04-2026,Dress Anak,20
17-04-2026,Flat Shoes,5
17-04-2026,Heels,12
17-04-2026,High-Waist Pants,17
17-04-2026,Hoodie,17
17-04-2026,Jaket,14
17-04-2026,Jogger Pants,19
17-04-2026,Kaos,18
17-04-2026,Kaos Anak,28
17-04-2026,Kaos Kaki,9
17-04-2026,Kemeja,21
17-04-2026,Kemeja Wanita,7
17-04-2026,Knit Top,18
17-04-2026,Koper Besar,1
17-04-2026,Koper Sedang,1
17-04-2026,Loafers,2
17-04-2026,Maxi Dress,9
17-04-2026,Office Look,12
17-04-2026,Oversized Shirt,10
17-04-2026,Palazzo Pants,5
17-04-2026,Platform Sandal,3
17-04-2026,Pleated Pants,7
17-04-2026,Polo Shirt,19
17-04-2026,Running Shoes,2
17-04-2026,Sandal,4
17-04-2026,Sandal Anak,2
17-04-2026,Sepatu Formal,3
17-04-2026,Sepatu Sekolah,7
17-04-2026,Setelan Anak,9
17-04-2026,Skirt,16
17-04-2026,Slip Dress,14
17-04-2026,Sneakers,7
17-04-2026,Sneakers Anak,2
17-04-2026,Tas Ransel,3
17-04-2026,Tas Selempang,1
17-04-2026,Totebag,2
17-04-2026,Tunic,13
17-04-2026,Vintage Top,5
17-04-2026,Wedges,5
18-04-2026,A-Line Dress,23
18-04-2026,Athleisure Set,14
18-04-2026,Blouse,8
18-04-2026,Bodycon Dress,18
18-04-2026,Boots,5
18-04-2026,Cardigan,24
18-04-2026,Casual Top,19
18-04-2026,Celana Anak,34
18-04-2026,Celana Chino,40
18-04-2026,Celana Formal,65
18-04-2026,Celana Jeans,47
18-04-2026,Chic Top,18
18-04-2026,Clutch,3
18-04-2026,Crop Shirt,14
18-04-2026,Culottes,21
18-04-2026,Dress Anak,29
18-04-2026,Flat Shoes,6
18-04-2026,Handbag,10
18-04-2026,Heels,26
18-04-2026,High-Waist Pants,19
18-04-2026,Hoodie,26
18-04-2026,Jaket,38
18-04-2026,Jogger Pants,29
18-04-2026,Kaos,31
18-04-2026,Kaos Anak,27
18-04-2026,Kaos Kaki,34
18-04-2026,Kemeja,40
18-04-2026,Kemeja Wanita,28
18-04-2026,Knit Top,24
18-04-2026,Koper Kecil,1
18-04-2026,Koper Sedang,1
18-04-2026,Loafers,5
18-04-2026,Maxi Dress,13
18-04-2026,Office Look,13
18-04-2026,Oversized Shirt,24
18-04-2026,Palazzo Pants,18
18-04-2026,Platform Sandal,4
18-04-2026,Pleated Pants,20
18-04-2026,Polo Shirt,17
18-04-2026,Running Shoes,9
18-04-2026,Sandal,3
18-04-2026,Sandal Anak,2
18-04-2026,Sepatu Formal,7
18-04-2026,Sepatu Sekolah,7
18-04-2026,Setelan Anak,43
18-04-2026,Shoulder Bag,3
18-04-2026,Skirt,32
18-04-2026,Slip Dress,25
18-04-2026,Sneakers,24
18-04-2026,Sneakers Anak,7
18-04-2026,Tas Ransel,5
18-04-2026,Totebag,7
18-04-2026,Tunic,15
18-04-2026,Vintage Top,14
18-04-2026,Wedges,4
19-04-2026,A-Line Dress,12
19-04-2026,Athleisure Set,21
19-04-2026,Blouse,16
19-04-2026,Bodycon Dress,7
19-04-2026,Boots,9
19-04-2026,Cardigan,18
19-04-2026,Casual Top,18
19-04-2026,Celana Anak,30
19-04-2026,Celana Chino,28
19-04-2026,Celana Formal,37
19-04-2026,Celana Jeans,32
19-04-2026,Chic Top,18
19-04-2026,Clutch,2
19-04-2026,Crop Shirt,13
19-04-2026,Culottes,6
19-04-2026,Dress Anak,34
19-04-2026,Flat Shoes,10
19-04-2026,Handbag,4
19-04-2026,Heels,18
19-04-2026,High-Waist Pants,15
19-04-2026,Hoodie,20
19-04-2026,Jaket,29
19-04-2026,Jogger Pants,32
19-04-2026,Kaos,26
19-04-2026,Kaos Anak,31
19-04-2026,Kaos Kaki,21
19-04-2026,Kemeja,34
19-04-2026,Kemeja Wanita,12
19-04-2026,Knit Top,18
19-04-2026,Koper Besar,1
19-04-2026,Koper Kecil,1
19-04-2026,Koper Sedang,1
19-04-2026,Loafers,4
19-04-2026,Maxi Dress,15
19-04-2026,Office Look,9
19-04-2026,Oversized Shirt,14
19-04-2026,Palazzo Pants,11
19-04-2026,Platform Sandal,5
19-04-2026,Pleated Pants,7
19-04-2026,Polo Shirt,28
19-04-2026,Running Shoes,3
19-04-2026,Sandal,4
19-04-2026,Sandal Anak,7
19-04-2026,Sepatu Formal,2
19-04-2026,Sepatu Sekolah,7
19-04-2026,Setelan Anak,26
19-04-2026,Shoulder Bag,12
19-04-2026,Skirt,15
19-04-2026,Slip Dress,12
19-04-2026,Sneakers,12
19-04-2026,Sneakers Anak,8
19-04-2026,Tas Ransel,1
19-04-2026,Tas Selempang,2
19-04-2026,Totebag,8
19-04-2026,Tunic,9
19-04-2026,Vintage Top,11
19-04-2026,Wedges,5
20-04-2026,A-Line Dress,20
20-04-2026,Athleisure Set,10
20-04-2026,Blouse,12
20-04-2026,Bodycon Dress,24
20-04-2026,Boots,10
20-04-2026,Cardigan,11
20-04-2026,Casual Top,18
20-04-2026,Celana Anak,21
20-04-2026,Celana Chino,34
20-04-2026,Celana Formal,25
20-04-2026,Celana Jeans,49
20-04-2026,Chic Top,9
20-04-2026,Clutch,7
20-04-2026,Crop Shirt,14
20-04-2026,Culottes,19
20-04-2026,Dress Anak,24
20-04-2026,Flat Shoes,3
20-04-2026,Handbag,2
20-04-2026,Heels,20
20-04-2026,High-Waist Pants,8
20-04-2026,Hoodie,27
20-04-2026,Jaket,29
20-04-2026,Jogger Pants,27
20-04-2026,Kaos,30
20-04-2026,Kaos Anak,16
20-04-2026,Kaos Kaki,20
20-04-2026,Kemeja,22
20-04-2026,Kemeja Wanita,14
20-04-2026,Knit Top,11
20-04-2026,Koper Besar,1
20-04-2026,Koper Sedang,1
20-04-2026,Loafers,11
20-04-2026,Maxi Dress,14
20-04-2026,Office Look,20
20-04-2026,Oversized Shirt,29
20-04-2026,Palazzo Pants,17
20-04-2026,Platform Sandal,9
20-04-2026,Pleated Pants,16
20-04-2026,Polo Shirt,18
20-04-2026,Running Shoes,7
20-04-2026,Sandal,9
20-04-2026,Sandal Anak,5
20-04-2026,Sepatu Formal,6
20-04-2026,Sepatu Sekolah,2
20-04-2026,Setelan Anak,24
20-04-2026,Shoulder Bag,2
20-04-2026,Skirt,19
20-04-2026,Slip Dress,18
20-04-2026,Sneakers,11
20-04-2026,Sneakers Anak,3
20-04-2026,Tas Ransel,4
20-04-2026,Tas Selempang,6
20-04-2026,Tunic,9
20-04-2026,Vintage Top,28
20-04-2026,Wedges,6
21-04-2026,A-Line Dress,10
21-04-2026,Athleisure Set,11
21-04-2026,Blouse,18
21-04-2026,Bodycon Dress,9
21-04-2026,Boots,6
21-04-2026,Cardigan,21
21-04-2026,Casual Top,17
21-04-2026,Celana Anak,23
21-04-2026,Celana Chino,28
21-04-2026,Celana Formal,35
21-04-2026,Celana Jeans,21
21-04-2026,Chic Top,18
21-04-2026,Clutch,6
21-04-2026,Crop Shirt,11
21-04-2026,Culottes,7
21-04-2026,Dress Anak,24
21-04-2026,Flat Shoes,6
21-04-2026,Handbag,4
21-04-2026,Heels,7
21-04-2026,High-Waist Pants,14
21-04-2026,Hoodie,33
21-04-2026,Jaket,21
21-04-2026,Jogger Pants,16
21-04-2026,Kaos,24
21-04-2026,Kaos Anak,14
21-04-2026,Kaos Kaki,13
21-04-2026,Kemeja,22
21-04-2026,Kemeja Wanita,11
21-04-2026,Knit Top,15
21-04-2026,Koper Besar,1
21-04-2026,Koper Sedang,2
21-04-2026,Loafers,5
21-04-2026,Maxi Dress,11
21-04-2026,Office Look,13
21-04-2026,Oversized Shirt,14
21-04-2026,Palazzo Pants,17
21-04-2026,Platform Sandal,7
21-04-2026,Pleated Pants,12
21-04-2026,Polo Shirt,16
21-04-2026,Running Shoes,5
21-04-2026,Sandal,5
21-04-2026,Sandal Anak,12
21-04-2026,Sepatu Formal,10
21-04-2026,Sepatu Sekolah,6
21-04-2026,Setelan Anak,21
21-04-2026,Shoulder Bag,4
21-04-2026,Skirt,16
21-04-2026,Slip Dress,11
21-04-2026,Sneakers,12
21-04-2026,Sneakers Anak,2
21-04-2026,Tas Selempang,2
21-04-2026,Totebag,3
21-04-2026,Tunic,12
21-04-2026,Vintage Top,8
21-04-2026,Wedges,6
22-04-2026,A-Line Dress,14
22-04-2026,Athleisure Set,8
22-04-2026,Blouse,15
22-04-2026,Bodycon Dress,18
22-04-2026,Boots,5
22-04-2026,Cardigan,10
22-04-2026,Casual Top,6
22-04-2026,Celana Anak,17
22-04-2026,Celana Chino,14
22-04-2026,Celana Formal,16
22-04-2026,Celana Jeans,26
22-04-2026,Chic Top,16
22-04-2026,Clutch,7
22-04-2026,Crop Shirt,19
22-04-2026,Culottes,7
22-04-2026,Dress Anak,26
22-04-2026,Flat Shoes,7
22-04-2026,Handbag,5
22-04-2026,Heels,16
22-04-2026,High-Waist Pants,14
22-04-2026,Hoodie,23
22-04-2026,Jaket,25
22-04-2026,Jogger Pants,9
22-04-2026,Kaos,29
22-04-2026,Kaos Anak,12
22-04-2026,Kaos Kaki,7
22-04-2026,Kemeja,17
22-04-2026,Kemeja Wanita,9
22-04-2026,Knit Top,13
22-04-2026,Koper Besar,1
22-04-2026,Loafers,2
22-04-2026,Maxi Dress,7
22-04-2026,Office Look,11
22-04-2026,Oversized Shirt,12
22-04-2026,Palazzo Pants,13
22-04-2026,Platform Sandal,6
22-04-2026,Pleated Pants,19
22-04-2026,Polo Shirt,15
22-04-2026,Running Shoes,4
22-04-2026,Sandal,13
22-04-2026,Sandal Anak,2
22-04-2026,Sepatu Formal,1
22-04-2026,Setelan Anak,21
22-04-2026,Shoulder Bag,4
22-04-2026,Skirt,15
22-04-2026,Slip Dress,7
22-04-2026,Sneakers Anak,8
22-04-2026,Tas Ransel,7
22-04-2026,Tas Selempang,3
22-04-2026,Totebag,6
22-04-2026,Tunic,6
22-04-2026,Vintage Top,9
22-04-2026,Wedges,9
23-04-2026,A-Line Dress,8
23-04-2026,Athleisure Set,9
23-04-2026,Blouse,10
23-04-2026,Bodycon Dress,5
23-04-2026,Boots,4
23-04-2026,Cardigan,11
23-04-2026,Casual Top,10
23-04-2026,Celana Anak,16
23-04-2026,Celana Chino,18
23-04-2026,Celana Formal,19
23-04-2026,Celana Jeans,17
23-04-2026,Chic Top,5
23-04-2026,Clutch,2
23-04-2026,Crop Shirt,7
23-04-2026,Culottes,8
23-04-2026,Dress Anak,17
23-04-2026,Flat Shoes,6
23-04-2026,Heels,8
23-04-2026,High-Waist Pants,7
23-04-2026,Hoodie,18
23-04-2026,Jaket,24
23-04-2026,Jogger Pants,29
23-04-2026,Kaos,8
23-04-2026,Kaos Anak,19
23-04-2026,Kaos Kaki,8
23-04-2026,Kemeja,17
23-04-2026,Kemeja Wanita,12
23-04-2026,Knit Top,4
23-04-2026,Koper Sedang,2
23-04-2026,Loafers,9
23-04-2026,Maxi Dress,7
23-04-2026,Office Look,9
23-04-2026,Oversized Shirt,12
23-04-2026,Palazzo Pants,20
23-04-2026,Platform Sandal,5
23-04-2026,Pleated Pants,5
23-04-2026,Polo Shirt,32
23-04-2026,Running Shoes,5
23-04-2026,Sandal,10
23-04-2026,Sandal Anak,6
23-04-2026,Sepatu Formal,4
23-04-2026,Sepatu Sekolah,3
23-04-2026,Setelan Anak,28
23-04-2026,Shoulder Bag,3
23-04-2026,Skirt,7
23-04-2026,Slip Dress,11
23-04-2026,Sneakers,3
23-04-2026,Sneakers Anak,6
23-04-2026,Tas Ransel,2
23-04-2026,Tas Selempang,3
23-04-2026,Totebag,2
23-04-2026,Tunic,16
23-04-2026,Vintage Top,7
23-04-2026,Wedges,7
24-04-2026,A-Line Dress,16
24-04-2026,Athleisure Set,5
24-04-2026,Blouse,8
24-04-2026,Bodycon Dress,2
24-04-2026,Boots,2
24-04-2026,Cardigan,14
24-04-2026,Casual Top,8
24-04-2026,Celana Anak,15
24-04-2026,Celana Chino,20
24-04-2026,Celana Formal,25
24-04-2026,Celana Jeans,18
24-04-2026,Chic Top,7
24-04-2026,Crop Shirt,4
24-04-2026,Culottes,7
24-04-2026,Dress Anak,16
24-04-2026,Flat Shoes,3
24-04-2026,Heels,7
24-04-2026,Hoodie,23
24-04-2026,Jaket,24
24-04-2026,Jogger Pants,16
24-04-2026,Kaos,17
24-04-2026,Kaos Anak,18
24-04-2026,Kaos Kaki,10
24-04-2026,Kemeja,15
24-04-2026,Kemeja Wanita,5
24-04-2026,Knit Top,1
24-04-2026,Koper Kecil,1
24-04-2026,Koper Sedang,1
24-04-2026,Loafers,6
24-04-2026,Maxi Dress,4
24-04-2026,Office Look,12
24-04-2026,Oversized Shirt,3
24-04-2026,Palazzo Pants,8
24-04-2026,Platform Sandal,3
24-04-2026,Pleated Pants,10
24-04-2026,Polo Shirt,10
24-04-2026,Running Shoes,8
24-04-2026,Sandal,5
24-04-2026,Sandal Anak,6
24-04-2026,Sepatu Formal,1
24-04-2026,Setelan Anak,7
24-04-2026,Skirt,9
24-04-2026,Slip Dress,7
24-04-2026,Sneakers,7
24-04-2026,Sneakers Anak,4
24-04-2026,Tas Ransel,3
24-04-2026,Tas Selempang,1
24-04-2026,Totebag,5
24-04-2026,Tunic,8
24-04-2026,Vintage Top,13
24-04-2026,Wedges,5
25-04-2026,A-Line Dress,8
25-04-2026,Athleisure Set,8
25-04-2026,Blouse,29
25-04-2026,Bodycon Dress,13
25-04-2026,Boots,3
25-04-2026,Cardigan,19
25-04-2026,Casual Top,17
25-04-2026,Celana Anak,20
25-04-2026,Celana Chino,33
25-04-2026,Celana Formal,37
25-04-2026,Celana Jeans,44
25-04-2026,Chic Top,17
25-04-2026,Clutch,8
25-04-2026,Crop Shirt,6
25-04-2026,Culottes,17
25-04-2026,Dress Anak,16
25-04-2026,Flat Shoes,8
25-04-2026,Heels,12
25-04-2026,High-Waist Pants,26
25-04-2026,Hoodie,29
25-04-2026,Jaket,27
25-04-2026,Jogger Pants,27
25-04-2026,Kaos,26
25-04-2026,Kaos Anak,26
25-04-2026,Kaos Kaki,13
25-04-2026,Kemeja,32
25-04-2026,Kemeja Wanita,13
25-04-2026,Knit Top,13
25-04-2026,Koper Sedang,1
25-04-2026,Loafers,4
25-04-2026,Maxi Dress,17
25-04-2026,Office Look,21
25-04-2026,Oversized Shirt,17
25-04-2026,Palazzo Pants,26
25-04-2026,Platform Sandal,7
25-04-2026,Pleated Pants,21
25-04-2026,Polo Shirt,38
25-04-2026,Running Shoes,6
25-04-2026,Sandal,5
25-04-2026,Sandal Anak,6
25-04-2026,Sepatu Formal,5
25-04-2026,Sepatu Sekolah,5
25-04-2026,Setelan Anak,23
25-04-2026,Shoulder Bag,5
25-04-2026,Skirt,32
25-04-2026,Slip Dress,18
25-04-2026,Sneakers,20
25-04-2026,Sneakers Anak,3
25-04-2026,Tas Ransel,7
25-04-2026,Tas Selempang,8
25-04-2026,Totebag,1
25-04-2026,Tunic,16
25-04-2026,Vintage Top,29
25-04-2026,Wedges,6
26-04-2026,A-Line Dress,7
26-04-2026,Athleisure Set,21
26-04-2026,Blouse,11
26-04-2026,Bodycon Dress,4
26-04-2026,Boots,7
26-04-2026,Cardigan,15
26-04-2026,Casual Top,20
26-04-2026,Celana Anak,32
26-04-2026,Celana Chino,33
26-04-2026,Celana Formal,42
26-04-2026,Celana Jeans,59
26-04-2026,Chic Top,13
26-04-2026,Clutch,2
26-04-2026,Crop Shirt,10
26-04-2026,Culottes,14
26-04-2026,Dress Anak,31
26-04-2026,Flat Shoes,6
26-04-2026,Handbag,6
26-04-2026,Heels,14
26-04-2026,High-Waist Pants,25
26-04-2026,Hoodie,25
26-04-2026,Jaket,29
26-04-2026,Jogger Pants,12
26-04-2026,Kaos,24
26-04-2026,Kaos Anak,26
26-04-2026,Kaos Kaki,16
26-04-2026,Kemeja,29
26-04-2026,Kemeja Wanita,9
26-04-2026,Knit Top,12
26-04-2026,Koper Sedang,3
26-04-2026,Loafers,3
26-04-2026,Maxi Dress,10
26-04-2026,Office Look,12
26-04-2026,Oversized Shirt,13
26-04-2026,Palazzo Pants,22
26-04-2026,Platform Sandal,8
26-04-2026,Pleated Pants,14
26-04-2026,Polo Shirt,18
26-04-2026,Running Shoes,4
26-04-2026,Sandal,8
26-04-2026,Sandal Anak,2
26-04-2026,Sepatu Formal,4
26-04-2026,Sepatu Sekolah,9
26-04-2026,Setelan Anak,30
26-04-2026,Skirt,27
26-04-2026,Slip Dress,10
26-04-2026,Sneakers,15
26-04-2026,Sneakers Anak,6
26-04-2026,Tas Ransel,8
26-04-2026,Tas Selempang,8
26-04-2026,Totebag,4
26-04-2026,Tunic,11
26-04-2026,Vintage Top,10
26-04-2026,Wedges,8
27-04-2026,A-Line Dress,14
27-04-2026,Athleisure Set,7
27-04-2026,Blouse,25
27-04-2026,Bodycon Dress,10
27-04-2026,Boots,7
27-04-2026,Cardigan,12
27-04-2026,Casual Top,13
27-04-2026,Celana Anak,33
27-04-2026,Celana Chino,17
27-04-2026,Celana Formal,35
27-04-2026,Celana Jeans,41
27-04-2026,Chic Top,9
27-04-2026,Clutch,5
27-04-2026,Crop Shirt,9
27-04-2026,Culottes,13
27-04-2026,Dress Anak,31
27-04-2026,Flat Shoes,10
27-04-2026,Handbag,5
27-04-2026,Heels,16
27-04-2026,High-Waist Pants,11
27-04-2026,Hoodie,27
27-04-2026,Jaket,27
27-04-2026,Jogger Pants,20
27-04-2026,Kaos,13
27-04-2026,Kaos Anak,20
27-04-2026,Kaos Kaki,6
27-04-2026,Kemeja,25
27-04-2026,Kemeja Wanita,6
27-04-2026,Knit Top,10
27-04-2026,Koper Sedang,2
27-04-2026,Loafers,5
27-04-2026,Maxi Dress,17
27-04-2026,Office Look,14
27-04-2026,Oversized Shirt,14
27-04-2026,Palazzo Pants,3
27-04-2026,Platform Sandal,4
27-04-2026,Pleated Pants,16
27-04-2026,Polo Shirt,23
27-04-2026,Running Shoes,5
27-04-2026,Sandal,2
27-04-2026,Sandal Anak,5
27-04-2026,Sepatu Formal,7
27-04-2026,Sepatu Sekolah,3
27-04-2026,Setelan Anak,16
27-04-2026,Shoulder Bag,6
27-04-2026,Skirt,19
27-04-2026,Slip Dress,6
27-04-2026,Sneakers,10
27-04-2026,Sneakers Anak,4
27-04-2026,Tas Ransel,5
27-04-2026,Tas Selempang,1
27-04-2026,Tunic,9
27-04-2026,Vintage Top,5
27-04-2026,Wedges,1
28-04-2026,A-Line Dress,5
28-04-2026,Athleisure Set,3
28-04-2026,Blouse,7
28-04-2026,Bodycon Dress,18
28-04-2026,Boots,2
28-04-2026,Cardigan,5
28-04-2026,Casual Top,3
28-04-2026,Celana Anak,14
28-04-2026,Celana Chino,15
28-04-2026,Celana Formal,18
28-04-2026,Celana Jeans,28
28-04-2026,Chic Top,10
28-04-2026,Clutch,1
28-04-2026,Crop Shirt,9
28-04-2026,Culottes,6
28-04-2026,Dress Anak,12
28-04-2026,Flat Shoes,5
28-04-2026,Handbag,2
28-04-2026,Heels,7
28-04-2026,High-Waist Pants,15
28-04-2026,Hoodie,9
28-04-2026,Jaket,11
28-04-2026,Jogger Pants,23
28-04-2026,Kaos,13
28-04-2026,Kaos Anak,7
28-04-2026,Kaos Kaki,7
28-04-2026,Kemeja,11
28-04-2026,Kemeja Wanita,6
28-04-2026,Knit Top,9
28-04-2026,Loafers,3
28-04-2026,Maxi Dress,9
28-04-2026,Office Look,4
28-04-2026,Oversized Shirt,10
28-04-2026,Palazzo Pants,16
28-04-2026,Platform Sandal,5
28-04-2026,Pleated Pants,13
28-04-2026,Polo Shirt,22
28-04-2026,Running Shoes,4
28-04-2026,Sandal,4
28-04-2026,Sepatu Formal,7
28-04-2026,Setelan Anak,18
28-04-2026,Shoulder Bag,2
28-04-2026,Skirt,10
28-04-2026,Slip Dress,8
28-04-2026,Sneakers,6
28-04-2026,Sneakers Anak,4
28-04-2026,Tas Ransel,1
28-04-2026,Totebag,3
28-04-2026,Tunic,10
28-04-2026,Vintage Top,7
28-04-2026,Wedges,4
29-04-2026,A-Line Dress,14
29-04-2026,Athleisure Set,22
29-04-2026,Blouse,6
29-04-2026,Bodycon Dress,16
29-04-2026,Boots,5
29-04-2026,Cardigan,16
29-04-2026,Casual Top,11
29-04-2026,Celana Anak,25
29-04-2026,Celana Chino,25
29-04-2026,Celana Formal,26
29-04-2026,Celana Jeans,39
29-04-2026,Chic Top,10
29-04-2026,Crop Shirt,11
29-04-2026,Culottes,4
29-04-2026,Dress Anak,23
29-04-2026,Flat Shoes,8
29-04-2026,Heels,5
29-04-2026,High-Waist Pants,10
29-04-2026,Hoodie,12
29-04-2026,Jaket,28
29-04-2026,Jogger Pants,25
29-04-2026,Kaos,25
29-04-2026,Kaos Anak,20
29-04-2026,Kaos Kaki,25
29-04-2026,Kemeja,14
29-04-2026,Kemeja Wanita,6
29-04-2026,Knit Top,12
29-04-2026,Koper Kecil,1
29-04-2026,Loafers,2
29-04-2026,Maxi Dress,14
29-04-2026,Office Look,6
29-04-2026,Oversized Shirt,4
29-04-2026,Palazzo Pants,5
29-04-2026,Platform Sandal,10
29-04-2026,Pleated Pants,15
29-04-2026,Polo Shirt,19
29-04-2026,Running Shoes,7
29-04-2026,Sandal,7
29-04-2026,Sandal Anak,3
29-04-2026,Sepatu Formal,1
29-04-2026,Sepatu Sekolah,6
29-04-2026,Setelan Anak,27
29-04-2026,Shoulder Bag,4
29-04-2026,Skirt,10
29-04-2026,Slip Dress,12
29-04-2026,Sneakers,23
29-04-2026,Sneakers Anak,5
29-04-2026,Tas Ransel,11
29-04-2026,Tas Selempang,3
29-04-2026,Totebag,8
29-04-2026,Tunic,11
29-04-2026,Vintage Top,7
29-04-2026,Wedges,8
30-04-2026,A-Line Dress,52
30-04-2026,Athleisure Set,56
30-04-2026,Blouse,81
30-04-2026,Bodycon Dress,47
30-04-2026,Boots,25
30-04-2026,Cardigan,65
30-04-2026,Casual Top,47
30-04-2026,Celana Anak,88
30-04-2026,Celana Chino,127
30-04-2026,Celana Formal,149
30-04-2026,Celana Jeans,165
30-04-2026,Chic Top,66
30-04-2026,Clutch,16
30-04-2026,Crop Shirt,59
30-04-2026,Culottes,62
30-04-2026,Dress Anak,92
30-04-2026,Flat Shoes,29
30-04-2026,Handbag,9
30-04-2026,Heels,49
30-04-2026,High-Waist Pants,74
30-04-2026,Hoodie,108
30-04-2026,Jaket,102
30-04-2026,Jogger Pants,121
30-04-2026,Kaos,118
30-04-2026,Kaos Anak,106
30-04-2026,Kaos Kaki,51
30-04-2026,Kemeja,119
30-04-2026,Kemeja Wanita,57
30-04-2026,Knit Top,34
30-04-2026,Koper Besar,4
30-04-2026,Koper Kecil,1
30-04-2026,Koper Sedang,3
30-04-2026,Loafers,16
30-04-2026,Maxi Dress,40
30-04-2026,Office Look,63
30-04-2026,Oversized Shirt,56
30-04-2026,Palazzo Pants,58
30-04-2026,Platform Sandal,29
30-04-2026,Pleated Pants,50
30-04-2026,Polo Shirt,109
30-04-2026,Running Shoes,26
30-04-2026,Sandal,34
30-04-2026,Sandal Anak,25
30-04-2026,Sepatu Formal,29
30-04-2026,Sepatu Sekolah,13
30-04-2026,Setelan Anak,126
30-04-2026,Shoulder Bag,13
30-04-2026,Skirt,64
30-04-2026,Slip Dress,49
30-04-2026,Sneakers,48
30-04-2026,Sneakers Anak,29
30-04-2026,Tas Ransel,15
30-04-2026,Tas Selempang,14
30-04-2026,Totebag,16
30-04-2026,Tunic,52
30-04-2026,Vintage Top,44
30-04-2026,Wedges,29
